model,threshold,precision,recall,f1
logreg_smote,0.000703465970712257,0.16156462585034015,1.0,0.2781844802342606
logreg_smote,0.0010027181553135685,0.16170212765957448,1.0,0.2783882783882784
logreg_smote,0.0013540676571151104,0.16183986371379896,1.0,0.2785923753665689
logreg_smote,0.0027039553727509556,0.16197783461210571,1.0,0.27879677182685253
logreg_smote,0.00331484910803775,0.1621160409556314,1.0,0.2790014684287812
logreg_smote,0.0033409641860915255,0.161400512382579,0.9947368421052631,0.2777369581190301
logreg_smote,0.0034451904096494705,0.16153846153846155,0.9947368421052631,0.27794117647058825
logreg_smote,0.003478394444199166,0.16167664670658682,0.9947368421052631,0.2781456953642384
logreg_smote,0.0036176182411397383,0.1618150684931507,0.9947368421052631,0.2783505154639175
logreg_smote,0.004517702975646087,0.16195372750642673,0.9947368421052631,0.27855563743551953
logreg_smote,0.005085172772309563,0.1620926243567753,0.9947368421052631,0.27876106194690264
logreg_smote,0.005100453721205877,0.16223175965665235,0.9947368421052631,0.2789667896678967
logreg_smote,0.005372695310196165,0.16237113402061856,0.9947368421052631,0.2791728212703102
logreg_smote,0.005957081040592431,0.16251074806534824,0.9947368421052631,0.2793791574279379
logreg_smote,0.006511557477352313,0.16265060240963855,0.9947368421052631,0.27958579881656803
logreg_smote,0.0066181826542363,0.16279069767441862,0.9947368421052631,0.27979274611398963
logreg_smote,0.007030655591205713,0.1629310344827586,0.9947368421052631,0.28
logreg_smote,0.007052473789922965,0.1630716134598792,0.9947368421052631,0.2802075611564122
logreg_smote,0.007718930154054311,0.16321243523316062,0.9947368421052631,0.28041543026706234
logreg_smote,0.007809795503097576,0.1633535004321521,0.9947368421052631,0.2806236080178174
logreg_smote,0.008079742743003266,0.16349480968858132,0.9947368421052631,0.28083209509658247
logreg_smote,0.008284878759335963,0.16363636363636364,0.9947368421052631,0.2810408921933086
logreg_smote,0.00846691686183481,0.1637781629116118,0.9947368421052631,0.28125
logreg_smote,0.008531357265655128,0.16392020815264527,0.9947368421052631,0.2814594192107223
logreg_smote,0.008685402489199438,0.1640625,0.9947368421052631,0.2816691505216095
logreg_smote,0.008687369639800623,0.16420503909643788,0.9947368421052631,0.2818791946308725
logreg_smote,0.008908969986208316,0.16434782608695653,0.9947368421052631,0.28208955223880594
logreg_smote,0.009558134496287722,0.16449086161879894,0.9947368421052631,0.28230022404779687
logreg_smote,0.009810879255320667,0.16463414634146342,0.9947368421052631,0.2825112107623319
logreg_smote,0.010033231295804152,0.16477768090671316,0.9947368421052631,0.2827225130890052
logreg_smote,0.010184470278798444,0.1649214659685864,0.9947368421052631,0.28293413173652693
logreg_smote,0.010917355253728635,0.16506550218340613,0.9947368421052631,0.28314606741573034
logreg_smote,0.011444856330420812,0.1652097902097902,0.9947368421052631,0.28335832083958024
logreg_smote,0.012064913631406039,0.16535433070866143,0.9947368421052631,0.2835708927231808
logreg_smote,0.012364228038384446,0.16549912434325745,0.9947368421052631,0.28378378378378377
logreg_smote,0.01257517041433554,0.1656441717791411,0.9947368421052631,0.28399699474079637
logreg_smote,0.013466783277004296,0.16578947368421051,0.9947368421052631,0.28421052631578947
logreg_smote,0.013515822941113368,0.16593503072870938,0.9947368421052631,0.28442437923250563
logreg_smote,0.013916484840866373,0.16608084358523725,0.9947368421052631,0.2846385542168675
logreg_smote,0.013925084795036884,0.1662269129287599,0.9947368421052631,0.28485305199698574
logreg_smote,0.014019002664450027,0.16637323943661972,0.9947368421052631,0.2850678733031674
logreg_smote,0.014484030534663317,0.16651982378854627,0.9947368421052631,0.28528301886792456
logreg_smote,0.014534363352930981,0.16666666666666666,0.9947368421052631,0.2854984894259818
logreg_smote,0.014849039884326539,0.16681376875551632,0.9947368421052631,0.28571428571428575
logreg_smote,0.015007581859177888,0.16696113074204946,0.9947368421052631,0.28593040847201207
logreg_smote,0.015341304205070764,0.16710875331564987,0.9947368421052631,0.2861468584405753
logreg_smote,0.015517220701201767,0.1672566371681416,0.9947368421052631,0.2863636363636364
logreg_smote,0.015704751451448666,0.16740478299379982,0.9947368421052631,0.28658074298711145
logreg_smote,0.015906993073574627,0.1675531914893617,0.9947368421052631,0.2867981790591806
logreg_smote,0.016132040508011408,0.16770186335403728,0.9947368421052631,0.2870159453302962
logreg_smote,0.016267401805721438,0.16785079928952043,0.9947368421052631,0.2872340425531915
logreg_smote,0.016565560647687837,0.168,0.9947368421052631,0.28745247148288977
logreg_smote,0.01674677748952178,0.16814946619217083,0.9947368421052631,0.28767123287671237
logreg_smote,0.01678135112199372,0.1682991985752449,0.9947368421052631,0.2878903274942879
logreg_smote,0.01718996035098879,0.16844919786096257,0.9947368421052631,0.288109756097561
logreg_smote,0.017271039924255962,0.16859946476360393,0.9947368421052631,0.28832951945080093
logreg_smote,0.01745933966299234,0.16875,0.9947368421052631,0.2885496183206107
logreg_smote,0.01807940349034264,0.16890080428954424,0.9947368421052631,0.2887700534759358
logreg_smote,0.018172603336083462,0.16905187835420393,0.9947368421052631,0.28899082568807344
logreg_smote,0.01853248090505958,0.1692032229185318,0.9947368421052631,0.28921193573068094
logreg_smote,0.018605643531217474,0.1693548387096774,0.9947368421052631,0.28943338437978555
logreg_smote,0.018633872712983713,0.16950672645739912,0.9947368421052631,0.2896551724137931
logreg_smote,0.018950735501469446,0.1696588868940754,0.9947368421052631,0.2898773006134969
logreg_smote,0.01928283878180932,0.16981132075471697,0.9947368421052631,0.29009976976208746
logreg_smote,0.019557255772709854,0.16996402877697842,0.9947368421052631,0.2903225806451613
logreg_smote,0.019703271449125644,0.1701170117011701,0.9947368421052631,0.29054573405073014
logreg_smote,0.01986481867988488,0.17027027027027028,0.9947368421052631,0.2907692307692308
logreg_smote,0.019925416346172214,0.1704238052299369,0.9947368421052631,0.29099307159353344
logreg_smote,0.020399527309302525,0.17057761732851986,0.9947368421052631,0.29121725731895226
logreg_smote,0.02126154585806685,0.17073170731707318,0.9947368421052631,0.2914417887432537
logreg_smote,0.02176690864234436,0.17088607594936708,0.9947368421052631,0.29166666666666663
logreg_smote,0.0218369271266603,0.17104072398190046,0.9947368421052631,0.2918918918918919
logreg_smote,0.021874684291674693,0.17119565217391305,0.9947368421052631,0.29211746522411125
logreg_smote,0.021925018566084725,0.17135086128739802,0.9947368421052631,0.2923433874709977
logreg_smote,0.022611279008302607,0.17150635208711434,0.9947368421052631,0.29256965944272445
logreg_smote,0.022639548017657118,0.17166212534059946,0.9947368421052631,0.2927962819519752
logreg_smote,0.022955570489170223,0.17181818181818181,0.9947368421052631,0.2930232558139535
logreg_smote,0.023652973523563083,0.17197452229299362,0.9947368421052631,0.2932505818463925
logreg_smote,0.023664409076010466,0.1721311475409836,0.9947368421052631,0.2934782608695652
logreg_smote,0.02382426591512796,0.1722880583409298,0.9947368421052631,0.2937062937062937
logreg_smote,0.02384260134316778,0.17244525547445255,0.9947368421052631,0.29393468118195953
logreg_smote,0.023847655460797694,0.17168949771689498,0.9894736842105263,0.2926070038910506
logreg_smote,0.023896441540939672,0.17184643510054845,0.9894736842105263,0.2928348909657321
logreg_smote,0.023936210035934845,0.17200365965233302,0.9894736842105263,0.2930631332813718
logreg_smote,0.02396706164748711,0.17216117216117216,0.9894736842105263,0.29329173166926675
logreg_smote,0.02424472451371999,0.17231897341888175,0.9894736842105263,0.2935206869633099
logreg_smote,0.024282741735923728,0.1724770642201835,0.9894736842105263,0.29374999999999996
logreg_smote,0.024372407898503215,0.17263544536271808,0.9894736842105263,0.29397967161845184
logreg_smote,0.024649413185865398,0.17279411764705882,0.9894736842105263,0.29420970266040686
logreg_smote,0.024684835561573124,0.17295308187672492,0.9894736842105263,0.29444009397024273
logreg_smote,0.02529935845064248,0.1731123388581952,0.9894736842105263,0.29467084639498436
logreg_smote,0.025384755030156598,0.17327188940092167,0.9894736842105263,0.2949019607843137
logreg_smote,0.025560382456432076,0.17343173431734318,0.9894736842105263,0.29513343799058084
logreg_smote,0.025856698798189404,0.17359187442289936,0.9894736842105263,0.2953652788688138
logreg_smote,0.026130368904845807,0.17375231053604437,0.9894736842105263,0.29559748427672955
logreg_smote,0.02613400260829505,0.17391304347826086,0.9894736842105263,0.2958300550747443
logreg_smote,0.026141755469995656,0.17407407407407408,0.9894736842105263,0.29606299212598425
logreg_smote,0.02626185130467082,0.1742354031510658,0.9894736842105263,0.29629629629629634
logreg_smote,0.026522225440139963,0.17439703153988867,0.9894736842105263,0.29652996845425866
logreg_smote,0.02671177302826787,0.1745589600742804,0.9894736842105263,0.2967640094711918
logreg_smote,0.026712915572036082,0.17472118959107807,0.9894736842105263,0.29699842022116907
logreg_smote,0.026900997579968198,0.17488372093023255,0.9894736842105263,0.2972332015810277
logreg_smote,0.026965628967833558,0.1750465549348231,0.9894736842105263,0.2974683544303798
logreg_smote,0.027004477711132818,0.17520969245107176,0.9894736842105263,0.2977038796516231
logreg_smote,0.027121086614292658,0.17537313432835822,0.9894736842105263,0.2979397781299525
logreg_smote,0.028434301666786357,0.17553688141923435,0.9894736842105263,0.2981760507533703
logreg_smote,0.028452387860959584,0.17570093457943925,0.9894736842105263,0.2984126984126984
logreg_smote,0.029448571474761983,0.17586529466791395,0.9894736842105263,0.29864972200158857
logreg_smote,0.02945399370083565,0.1760299625468165,0.9894736842105263,0.2988871224165342
logreg_smote,0.02976818355097964,0.17619493908153702,0.9894736842105263,0.2991249005568815
logreg_smote,0.029899286357596314,0.17636022514071295,0.9894736842105263,0.29936305732484075
logreg_smote,0.030390755259267283,0.17652582159624414,0.9894736842105263,0.299601593625498
logreg_smote,0.030748811387249143,0.17669172932330826,0.9894736842105263,0.29984051036682613
logreg_smote,0.031773771135129227,0.17685794920037629,0.9894736842105263,0.3000798084596967
logreg_smote,0.031815350887137626,0.17702448210922786,0.9894736842105263,0.30031948881789133
logreg_smote,0.0320432444969674,0.177191328934967,0.9894736842105263,0.3005595523581135
logreg_smote,0.03213555052581649,0.17735849056603772,0.9894736842105263,0.3008
logreg_smote,0.032308800600977884,0.17752596789423986,0.9894736842105263,0.30104083266613296
logreg_smote,0.03247114015584448,0.1776937618147448,0.9894736842105263,0.3012820512820513
logreg_smote,0.03260923791819573,0.17786187322611163,0.9894736842105263,0.301523656776263
logreg_smote,0.03269089264573925,0.17803030303030304,0.9894736842105263,0.30176565008025685
logreg_smote,0.032859218762169476,0.17725118483412322,0.9842105263157894,0.3004016064257028
logreg_smote,0.032864241754679446,0.1774193548387097,0.9842105263157894,0.30064308681672025
logreg_smote,0.03310210164694745,0.17758784425451093,0.9842105263157894,0.3008849557522124
logreg_smote,0.03324492643117893,0.17775665399239543,0.9842105263157894,0.30112721417069244
logreg_smote,0.034227938489820336,0.1779257849666984,0.9842105263157894,0.3013698630136986
logreg_smote,0.03480131026907067,0.17809523809523808,0.9842105263157894,0.3016129032258064
logreg_smote,0.035032527160157804,0.1782650142993327,0.9842105263157894,0.3018563357546408
logreg_smote,0.03537431521603626,0.1784351145038168,0.9842105263157894,0.30210016155088854
logreg_smote,0.03550306641525766,0.17860553963705827,0.9842105263157894,0.30234438156831045
logreg_smote,0.03567460621186741,0.17877629063097514,0.9842105263157894,0.302588996763754
logreg_smote,0.03582015161521223,0.17894736842105263,0.9842105263157894,0.30283400809716604
logreg_smote,0.035876776779651606,0.17911877394636017,0.9842105263157894,0.30307941653160453
logreg_smote,0.03603289790632116,0.17929050814956854,0.9842105263157894,0.3033252230332522
logreg_smote,0.036346659130245894,0.17946257197696738,0.9842105263157894,0.30357142857142855
logreg_smote,0.03668188419666744,0.17963496637848222,0.9842105263157894,0.30381803411860275
logreg_smote,0.03696092018692645,0.1798076923076923,0.9842105263157894,0.30406504065040646
logreg_smote,0.03708790674748349,0.17998075072184794,0.9842105263157894,0.3043124491456468
logreg_smote,0.03752817206889421,0.18015414258188825,0.9842105263157894,0.30456026058631924
logreg_smote,0.03818262437415328,0.18032786885245902,0.9842105263157894,0.30480847595762023
logreg_smote,0.03836322969203588,0.1805019305019305,0.9842105263157894,0.30505709624796085
logreg_smote,0.038600063352029375,0.18067632850241547,0.9842105263157894,0.3053061224489796
logreg_smote,0.03897720120104062,0.18085106382978725,0.9842105263157894,0.3055555555555556
logreg_smote,0.03947614699114622,0.18102613746369797,0.9842105263157894,0.3058053965658218
logreg_smote,0.03958370072208842,0.1812015503875969,0.9842105263157894,0.3060556464811784
logreg_smote,0.03968887050093784,0.1813773035887488,0.9842105263157894,0.30630630630630634
logreg_smote,0.04141311144268546,0.18155339805825244,0.9842105263157894,0.30655737704918035
logreg_smote,0.04232014752736779,0.18172983479105928,0.9842105263157894,0.30680885972108285
logreg_smote,0.042488843481506264,0.1819066147859922,0.9842105263157894,0.3070607553366174
logreg_smote,0.042543208912665234,0.18111002921129504,0.9789473684210527,0.30566967953985213
logreg_smote,0.042716959087484394,0.18031189083820662,0.9736842105263158,0.3042763157894737
logreg_smote,0.04288382779656785,0.18048780487804877,0.9736842105263158,0.3045267489711934
logreg_smote,0.043544144343321205,0.1806640625,0.9736842105263158,0.30477759472817134
logreg_smote,0.04397413976909361,0.1798631476050831,0.968421052631579,0.30338004946413855
logreg_smote,0.0440377804166359,0.18003913894324852,0.968421052631579,0.3036303630363036
logreg_smote,0.044053863468350364,0.1802154750244858,0.968421052631579,0.3038810900082576
logreg_smote,0.04410806439233914,0.1803921568627451,0.968421052631579,0.3041322314049587
logreg_smote,0.044275448835010243,0.18056918547595682,0.968421052631579,0.304383788254756
logreg_smote,0.046557153258715435,0.1807465618860511,0.968421052631579,0.304635761589404
logreg_smote,0.0480799163375292,0.18092428711897737,0.968421052631579,0.3048881524440762
logreg_smote,0.04818591796626277,0.18110236220472442,0.968421052631579,0.30514096185737977
logreg_smote,0.04894996990424355,0.1812807881773399,0.968421052631579,0.30539419087136926
logreg_smote,0.05001747859488165,0.1814595660749507,0.968421052631579,0.3056478405315615
logreg_smote,0.05037395527251797,0.18163869693978282,0.968421052631579,0.3059019118869493
logreg_smote,0.05087556238903182,0.18181818181818182,0.968421052631579,0.30615640599001664
logreg_smote,0.05205174830713312,0.18199802176063304,0.968421052631579,0.3064113238967527
logreg_smote,0.052815620754942096,0.18217821782178217,0.968421052631579,0.30666666666666664
logreg_smote,0.05376130791416159,0.1823587710604559,0.968421052631579,0.30692243536280234
logreg_smote,0.05382611618878829,0.18253968253968253,0.968421052631579,0.3071786310517529
logreg_smote,0.05418402519555609,0.182720953326713,0.968421052631579,0.30743525480367584
logreg_smote,0.05462132218076241,0.18290258449304175,0.968421052631579,0.3076923076923077
logreg_smote,0.05514667572597105,0.18308457711442785,0.968421052631579,0.3079497907949791
logreg_smote,0.05523804379973192,0.18326693227091634,0.968421052631579,0.3082077051926298
logreg_smote,0.05604638872527797,0.18344965104685942,0.968421052631579,0.308466051969824
logreg_smote,0.05617025699763968,0.18363273453093812,0.968421052631579,0.3087248322147651
logreg_smote,0.056251625015742046,0.1838161838161838,0.968421052631579,0.3089840470193115
logreg_smote,0.057148551188643364,0.184,0.968421052631579,0.3092436974789916
logreg_smote,0.05743320737089491,0.1841841841841842,0.968421052631579,0.30950378469301937
logreg_smote,0.05796290507835152,0.1843687374749499,0.968421052631579,0.30976430976430974
logreg_smote,0.05834188956846246,0.18455366098294884,0.968421052631579,0.3100252737994945
logreg_smote,0.058734807544843566,0.18473895582329317,0.968421052631579,0.3102866779089376
logreg_smote,0.058934877630055865,0.1849246231155779,0.968421052631579,0.3105485232067511
logreg_smote,0.05911346540375836,0.1851106639839034,0.968421052631579,0.3108108108108108
logreg_smote,0.059141623415804825,0.18529707955689828,0.968421052631579,0.3110735418427726
logreg_smote,0.05938983594322613,0.18548387096774194,0.968421052631579,0.311336717428088
logreg_smote,0.06029485845797864,0.1856710393541877,0.968421052631579,0.31160033869602033
logreg_smote,0.06085581042597853,0.18585858585858586,0.968421052631579,0.31186440677966104
logreg_smote,0.06170952910485093,0.18604651162790697,0.968421052631579,0.31212892281594573
logreg_smote,0.06211868820217698,0.1862348178137652,0.968421052631579,0.31239388794567063
logreg_smote,0.06224797248024969,0.18642350557244175,0.968421052631579,0.3126593033135089
logreg_smote,0.06247814113234404,0.18661257606490872,0.968421052631579,0.31292517006802717
logreg_smote,0.06272020590780236,0.18680203045685279,0.968421052631579,0.3131914893617021
logreg_smote,0.06420556381346994,0.18699186991869918,0.968421052631579,0.313458262350937
logreg_smote,0.0647766166293007,0.1871820956256358,0.968421052631579,0.3137254901960785
logreg_smote,0.06564749952426316,0.18737270875763748,0.968421052631579,0.31399317406143346
logreg_smote,0.06576966774577034,0.18654434250764526,0.9631578947368421,0.31255337318531173
logreg_smote,0.06607609937793271,0.186734693877551,0.9631578947368421,0.3128205128205128
logreg_smote,0.06679931033956973,0.18692543411644535,0.9631578947368421,0.31308810949529514
logreg_smote,0.06720146860831075,0.18711656441717792,0.9631578947368421,0.3133561643835617
logreg_smote,0.06786904311784023,0.18730808597748208,0.9631578947368421,0.313624678663239
logreg_smote,0.06836194803060637,0.1875,0.9631578947368421,0.313893653516295
logreg_smote,0.06836412993945545,0.18769230769230769,0.9631578947368421,0.3141630901287554
logreg_smote,0.06866081191971495,0.18788501026694046,0.9631578947368421,0.31443298969072164
logreg_smote,0.06900794286758337,0.1880781089414183,0.9631578947368421,0.31470335339638866
logreg_smote,0.06900991156370548,0.1882716049382716,0.9631578947368421,0.31497418244406195
logreg_smote,0.06940081606330294,0.18846549948506694,0.9631578947368421,0.3152454780361757
logreg_smote,0.06980085321541615,0.18865979381443299,0.9631578947368421,0.31551724137931036
logreg_smote,0.06980133425335353,0.18885448916408668,0.9631578947368421,0.31578947368421045
logreg_smote,0.0698263596242985,0.1890495867768595,0.9631578947368421,0.3160621761658031
logreg_smote,0.06985230692432057,0.1892450879007239,0.9631578947368421,0.3163353500432152
logreg_smote,0.0698915640536353,0.18944099378881987,0.9631578947368421,0.31660899653979235
logreg_smote,0.07015022064020017,0.18963730569948187,0.9631578947368421,0.3168831168831169
logreg_smote,0.0702781815741397,0.18983402489626555,0.9631578947368421,0.31715771230502604
logreg_smote,0.07072772271552284,0.19003115264797507,0.9631578947368421,0.3174327840416305
logreg_smote,0.07085224134031604,0.19022869022869024,0.9631578947368421,0.31770833333333337
logreg_smote,0.07196337976554114,0.19042663891779396,0.9631578947368421,0.317984361424848
logreg_smote,0.07303466617797492,0.190625,0.9631578947368421,0.31826086956521743
logreg_smote,0.07330444592584157,0.1908237747653806,0.9631578947368421,0.3185378590078329
logreg_smote,0.07355719064364798,0.19102296450939457,0.9631578947368421,0.318815331010453
logreg_smote,0.07357398116788666,0.19122257053291536,0.9631578947368421,0.31909328683522226
logreg_smote,0.07377840580044405,0.19142259414225943,0.9631578947368421,0.3193717277486911
logreg_smote,0.07424937269271252,0.19162303664921465,0.9631578947368421,0.31965065502183404
logreg_smote,0.07478189152682253,0.1918238993710692,0.9631578947368421,0.31993006993006995
logreg_smote,0.0751628048713877,0.19202518363064008,0.9631578947368421,0.32020997375328086
logreg_smote,0.07533072123533521,0.19222689075630253,0.9631578947368421,0.32049036777583184
logreg_smote,0.07546057877475713,0.19242902208201892,0.9631578947368421,0.32077125328659073
logreg_smote,0.07612549698592654,0.19263157894736843,0.9631578947368421,0.3210526315789474
logreg_smote,0.07681849799071176,0.1928345626975764,0.9631578947368421,0.32133450395083407
logreg_smote,0.07728610489090512,0.1930379746835443,0.9631578947368421,0.3216168717047452
logreg_smote,0.07738696285900971,0.1932418162618796,0.9631578947368421,0.32189973614775724
logreg_smote,0.07781437931525796,0.193446088794926,0.9631578947368421,0.3221830985915493
logreg_smote,0.07820986811076944,0.19365079365079366,0.9631578947368421,0.3224669603524229
logreg_smote,0.07841638088251368,0.19385593220338984,0.9631578947368421,0.3227513227513228
logreg_smote,0.0788039380680682,0.19406150583244963,0.9631578947368421,0.323036187113857
logreg_smote,0.07934652473784223,0.1942675159235669,0.9631578947368421,0.32332155477031804
logreg_smote,0.07974202639040608,0.1944739638682253,0.9631578947368421,0.32360742705570295
logreg_smote,0.07987262287638683,0.19361702127659575,0.9578947368421052,0.3221238938053098
logreg_smote,0.08033309151672269,0.19382321618743345,0.9578947368421052,0.3224092116917626
logreg_smote,0.08095879443674607,0.1929637526652452,0.9526315789473684,0.32092198581560283
logreg_smote,0.08135728750025184,0.19316969050160085,0.9526315789473684,0.321206743566992
logreg_smote,0.08201640529252296,0.19337606837606838,0.9526315789473684,0.3214920071047957
logreg_smote,0.08202678903800317,0.19358288770053475,0.9526315789473684,0.3217777777777778
logreg_smote,0.08227744522621798,0.1937901498929336,0.9526315789473684,0.32206405693950174
logreg_smote,0.08254371188017398,0.1939978563772776,0.9526315789473684,0.3223508459483526
logreg_smote,0.08290985887929248,0.19313304721030042,0.9473684210526315,0.320855614973262
logreg_smote,0.0833850646761758,0.1933404940923738,0.9473684210526315,0.32114183764495985
logreg_smote,0.08366407043481432,0.1935483870967742,0.9473684210526315,0.32142857142857145
logreg_smote,0.08491701781914064,0.193756727664155,0.9473684210526315,0.32171581769436997
logreg_smote,0.08532246550314879,0.1939655172413793,0.9473684210526315,0.3220035778175313
logreg_smote,0.08554365248482902,0.1941747572815534,0.9473684210526315,0.32229185317815573
logreg_smote,0.08588611165140207,0.19438444924406048,0.9473684210526315,0.3225806451612903
logreg_smote,0.08612914464718438,0.1945945945945946,0.9473684210526315,0.32286995515695066
logreg_smote,0.08636429327195042,0.19480519480519481,0.9473684210526315,0.32315978456014366
logreg_smote,0.08637433779160615,0.19501625135427952,0.9473684210526315,0.32345013477088946
logreg_smote,0.08767585501986551,0.19522776572668113,0.9473684210526315,0.3237410071942446
logreg_smote,0.08903824212788597,0.19435396308360478,0.9421052631578948,0.32223222322232226
logreg_smote,0.08933832517077608,0.19456521739130433,0.9421052631578948,0.3225225225225225
logreg_smote,0.08964139422033798,0.19477693144722524,0.9421052631578948,0.32281334535617673
logreg_smote,0.09021549770440718,0.19498910675381265,0.9421052631578948,0.32310469314079426
logreg_smote,0.0907003228539357,0.19520174482006544,0.9421052631578948,0.32339656729900634
logreg_smote,0.09093520670467498,0.19541484716157206,0.9421052631578948,0.32368896925858953
logreg_smote,0.09104838393289491,0.19562841530054645,0.9421052631578948,0.3239819004524887
logreg_smote,0.09167416357467587,0.19584245076586435,0.9421052631578948,0.32427536231884063
logreg_smote,0.09169274909998869,0.19605695509309967,0.9421052631578948,0.32456935630099726
logreg_smote,0.09249714719263957,0.1962719298245614,0.9421052631578948,0.3248638838475499
logreg_smote,0.09257818712071376,0.1964873765093304,0.9421052631578948,0.32515894641235243
logreg_smote,0.09307078457106518,0.1967032967032967,0.9421052631578948,0.32545454545454544
logreg_smote,0.09323066136389638,0.19691969196919692,0.9421052631578948,0.3257506824385806
logreg_smote,0.09358590686961883,0.197136563876652,0.9421052631578948,0.32604735883424407
logreg_smote,0.09358800334190383,0.19735391400220506,0.9421052631578948,0.32634457611668183
logreg_smote,0.09383770679727003,0.19757174392935983,0.9421052631578948,0.3266423357664234
logreg_smote,0.09612048710777295,0.19779005524861878,0.9421052631578948,0.3269406392694064
logreg_smote,0.0962713871646203,0.19800884955752213,0.9421052631578948,0.3272394881170019
logreg_smote,0.09652119667578557,0.1982281284606866,0.9421052631578948,0.32753888380603846
logreg_smote,0.09665716677834837,0.1984478935698448,0.9421052631578948,0.32783882783882784
logreg_smote,0.09784569831076702,0.19866814650388456,0.9421052631578948,0.3281393217231897
logreg_smote,0.09802737898165755,0.1988888888888889,0.9421052631578948,0.3284403669724771
logreg_smote,0.09837609027822851,0.19911012235817574,0.9421052631578948,0.32874196510560144
logreg_smote,0.0989116874601163,0.19933184855233854,0.9421052631578948,0.3290441176470589
logreg_smote,0.09896982993907293,0.1995540691192865,0.9421052631578948,0.3293468261269549
logreg_smote,0.09907609198556452,0.19977678571428573,0.9421052631578948,0.3296500920810313
logreg_smote,0.09912640289733117,0.2,0.9421052631578948,0.32995391705069127
logreg_smote,0.09913045676625754,0.20022371364653244,0.9421052631578948,0.33025830258302585
logreg_smote,0.09920132724722484,0.20044792833146696,0.9421052631578948,0.33056325023084027
logreg_smote,0.09958775542219812,0.19955156950672645,0.9368421052631579,0.32902033271719033
logreg_smote,0.10008400612339355,0.19977553310886645,0.9368421052631579,0.32932469935245146
logreg_smote,0.10204967530978942,0.2,0.9368421052631579,0.32962962962962966
logreg_smote,0.10243958599529922,0.20022497187851518,0.9368421052631579,0.329935125115848
logreg_smote,0.10266639715201477,0.20045045045045046,0.9368421052631579,0.3302411873840445
logreg_smote,0.10306578490265618,0.20067643742953778,0.9368421052631579,0.3305478180129991
logreg_smote,0.10342357902473019,0.20090293453724606,0.9368421052631579,0.33085501858736055
logreg_smote,0.10392101138678819,0.20112994350282487,0.9368421052631579,0.3311627906976744
logreg_smote,0.10409477098820095,0.2002262443438914,0.9315789473684211,0.3296089385474861
logreg_smote,0.1047614122758032,0.20045300113250283,0.9315789473684211,0.3299161230195713
logreg_smote,0.10560890413264264,0.20068027210884354,0.9315789473684211,0.3302238805970149
logreg_smote,0.10619607493198542,0.20090805902383654,0.9315789473684211,0.330532212885154
logreg_smote,0.10650684790395906,0.20113636363636364,0.9315789473684211,0.33084112149532713
logreg_smote,0.10687473599276015,0.20136518771331058,0.9315789473684211,0.33115060804490176
logreg_smote,0.10780678905512675,0.20159453302961275,0.9315789473684211,0.3314606741573034
logreg_smote,0.10817521050913799,0.20182440136830102,0.9315789473684211,0.3317713214620431
logreg_smote,0.10826190323643557,0.2009132420091324,0.9263157894736842,0.3302063789868668
logreg_smote,0.10826831750429548,0.20114285714285715,0.9263157894736842,0.33051643192488267
logreg_smote,0.10839699413136307,0.20137299771167047,0.9263157894736842,0.3308270676691729
logreg_smote,0.10955596308006654,0.2016036655211913,0.9263157894736842,0.33113828786453436
logreg_smote,0.11181339710615237,0.2018348623853211,0.9263157894736842,0.33145009416195864
logreg_smote,0.11188223805250982,0.2020665901262916,0.9263157894736842,0.3317624882186616
logreg_smote,0.11271107451336071,0.20229885057471264,0.9263157894736842,0.33207547169811324
logreg_smote,0.11280310488974761,0.20253164556962025,0.9263157894736842,0.3323890462700661
logreg_smote,0.11402445427271413,0.20276497695852536,0.9263157894736842,0.332703213610586
logreg_smote,0.11480126250698577,0.2029988465974625,0.9263157894736842,0.33301797540208133
logreg_smote,0.11490744566505935,0.20323325635103925,0.9263157894736842,0.3333333333333333
logreg_smote,0.11559365573229165,0.20346820809248556,0.9263157894736842,0.333649289099526
logreg_smote,0.11585280191304634,0.2037037037037037,0.9263157894736842,0.33396584440227706
logreg_smote,0.11688737779011257,0.20393974507531865,0.9263157894736842,0.33428300094966756
logreg_smote,0.116938716936294,0.20417633410672853,0.9263157894736842,0.3346007604562737
logreg_smote,0.11787097161706045,0.2032520325203252,0.9210526315789473,0.33301617507136066
logreg_smote,0.11922336832687233,0.20348837209302326,0.9210526315789473,0.3333333333333333
logreg_smote,0.11967021352367983,0.20372526193247964,0.9210526315789473,0.3336510962821735
logreg_smote,0.1198770346908304,0.20396270396270397,0.9210526315789473,0.333969465648855
logreg_smote,0.12070618063265566,0.20420070011668612,0.9210526315789473,0.3342884431709647
logreg_smote,0.12254569767876564,0.2044392523364486,0.9210526315789473,0.33460803059273425
logreg_smote,0.12255999979207897,0.20350877192982456,0.9157894736842105,0.33301435406698565
logreg_smote,0.12299514383641343,0.20374707259953162,0.9157894736842105,0.3333333333333333
logreg_smote,0.12416512376861084,0.20398593200468934,0.9157894736842105,0.33365292425695114
logreg_smote,0.12536535559234852,0.20422535211267606,0.9157894736842105,0.33397312859884837
logreg_smote,0.12571374636283922,0.2044653349001175,0.9157894736842105,0.33429394812680113
logreg_smote,0.1259370702018989,0.20470588235294118,0.9157894736842105,0.3346153846153846
logreg_smote,0.12617286918433301,0.2037691401648999,0.9105263157894737,0.3330125120307989
logreg_smote,0.12637023188778845,0.20400943396226415,0.9105263157894737,0.33333333333333337
logreg_smote,0.1263975620314884,0.20425029515938606,0.9105263157894737,0.33365477338476374
logreg_smote,0.12764232295796224,0.2044917257683215,0.9105263157894737,0.333976833976834
logreg_smote,0.1282402293282473,0.20473372781065088,0.9105263157894737,0.3342995169082126
logreg_smote,0.12835495240933728,0.20497630331753555,0.9105263157894737,0.33462282398452614
logreg_smote,0.12925277374301833,0.20521945432977462,0.9105263157894737,0.33494675701839305
logreg_smote,0.12931546708117525,0.20546318289786222,0.9105263157894737,0.33527131782945735
logreg_smote,0.13000327164737444,0.2057074910820452,0.9105263157894737,0.3355965082444229
logreg_smote,0.13076462515219964,0.20595238095238094,0.9105263157894737,0.33592233009708733
logreg_smote,0.13082643496535995,0.2061978545887962,0.9105263157894737,0.3362487852283771
logreg_smote,0.1313145836749951,0.2064439140811456,0.9105263157894737,0.33657587548638135
logreg_smote,0.13183626901159115,0.2066905615292712,0.9105263157894737,0.33690360272638753
logreg_smote,0.13224794930041997,0.2069377990430622,0.9105263157894737,0.3372319688109162
logreg_smote,0.13294459060656275,0.20718562874251498,0.9105263157894737,0.3375609756097561
logreg_smote,0.13306238493105074,0.20743405275779375,0.9105263157894737,0.337890625
logreg_smote,0.1331545309237276,0.20768307322929172,0.9105263157894737,0.3382209188660802
logreg_smote,0.1338809139225457,0.20793269230769232,0.9105263157894737,0.3385518590998043
logreg_smote,0.1340824522638932,0.20818291215403129,0.9105263157894737,0.3388834476003918
logreg_smote,0.13419554509018286,0.20843373493975903,0.9105263157894737,0.3392156862745098
logreg_smote,0.1346271595748256,0.20868516284680338,0.9105263157894737,0.3395485770363101
logreg_smote,0.13512349526711767,0.20893719806763286,0.9105263157894737,0.33988212180746563
logreg_smote,0.13558669928403821,0.20918984280532044,0.9105263157894737,0.3402163225172075
logreg_smote,0.13585349565334545,0.20944309927360774,0.9105263157894737,0.3405511811023622
logreg_smote,0.13637361795683142,0.2096969696969697,0.9105263157894737,0.3408866995073892
logreg_smote,0.1374226227248151,0.2099514563106796,0.9105263157894737,0.3412228796844181
logreg_smote,0.13779611338873018,0.21020656136087484,0.9105263157894737,0.34155972359328723
logreg_smote,0.1380269369619677,0.21046228710462286,0.9105263157894737,0.34189723320158105
logreg_smote,0.1380516245663327,0.2095006090133983,0.9052631578947369,0.3402571711177052
logreg_smote,0.13844781125502245,0.2097560975609756,0.9052631578947369,0.34059405940594056
logreg_smote,0.13873100908508423,0.21001221001221002,0.9052631578947369,0.3409316154608523
logreg_smote,0.13976776776248287,0.21026894865525672,0.9052631578947369,0.3412698412698412
logreg_smote,0.14093806916078594,0.21052631578947367,0.9052631578947369,0.34160873882820264
logreg_smote,0.14108833954992375,0.2107843137254902,0.9052631578947369,0.341948310139165
logreg_smote,0.14146801537391626,0.21104294478527608,0.9052631578947369,0.3422885572139303
logreg_smote,0.14221233777378348,0.2113022113022113,0.9052631578947369,0.3426294820717132
logreg_smote,0.1427045704518218,0.2115621156211562,0.9052631578947369,0.34297108673978066
logreg_smote,0.14379241114402302,0.21182266009852216,0.9052631578947369,0.343313373253493
logreg_smote,0.14394029168265768,0.2120838471023428,0.9052631578947369,0.3436563436563437
logreg_smote,0.14416290222511,0.2123456790123457,0.9052631578947369,0.34400000000000003
logreg_smote,0.1457437444234553,0.2126081582200247,0.9052631578947369,0.34434434434434436
logreg_smote,0.1471572781094802,0.21287128712871287,0.9052631578947369,0.344689378757515
logreg_smote,0.14720880135914163,0.21313506815365552,0.9052631578947369,0.34503510531594783
logreg_smote,0.14888981196439313,0.21339950372208435,0.9052631578947369,0.3453815261044177
logreg_smote,0.1492595878460186,0.21366459627329193,0.9052631578947369,0.34572864321608043
logreg_smote,0.1501411195963471,0.21393034825870647,0.9052631578947369,0.34607645875251514
logreg_smote,0.1505266658501273,0.21419676214196762,0.9052631578947369,0.34642497482376633
logreg_smote,0.15113775635022297,0.21321695760598502,0.9,0.34475806451612895
logreg_smote,0.15131159583008452,0.21348314606741572,0.9,0.34510595358224017
logreg_smote,0.15241456285070867,0.21375,0.9,0.34545454545454546
logreg_smote,0.153017199673364,0.21401752190237797,0.9,0.34580384226491406
logreg_smote,0.1530804009144943,0.21428571428571427,0.9,0.3461538461538461
logreg_smote,0.15500973863677395,0.21455457967377667,0.9,0.34650455927051677
logreg_smote,0.1553245386181672,0.21482412060301506,0.9,0.34685598377281945
logreg_smote,0.15646878404930356,0.21509433962264152,0.9,0.3472081218274112
logreg_smote,0.15650303797319406,0.21536523929471033,0.9,0.3475609756097561
logreg_smote,0.15947733875925624,0.21563682219419925,0.9,0.34791454730417093
logreg_smote,0.15972771005944156,0.2159090909090909,0.9,0.3482688391038697
logreg_smote,0.16103636440255317,0.21618204804045513,0.9,0.3486238532110092
logreg_smote,0.16174458219485943,0.21645569620253163,0.9,0.3489795918367347
logreg_smote,0.16338749566616814,0.21673003802281368,0.9,0.3493360572012257
logreg_smote,0.16342076404543712,0.217005076142132,0.9,0.34969325153374237
logreg_smote,0.1635255570836131,0.21728081321473952,0.9,0.35005117707267147
logreg_smote,0.1648206576054978,0.21755725190839695,0.9,0.3504098360655738
logreg_smote,0.16545054245173788,0.2178343949044586,0.9,0.3507692307692307
logreg_smote,0.16612912558546505,0.2181122448979592,0.9,0.351129363449692
logreg_smote,0.1661785836883535,0.21839080459770116,0.9,0.35149023638232274
logreg_smote,0.16766682407746786,0.2186700767263427,0.9,0.35185185185185186
logreg_smote,0.16933251384601505,0.21895006402048656,0.9,0.3522142121524202
logreg_smote,0.17018025563367803,0.21923076923076923,0.9,0.3525773195876289
logreg_smote,0.17059006950962424,0.21951219512195122,0.9,0.3529411764705882
logreg_smote,0.17074728609913217,0.21979434447300772,0.9,0.353305785123967
logreg_smote,0.1712703593036451,0.22007722007722008,0.9,0.35367114788004134
logreg_smote,0.17332931313103792,0.22036082474226804,0.9,0.35403726708074534
logreg_smote,0.1737265699111683,0.22064516129032258,0.9,0.3544041450777202
logreg_smote,0.17402401082438915,0.22093023255813954,0.9,0.35477178423236516
logreg_smote,0.1747793197671538,0.22121604139715395,0.9,0.3551401869158879
logreg_smote,0.1748695692101635,0.22150259067357514,0.9,0.35550935550935553
logreg_smote,0.17507762809139263,0.22178988326848248,0.9,0.35587929240374605
logreg_smote,0.17544821451200834,0.22207792207792207,0.9,0.35625
logreg_smote,0.17569901274613642,0.2223667100130039,0.9,0.35662148070907196
logreg_smote,0.17585921538206137,0.22265625,0.9,0.35699373695198333
logreg_smote,0.17586084097161214,0.22294654498044328,0.9,0.35736677115987464
logreg_smote,0.17605360118028923,0.22323759791122716,0.9,0.35774058577405854
logreg_smote,0.17700168018352483,0.2235294117647059,0.9,0.35811518324607333
logreg_smote,0.17732331316028682,0.2238219895287958,0.9,0.3584905660377359
logreg_smote,0.17986241151966997,0.22280471821756226,0.8947368421052632,0.3567681007345226
logreg_smote,0.18012485851067478,0.2230971128608924,0.8947368421052632,0.35714285714285715
logreg_smote,0.18106151707922197,0.2233902759526938,0.8947368421052632,0.35751840168243953
logreg_smote,0.18127369097554544,0.2236842105263158,0.8947368421052632,0.35789473684210527
logreg_smote,0.1815960865111987,0.22397891963109354,0.8947368421052632,0.3582718651211802
logreg_smote,0.18162875065418674,0.22427440633245382,0.8947368421052632,0.3586497890295358
logreg_smote,0.18164803244211294,0.22457067371202113,0.8947368421052632,0.3590285110876452
logreg_smote,0.18197746102725212,0.22486772486772486,0.8947368421052632,0.3594080338266385
logreg_smote,0.1828275526844538,0.2251655629139073,0.8947368421052632,0.3597883597883598
logreg_smote,0.1829233911264147,0.22546419098143236,0.8947368421052632,0.3601694915254237
logreg_smote,0.18304678975237326,0.22576361221779548,0.8947368421052632,0.36055143160127257
logreg_smote,0.1830848255960783,0.22606382978723405,0.8947368421052632,0.3609341825902336
logreg_smote,0.1834141067061581,0.22636484687083888,0.8947368421052632,0.361317747077577
logreg_smote,0.18379475494130829,0.22666666666666666,0.8947368421052632,0.36170212765957444
logreg_smote,0.18465258792152067,0.22696929238985314,0.8947368421052632,0.362087326943557
logreg_smote,0.18489289930655378,0.22727272727272727,0.8947368421052632,0.36247334754797444
logreg_smote,0.18527907919025668,0.22757697456492637,0.8947368421052632,0.3628601921024546
logreg_smote,0.18702888946199772,0.22788203753351208,0.8947368421052632,0.3632478632478633
logreg_smote,0.18739496699856265,0.22818791946308725,0.8947368421052632,0.3636363636363636
logreg_smote,0.18776590755131545,0.22849462365591397,0.8947368421052632,0.36402569593147754
logreg_smote,0.18792060047114723,0.2288021534320323,0.8947368421052632,0.36441586280814575
logreg_smote,0.19076444468228143,0.22911051212938005,0.8947368421052632,0.36480686695278974
logreg_smote,0.19222682334914482,0.22941970310391363,0.8947368421052632,0.3651987110633727
logreg_smote,0.19280298277072844,0.22972972972972974,0.8947368421052632,0.36559139784946243
logreg_smote,0.19485058512426137,0.23004059539918809,0.8947368421052632,0.36598493003229277
logreg_smote,0.19561275268771042,0.23035230352303523,0.8947368421052632,0.3663793103448276
logreg_smote,0.19570306883375202,0.23066485753052918,0.8947368421052632,0.3667745415318231
logreg_smote,0.195827891163823,0.2296195652173913,0.8894736842105263,0.36501079913606915
logreg_smote,0.19591562825431125,0.22993197278911565,0.8894736842105263,0.3654054054054054
logreg_smote,0.196141001211229,0.22888283378746593,0.8842105263157894,0.36363636363636365
logreg_smote,0.19767405526485615,0.2291950886766712,0.8842105263157894,0.3640303358613217
logreg_smote,0.19857406541418662,0.22950819672131148,0.8842105263157894,0.3644251626898048
logreg_smote,0.19916443313845247,0.22982216142270862,0.8842105263157894,0.36482084690553745
logreg_smote,0.19977105356133026,0.23013698630136986,0.8842105263157894,0.36521739130434777
logreg_smote,0.20052291057813548,0.23045267489711935,0.8842105263157894,0.3656147986942329
logreg_smote,0.20063123916710435,0.23076923076923078,0.8842105263157894,0.36601307189542487
logreg_smote,0.2018302826922689,0.2310866574965612,0.8842105263157894,0.366412213740458
logreg_smote,0.20256718623316786,0.23140495867768596,0.8842105263157894,0.3668122270742358
logreg_smote,0.20259725321879818,0.2317241379310345,0.8842105263157894,0.3672131147540984
logreg_smote,0.20433815365924551,0.23204419889502761,0.8842105263157894,0.3676148796498906
logreg_smote,0.20543977445015368,0.23236514522821577,0.8842105263157894,0.3680175246440307
logreg_smote,0.20576749107868375,0.23268698060941828,0.8842105263157894,0.3684210526315789
logreg_smote,0.20581363666909278,0.23300970873786409,0.8842105263157894,0.3688254665203074
logreg_smote,0.20685426976683713,0.23333333333333334,0.8842105263157894,0.36923076923076925
logreg_smote,0.2072572076370464,0.2336578581363004,0.8842105263157894,0.36963696369636967
logreg_smote,0.2089449191508996,0.233983286908078,0.8842105263157894,0.3700440528634361
logreg_smote,0.20948683338987267,0.23430962343096234,0.8842105263157894,0.3704520396912899
logreg_smote,0.21029237595593683,0.2346368715083799,0.8842105263157894,0.3708609271523179
logreg_smote,0.21044085379075525,0.23356643356643356,0.8789473684210526,0.36906077348066296
logreg_smote,0.2106238514503612,0.2338935574229692,0.8789473684210526,0.3694690265486726
logreg_smote,0.21074309699766977,0.23422159887798036,0.8789473684210526,0.36987818383167215
logreg_smote,0.2122318879048332,0.2345505617977528,0.8789473684210526,0.37028824833702884
logreg_smote,0.21247099954007784,0.2348804500703235,0.8789473684210526,0.37069922308546055
logreg_smote,0.2126116182192945,0.2352112676056338,0.8789473684210526,0.37111111111111106
logreg_smote,0.2129514181862266,0.23554301833568406,0.8789473684210526,0.37152391546162405
logreg_smote,0.213436948383451,0.23587570621468926,0.8789473684210526,0.3719376391982182
logreg_smote,0.2134400442292004,0.2362093352192362,0.8789473684210526,0.37235228539576365
logreg_smote,0.2135748025029366,0.23654390934844194,0.8789473684210526,0.37276785714285715
logreg_smote,0.2138386262423563,0.23687943262411348,0.8789473684210526,0.3731843575418995
logreg_smote,0.21551146691453826,0.2372159090909091,0.8789473684210526,0.3736017897091723
logreg_smote,0.21560422936100784,0.2375533428165007,0.8789473684210526,0.374020156774916
logreg_smote,0.21596332388569012,0.2378917378917379,0.8789473684210526,0.37443946188340804
logreg_smote,0.21608325071243947,0.23823109843081314,0.8789473684210526,0.37485970819304154
logreg_smote,0.21655657067732445,0.23714285714285716,0.8736842105263158,0.3730337078651686
logreg_smote,0.21677216601164073,0.2374821173104435,0.8736842105263158,0.3734533183352081
logreg_smote,0.2171634841121335,0.23782234957020057,0.8736842105263158,0.3738738738738739
logreg_smote,0.219257942708835,0.2381635581061693,0.8736842105263158,0.3742953776775648
logreg_smote,0.21995899882467312,0.23850574712643677,0.8736842105263158,0.37471783295711064
logreg_smote,0.2203836086141352,0.23884892086330936,0.8736842105263158,0.3751412429378531
logreg_smote,0.2214455293548557,0.23919308357348704,0.8736842105263158,0.3755656108597285
logreg_smote,0.22186378890118946,0.23953823953823955,0.8736842105263158,0.37599093997734995
logreg_smote,0.2224401353625819,0.2398843930635838,0.8736842105263158,0.37641723356009066
logreg_smote,0.22255852855192848,0.2402315484804631,0.8736842105263158,0.37684449489216804
logreg_smote,0.22299898278230193,0.2391304347826087,0.868421052631579,0.37500000000000006
logreg_smote,0.22406513221674265,0.23947750362844702,0.868421052631579,0.37542662116040953
logreg_smote,0.22408206874920594,0.23982558139534885,0.868421052631579,0.37585421412300685
logreg_smote,0.225015738584386,0.24017467248908297,0.868421052631579,0.37628278221208666
logreg_smote,0.22852596145678297,0.24052478134110788,0.868421052631579,0.37671232876712335
logreg_smote,0.2288586226099926,0.24087591240875914,0.868421052631579,0.37714285714285717
logreg_smote,0.22956435272595688,0.2412280701754386,0.868421052631579,0.37757437070938216
logreg_smote,0.23019991255017602,0.24158125915080528,0.868421052631579,0.37800687285223367
logreg_smote,0.23029329613169774,0.24193548387096775,0.868421052631579,0.37844036697247707
logreg_smote,0.23035278282550709,0.2422907488986784,0.868421052631579,0.37887485648679675
logreg_smote,0.23101651767363207,0.2426470588235294,0.868421052631579,0.37931034482758624
logreg_smote,0.23106960236185548,0.24153166421207659,0.8631578947368421,0.3774453394706559
logreg_smote,0.2342058042106459,0.24188790560471976,0.8631578947368421,0.3778801843317972
logreg_smote,0.2342301444303175,0.24224519940915806,0.8631578947368421,0.37831603229527105
logreg_smote,0.23514118027253866,0.24260355029585798,0.8631578947368421,0.37875288683602776
logreg_smote,0.2352244967715691,0.24296296296296296,0.8631578947368421,0.3791907514450867
logreg_smote,0.2352266087952376,0.2433234421364985,0.8631578947368421,0.3796296296296296
logreg_smote,0.23553941961987432,0.2436849925705795,0.8631578947368421,0.3800695249130938
logreg_smote,0.23567684348355142,0.24404761904761904,0.8631578947368421,0.3805104408352668
logreg_smote,0.2360768894694008,0.2444113263785395,0.8631578947368421,0.38095238095238093
logreg_smote,0.2367815245674875,0.24477611940298508,0.8631578947368421,0.38139534883720927
logreg_smote,0.23700049723686362,0.24514200298953662,0.8631578947368421,0.3818393480791618
logreg_smote,0.23838258389110745,0.2440119760479042,0.8578947368421053,0.3799533799533799
logreg_smote,0.23924860411269683,0.24437781109445278,0.8578947368421053,0.3803967327887981
logreg_smote,0.2400949217004266,0.24474474474474475,0.8578947368421053,0.38084112149532706
logreg_smote,0.24021649231595726,0.24511278195488723,0.8578947368421053,0.38128654970760234
logreg_smote,0.24021884555488118,0.24548192771084337,0.8578947368421053,0.38173302107728335
logreg_smote,0.2415571833679661,0.2458521870286576,0.8578947368421053,0.38218053927315354
logreg_smote,0.24196061151116244,0.24471299093655588,0.8526315789473684,0.380281690140845
logreg_smote,0.24245360832928162,0.24508320726172467,0.8526315789473684,0.38072855464159816
logreg_smote,0.24440826176507077,0.24545454545454545,0.8526315789473684,0.38117647058823534
logreg_smote,0.24479376309981382,0.24582701062215478,0.8526315789473684,0.3816254416961131
logreg_smote,0.24627066168974723,0.24620060790273557,0.8526315789473684,0.3820754716981132
logreg_smote,0.24766627856885315,0.2465753424657534,0.8526315789473684,0.38252656434474613
logreg_smote,0.25049698116849245,0.24695121951219512,0.8526315789473684,0.38297872340425526
logreg_smote,0.2513617093890496,0.24732824427480915,0.8526315789473684,0.38343195266272184
logreg_smote,0.25264213265448376,0.24770642201834864,0.8526315789473684,0.3838862559241706
logreg_smote,0.25330336939312936,0.24808575803981622,0.8526315789473684,0.3843416370106762
logreg_smote,0.25408348054477364,0.24846625766871167,0.8526315789473684,0.38479809976247026
logreg_smote,0.25447080979506126,0.2488479262672811,0.8526315789473684,0.3852556480380499
logreg_smote,0.2548105892536343,0.24923076923076923,0.8526315789473684,0.38571428571428573
logreg_smote,0.2566544297021874,0.24961479198767333,0.8526315789473684,0.3861740166865315
logreg_smote,0.25843892729710183,0.25,0.8526315789473684,0.38663484486873506
logreg_smote,0.2598726738868917,0.250386398763524,0.8526315789473684,0.38709677419354843
logreg_smote,0.26077922764687955,0.24922600619195046,0.8473684210526315,0.38516746411483255
logreg_smote,0.2608104409346124,0.2496124031007752,0.8473684210526315,0.3856287425149701
logreg_smote,0.26114246702795835,0.25,0.8473684210526315,0.38609112709832133
logreg_smote,0.2619330614413616,0.25038880248833595,0.8473684210526315,0.3865546218487395
logreg_smote,0.2622347947661848,0.24922118380062305,0.8421052631578947,0.38461538461538464
logreg_smote,0.26258643199051945,0.24960998439937598,0.8421052631578947,0.3850782190132371
logreg_smote,0.2659231536414565,0.25,0.8421052631578947,0.3855421686746988
logreg_smote,0.26671000640403364,0.25039123630672927,0.8421052631578947,0.38600723763570566
logreg_smote,0.26675903642336996,0.2507836990595611,0.8421052631578947,0.38647342995169076
logreg_smote,0.26712805335005535,0.25117739403453687,0.8421052631578947,0.38694074969770254
logreg_smote,0.2684628483261053,0.25157232704402516,0.8421052631578947,0.387409200968523
logreg_smote,0.2712129927103954,0.25196850393700787,0.8421052631578947,0.3878787878787879
logreg_smote,0.2712456537712112,0.25236593059936907,0.8421052631578947,0.38834951456310673
logreg_smote,0.2715733448229424,0.2527646129541864,0.8421052631578947,0.38882138517618464
logreg_smote,0.27239357636242173,0.25316455696202533,0.8421052631578947,0.38929440389294406
logreg_smote,0.273243321322354,0.25356576862123614,0.8421052631578947,0.389768574908648
logreg_smote,0.2744353944511854,0.25396825396825395,0.8421052631578947,0.3902439024390244
logreg_smote,0.2744370873958951,0.2543720190779014,0.8421052631578947,0.3907203907203906
logreg_smote,0.2764945043307325,0.25477707006369427,0.8421052631578947,0.39119804400978
logreg_smote,0.2778189126825119,0.2551834130781499,0.8421052631578947,0.39167686658506734
logreg_smote,0.2786257309621131,0.25559105431309903,0.8421052631578947,0.39215686274509803
logreg_smote,0.27889444586507334,0.256,0.8421052631578947,0.39263803680981596
logreg_smote,0.2804891211935058,0.2564102564102564,0.8421052631578947,0.39312039312039304
logreg_smote,0.28271839716502245,0.2568218298555377,0.8421052631578947,0.3936039360393604
logreg_smote,0.28339002186390105,0.2572347266881029,0.8421052631578947,0.3940886699507388
logreg_smote,0.28396548706849023,0.2576489533011272,0.8421052631578947,0.3945745992601726
logreg_smote,0.2860496846097225,0.25806451612903225,0.8421052631578947,0.3950617283950617
logreg_smote,0.2863193189627791,0.25848142164781907,0.8421052631578947,0.39555006180469715
logreg_smote,0.2873445843442596,0.2588996763754045,0.8421052631578947,0.39603960396039595
logreg_smote,0.2874626331409419,0.2593192868719611,0.8421052631578947,0.39653035935563813
logreg_smote,0.288405799937985,0.25811688311688313,0.8368421052631579,0.39454094292803976
logreg_smote,0.28862757383730736,0.25853658536585367,0.8368421052631579,0.3950310559006212
logreg_smote,0.2945752912870548,0.25895765472312704,0.8368421052631579,0.3955223880597015
logreg_smote,0.2952183314314762,0.25938009787928223,0.8368421052631579,0.3960149439601494
logreg_smote,0.29658703520236906,0.25980392156862747,0.8368421052631579,0.39650872817955113
logreg_smote,0.2968727864472298,0.2602291325695581,0.8368421052631579,0.39700374531835203
logreg_smote,0.29771580805013964,0.260655737704918,0.8368421052631579,0.39749999999999996
logreg_smote,0.29773486757515394,0.26108374384236455,0.8368421052631579,0.39799749687108893
logreg_smote,0.297829145318547,0.26151315789473684,0.8368421052631579,0.39849624060150374
logreg_smote,0.29873682273355034,0.26194398682042835,0.8368421052631579,0.3989962358845671
logreg_smote,0.29975335850591794,0.2623762376237624,0.8368421052631579,0.399497487437186
logreg_smote,0.2999116921411978,0.2628099173553719,0.8368421052631579,0.4
logreg_smote,0.3000543315400896,0.2632450331125828,0.8368421052631579,0.40050377833753154
logreg_smote,0.3004242380746799,0.263681592039801,0.8368421052631579,0.40100882723833553
logreg_smote,0.30070649998114757,0.26411960132890366,0.8368421052631579,0.40151515151515155
logreg_smote,0.30220850052514864,0.26455906821963393,0.8368421052631579,0.40202275600505694
logreg_smote,0.30394029889053487,0.265,0.8368421052631579,0.40253164556962023
logreg_smote,0.3082740579013766,0.2654424040066778,0.8368421052631579,0.40304182509505704
logreg_smote,0.3083151162496995,0.26588628762541805,0.8368421052631579,0.4035532994923858
logreg_smote,0.311336552367914,0.2663316582914573,0.8368421052631579,0.40406607369758574
logreg_smote,0.31133795146902987,0.26677852348993286,0.8368421052631579,0.4045801526717557
logreg_smote,0.3133788923474277,0.2672268907563025,0.8368421052631579,0.40509554140127385
logreg_smote,0.31421507321856285,0.2676767676767677,0.8368421052631579,0.4056122448979592
logreg_smote,0.31509830435003966,0.26644182124789206,0.8315789473684211,0.4035759897828863
logreg_smote,0.3190315258688681,0.2668918918918919,0.8315789473684211,0.4040920716112531
logreg_smote,0.32070589435585917,0.2673434856175973,0.8315789473684211,0.4046094750320103
logreg_smote,0.32155082029580323,0.2677966101694915,0.8315789473684211,0.4051282051282052
logreg_smote,0.3223934932164221,0.26825127334465193,0.8315789473684211,0.4056482670089858
logreg_smote,0.32564382588356633,0.2687074829931973,0.8315789473684211,0.4061696658097686
logreg_smote,0.32660674233474396,0.26916524701873934,0.8315789473684211,0.40669240669240675
logreg_smote,0.32718665475173186,0.2696245733788396,0.8315789473684211,0.40721649484536077
logreg_smote,0.32893247659019875,0.27008547008547007,0.8315789473684211,0.4077419354838709
logreg_smote,0.3292762596571724,0.2705479452054795,0.8315789473684211,0.40826873385012924
logreg_smote,0.3293444266033828,0.2692967409948542,0.8263157894736842,0.4062095730918499
logreg_smote,0.3314295862420454,0.2697594501718213,0.8263157894736842,0.4067357512953368
logreg_smote,0.3314810210068037,0.270223752151463,0.8263157894736842,0.4072632944228275
logreg_smote,0.3330504496153274,0.2706896551724138,0.8263157894736842,0.4077922077922078
logreg_smote,0.3346499406777838,0.2711571675302245,0.8263157894736842,0.40832249674902465
logreg_smote,0.33485734464886513,0.27162629757785467,0.8263157894736842,0.4088541666666667
logreg_smote,0.33497268447816503,0.2720970537261698,0.8263157894736842,0.40938722294654495
logreg_smote,0.33632479532854437,0.2725694444444444,0.8263157894736842,0.40992167101827676
logreg_smote,0.3371366799543478,0.27304347826086955,0.8263157894736842,0.4104575163398692
logreg_smote,0.33769754959866727,0.2735191637630662,0.8263157894736842,0.4109947643979058
logreg_smote,0.33824455999313735,0.27399650959860383,0.8263157894736842,0.4115334207077327
logreg_smote,0.33878671189121273,0.2744755244755245,0.8263157894736842,0.4120734908136483
logreg_smote,0.340007568235444,0.27495621716287216,0.8263157894736842,0.4126149802890933
logreg_smote,0.34148801727693884,0.2754385964912281,0.8263157894736842,0.4131578947368421
logreg_smote,0.34256160112795836,0.2759226713532513,0.8263157894736842,0.41370223978919635
logreg_smote,0.3433913102841266,0.2764084507042254,0.8263157894736842,0.41424802110817943
logreg_smote,0.344389950584472,0.2751322751322751,0.8210526315789474,0.4121532364597093
logreg_smote,0.3447527049883775,0.2756183745583039,0.8210526315789474,0.4126984126984127
logreg_smote,0.3454037007016645,0.2761061946902655,0.8210526315789474,0.41324503311258276
logreg_smote,0.34718970014570644,0.2765957446808511,0.8210526315789474,0.41379310344827586
logreg_smote,0.34748225512774233,0.2753108348134991,0.8157894736842105,0.4116865869853918
logreg_smote,0.34780227924384355,0.27580071174377224,0.8157894736842105,0.41223404255319146
logreg_smote,0.34987650305216556,0.27629233511586454,0.8157894736842105,0.41278295605858856
logreg_smote,0.35022383127044127,0.2767857142857143,0.8157894736842105,0.41333333333333333
logreg_smote,0.3530402083609426,0.2772808586762075,0.8157894736842105,0.4138851802403204
logreg_smote,0.3543546083173923,0.2777777777777778,0.8157894736842105,0.4144385026737968
logreg_smote,0.3551243746558796,0.27827648114901254,0.8157894736842105,0.4149933065595716
logreg_smote,0.35572957398736704,0.2787769784172662,0.8157894736842105,0.4155495978552279
logreg_smote,0.356141258140996,0.27927927927927926,0.8157894736842105,0.4161073825503355
logreg_smote,0.35741537625338005,0.27978339350180503,0.8157894736842105,0.41666666666666663
logreg_smote,0.357629549179056,0.28028933092224234,0.8157894736842105,0.41722745625841184
logreg_smote,0.3576513266839183,0.27898550724637683,0.8105263157894737,0.41509433962264153
logreg_smote,0.35853587740528053,0.279491833030853,0.8105263157894737,0.4156545209176788
logreg_smote,0.358961870606483,0.28,0.8105263157894737,0.4162162162162162
logreg_smote,0.3593231285486357,0.28051001821493626,0.8105263157894737,0.41677943166441145
logreg_smote,0.35940887700940255,0.28102189781021897,0.8105263157894737,0.4173441734417344
logreg_smote,0.3594302546309568,0.28153564899451555,0.8105263157894737,0.41791044776119396
logreg_smote,0.35956002150742244,0.28205128205128205,0.8105263157894737,0.4184782608695652
logreg_smote,0.36134404668574976,0.28256880733944956,0.8105263157894737,0.41904761904761906
logreg_smote,0.36195828041890277,0.28308823529411764,0.8105263157894737,0.4196185286103542
logreg_smote,0.3632367793452021,0.283609576427256,0.8105263157894737,0.4201909959072305
logreg_smote,0.365346781658668,0.28413284132841327,0.8105263157894737,0.42076502732240434
logreg_smote,0.3659928138392338,0.2846580406654344,0.8105263157894737,0.4213406292749658
logreg_smote,0.3666293334238889,0.2851851851851852,0.8105263157894737,0.4219178082191781
logreg_smote,0.3674103498745915,0.2857142857142857,0.8105263157894737,0.42249657064471874
logreg_smote,0.3675324369394192,0.2862453531598513,0.8105263157894737,0.423076923076923
logreg_smote,0.37044600326562327,0.28677839851024206,0.8105263157894737,0.42365887207702885
logreg_smote,0.3705014478466337,0.2873134328358209,0.8105263157894737,0.4242424242424242
logreg_smote,0.37066988842308113,0.28785046728971964,0.8105263157894737,0.4248275862068966
logreg_smote,0.3720571584062877,0.2883895131086142,0.8105263157894737,0.42541436464088395
logreg_smote,0.37352137181961886,0.28893058161350843,0.8105263157894737,0.42600276625172884
logreg_smote,0.37382744586982813,0.2894736842105263,0.8105263157894737,0.42659279778393344
logreg_smote,0.3751010995688121,0.2900188323917137,0.8105263157894737,0.4271844660194174
logreg_smote,0.3751559016515846,0.29056603773584905,0.8105263157894737,0.4277777777777777
logreg_smote,0.3753286581935286,0.29111531190926276,0.8105263157894737,0.4283727399165508
logreg_smote,0.3757154670909677,0.2916666666666667,0.8105263157894737,0.4289693593314764
logreg_smote,0.37606267532286136,0.2922201138519924,0.8105263157894737,0.42956764295676425
logreg_smote,0.3763883457601252,0.29277566539923955,0.8105263157894737,0.4301675977653631
logreg_smote,0.3796918943583693,0.29333333333333333,0.8105263157894737,0.4307692307692308
logreg_smote,0.3801851607950433,0.29389312977099236,0.8105263157894737,0.43137254901960786
logreg_smote,0.3804440132477423,0.2944550669216061,0.8105263157894737,0.4319775596072931
logreg_smote,0.3815740025998963,0.2950191570881226,0.8105263157894737,0.43258426966292135
logreg_smote,0.38211428899682115,0.29558541266794625,0.8105263157894737,0.4331926863572433
logreg_smote,0.38259232493897505,0.29423076923076924,0.8052631578947368,0.4309859154929577
logreg_smote,0.38316862761939946,0.2947976878612717,0.8052631578947368,0.43159379407616366
logreg_smote,0.38483195082624255,0.2953667953667954,0.8052631578947368,0.4322033898305085
logreg_smote,0.3850792276588694,0.29593810444874274,0.8052631578947368,0.4328147100424328
logreg_smote,0.3856847537160506,0.29457364341085274,0.8,0.43059490084985835
logreg_smote,0.3869870185949672,0.29514563106796116,0.8,0.4312056737588652
logreg_smote,0.38748900446516665,0.29571984435797666,0.8,0.4318181818181818
logreg_smote,0.387928959702012,0.2962962962962963,0.8,0.43243243243243246
logreg_smote,0.38809615250703394,0.296875,0.8,0.43304843304843305
logreg_smote,0.3897139480544136,0.2974559686888454,0.8,0.43366619115549215
logreg_smote,0.3899510383601992,0.2980392156862745,0.8,0.4342857142857143
logreg_smote,0.3899625548427602,0.29862475442043224,0.8,0.4349070100143061
logreg_smote,0.390206798930239,0.2992125984251969,0.8,0.43553008595988535
logreg_smote,0.3907177258222642,0.29980276134122286,0.8,0.4361549497847919
logreg_smote,0.3928754570168149,0.30039525691699603,0.8,0.43678160919540227
logreg_smote,0.39303957258529326,0.300990099009901,0.8,0.43741007194244597
logreg_smote,0.3947767336965733,0.2996031746031746,0.7947368421052632,0.43515850144092216
logreg_smote,0.39790046940343293,0.30019880715705766,0.7947368421052632,0.43578643578643583
logreg_smote,0.3981905460548909,0.300796812749004,0.7947368421052632,0.43641618497109835
logreg_smote,0.3987108852373851,0.3013972055888224,0.7947368421052632,0.4370477568740956
logreg_smote,0.40109370595992405,0.302,0.7947368421052632,0.43768115942028984
logreg_smote,0.40167690348314555,0.3026052104208417,0.7947368421052632,0.4383164005805516
logreg_smote,0.40258172840477935,0.3032128514056225,0.7947368421052632,0.438953488372093
logreg_smote,0.4027681748090797,0.3038229376257545,0.7947368421052632,0.4395924308588064
logreg_smote,0.4028438790460672,0.30443548387096775,0.7947368421052632,0.4402332361516035
logreg_smote,0.4038344370754836,0.30505050505050507,0.7947368421052632,0.4408759124087592
logreg_smote,0.404038794700982,0.305668016194332,0.7947368421052632,0.4415204678362573
logreg_smote,0.40606883571414154,0.30628803245436104,0.7947368421052632,0.4421669106881405
logreg_smote,0.40756167934998233,0.30691056910569103,0.7947368421052632,0.44281524926686217
logreg_smote,0.409486704329399,0.3054989816700611,0.7894736842105263,0.4405286343612335
logreg_smote,0.4096455610469739,0.3040816326530612,0.7842105263157895,0.4382352941176471
logreg_smote,0.4141415567578634,0.3047034764826176,0.7842105263157895,0.4388807069219441
logreg_smote,0.4141882714269395,0.305327868852459,0.7842105263157895,0.43952802359882004
logreg_smote,0.41577645876247865,0.3059548254620123,0.7842105263157895,0.4401772525849335
logreg_smote,0.4161065030239843,0.3065843621399177,0.7842105263157895,0.44082840236686394
logreg_smote,0.41616471334813765,0.30721649484536084,0.7842105263157895,0.4414814814814815
logreg_smote,0.4178887576884716,0.30785123966942146,0.7842105263157895,0.4421364985163204
logreg_smote,0.41790125604932593,0.3084886128364389,0.7842105263157895,0.44279346210995535
logreg_smote,0.41953654193807993,0.3091286307053942,0.7842105263157895,0.44345238095238093
logreg_smote,0.41986523606980736,0.3097713097713098,0.7842105263157895,0.444113263785395
logreg_smote,0.42085068849953833,0.3104166666666667,0.7842105263157895,0.44477611940298506
logreg_smote,0.4217700123039976,0.3089770354906054,0.7789473684210526,0.44245142002989535
logreg_smote,0.4229228823066214,0.30962343096234307,0.7789473684210526,0.44311377245508976
logreg_smote,0.4256033755147896,0.31027253668763105,0.7789473684210526,0.44377811094452774
logreg_smote,0.4258316458960833,0.31092436974789917,0.7789473684210526,0.4444444444444445
logreg_smote,0.42642258440840686,0.31157894736842107,0.7789473684210526,0.4451127819548872
logreg_smote,0.4285279704968571,0.31223628691983124,0.7789473684210526,0.44578313253012053
logreg_smote,0.42901385883070975,0.3128964059196617,0.7789473684210526,0.44645550527903466
logreg_smote,0.42966682059874606,0.3135593220338983,0.7789473684210526,0.4471299093655589
logreg_smote,0.42973645088129037,0.31422505307855625,0.7789473684210526,0.44780635400907715
logreg_smote,0.42974369492253844,0.3148936170212766,0.7789473684210526,0.4484848484848485
logreg_smote,0.43015146730016973,0.31556503198294245,0.7789473684210526,0.44916540212443096
logreg_smote,0.430782374916281,0.3162393162393162,0.7789473684210526,0.4498480243161094
logreg_smote,0.4330411591128426,0.3169164882226981,0.7789473684210526,0.4505327245053273
logreg_smote,0.4330539930631915,0.31759656652360513,0.7789473684210526,0.45121951219512196
logreg_smote,0.4337316247347134,0.31827956989247314,0.7789473684210526,0.45190839694656487
logreg_smote,0.43734427122736197,0.31896551724137934,0.7789473684210526,0.45259938837920494
logreg_smote,0.44384592979178816,0.31965442764578833,0.7789473684210526,0.45329249617151607
logreg_smote,0.4443610614346604,0.3181818181818182,0.7736842105263158,0.450920245398773
logreg_smote,0.444498698987793,0.3188720173535792,0.7736842105263158,0.4516129032258064
logreg_smote,0.44700638763454725,0.31956521739130433,0.7736842105263158,0.4523076923076923
logreg_smote,0.44798511934238733,0.3202614379084967,0.7736842105263158,0.45300462249614787
logreg_smote,0.44872700822408035,0.31877729257641924,0.7684210526315789,0.45061728395061734
logreg_smote,0.449331077416096,0.31947483588621445,0.7684210526315789,0.45131375579598143
logreg_smote,0.44936441014394396,0.3201754385964912,0.7684210526315789,0.4520123839009288
logreg_smote,0.44989197735219605,0.3208791208791209,0.7684210526315789,0.4527131782945737
logreg_smote,0.4503170867758992,0.32158590308370044,0.7684210526315789,0.45341614906832295
logreg_smote,0.45069407202270895,0.32229580573951433,0.7684210526315789,0.4541213063763607
logreg_smote,0.45129404163310566,0.3230088495575221,0.7684210526315789,0.45482866043613707
logreg_smote,0.45150254622612407,0.3237250554323725,0.7684210526315789,0.45553822152886114
logreg_smote,0.4525796302334343,0.3244444444444444,0.7684210526315789,0.45625000000000004
logreg_smote,0.45489853002104047,0.32516703786191536,0.7684210526315789,0.4569640062597809
logreg_smote,0.4550337680594219,0.32589285714285715,0.7684210526315789,0.45768025078369906
logreg_smote,0.4569291895214475,0.32662192393736017,0.7684210526315789,0.45839874411302983
logreg_smote,0.45777600219340153,0.3273542600896861,0.7684210526315789,0.45911949685534587
logreg_smote,0.4577816783552133,0.32808988764044944,0.7684210526315789,0.4598425196850393
logreg_smote,0.45874759191944003,0.32882882882882886,0.7684210526315789,0.4605678233438486
logreg_smote,0.45952434575770446,0.3295711060948081,0.7684210526315789,0.4612954186413901
logreg_smote,0.4601448012889379,0.33031674208144796,0.7684210526315789,0.4620253164556962
logreg_smote,0.4607544740563181,0.3310657596371882,0.7684210526315789,0.4627575277337559
logreg_smote,0.4616974116764982,0.33181818181818185,0.7684210526315789,0.4634920634920635
logreg_smote,0.4631470805624269,0.3325740318906606,0.7684210526315789,0.4642289348171701
logreg_smote,0.4648106453023403,0.3333333333333333,0.7684210526315789,0.46496815286624205
logreg_smote,0.4649287433107671,0.3340961098398169,0.7684210526315789,0.4657097288676235
logreg_smote,0.4651316631262819,0.3348623853211009,0.7684210526315789,0.46645367412140576
logreg_smote,0.46616602027912446,0.335632183908046,0.7684210526315789,0.4672
logreg_smote,0.4672415610689429,0.33640552995391704,0.7684210526315789,0.46794871794871795
logreg_smote,0.4672478185260018,0.3348729792147806,0.7631578947368421,0.46548956661316215
logreg_smote,0.4690478789606467,0.33564814814814814,0.7631578947368421,0.46623794212218644
logreg_smote,0.46960302212120253,0.33642691415313225,0.7631578947368421,0.46698872785829304
logreg_smote,0.47100033249575746,0.3372093023255814,0.7631578947368421,0.467741935483871
logreg_smote,0.47398544438024826,0.337995337995338,0.7631578947368421,0.468497576736672
logreg_smote,0.4741975949249726,0.338785046728972,0.7631578947368421,0.4692556634304207
logreg_smote,0.4753537261563264,0.3395784543325527,0.7631578947368421,0.47001620745542944
logreg_smote,0.47596811407924344,0.3403755868544601,0.7631578947368421,0.47077922077922085
logreg_smote,0.4773292849595876,0.3411764705882353,0.7631578947368421,0.47154471544715454
logreg_smote,0.4779981055555311,0.3419811320754717,0.7631578947368421,0.47231270358306193
logreg_smote,0.4790119499844449,0.34278959810874704,0.7631578947368421,0.47308319738988575
logreg_smote,0.4799102939786367,0.34360189573459715,0.7631578947368421,0.4738562091503269
logreg_smote,0.48035241241734317,0.34441805225653205,0.7631578947368421,0.4746317512274959
logreg_smote,0.48183505881586014,0.34523809523809523,0.7631578947368421,0.4754098360655738
logreg_smote,0.4826952405530661,0.3460620525059666,0.7631578947368421,0.4761904761904762
logreg_smote,0.48336204626438184,0.34688995215311,0.7631578947368421,0.47697368421052627
logreg_smote,0.4835170932626613,0.34772182254196643,0.7631578947368421,0.47775947281713355
logreg_smote,0.4837612919895056,0.3485576923076923,0.7631578947368421,0.47854785478547857
logreg_smote,0.48384868855134106,0.3493975903614458,0.7631578947368421,0.4793388429752066
logreg_smote,0.48480230068948393,0.3502415458937198,0.7631578947368421,0.4801324503311258
logreg_smote,0.48502591445883647,0.3486682808716707,0.7578947368421053,0.47761194029850745
logreg_smote,0.486170483032168,0.34951456310679613,0.7578947368421053,0.47840531561461797
logreg_smote,0.4882898903116579,0.34793187347931875,0.7526315789473684,0.47587354409317806
logreg_smote,0.48854380504890776,0.348780487804878,0.7526315789473684,0.4766666666666666
logreg_smote,0.48861953652393325,0.34963325183374083,0.7526315789473684,0.47746243739565947
logreg_smote,0.48921644442028983,0.35049019607843135,0.7526315789473684,0.4782608695652174
logreg_smote,0.4895486430414645,0.35135135135135137,0.7526315789473684,0.47906197654941374
logreg_smote,0.4896289176604203,0.3522167487684729,0.7526315789473684,0.4798657718120805
logreg_smote,0.48964514363726375,0.3530864197530864,0.7526315789473684,0.480672268907563
logreg_smote,0.4898048364600871,0.35148514851485146,0.7473684210526316,0.47811447811447805
logreg_smote,0.49019399932202645,0.3523573200992556,0.7473684210526316,0.47892074198988194
logreg_smote,0.49070954047220927,0.35323383084577115,0.7473684210526316,0.47972972972972977
logreg_smote,0.4955499662818929,0.3541147132169576,0.7473684210526316,0.4805414551607445
logreg_smote,0.4957386025986635,0.3525,0.7421052631578947,0.4779661016949152
logreg_smote,0.49622965144580927,0.3533834586466165,0.7421052631578947,0.47877758913412555
logreg_smote,0.49655422502946245,0.3542713567839196,0.7421052631578947,0.47959183673469385
logreg_smote,0.49668104040676103,0.35516372795969775,0.7421052631578947,0.4804088586030664
logreg_smote,0.4987370533990981,0.3560606060606061,0.7421052631578947,0.4812286689419795
logreg_smote,0.4991429737068073,0.3569620253164557,0.7421052631578947,0.48205128205128206
logreg_smote,0.49937093021916973,0.35786802030456855,0.7421052631578947,0.48287671232876717
logreg_smote,0.5024225781992988,0.356234096692112,0.7368421052631579,0.48027444253859347
logreg_smote,0.502549190460455,0.35714285714285715,0.7368421052631579,0.48109965635738833
logreg_smote,0.502901946490339,0.35805626598465473,0.7368421052631579,0.4819277108433735
logreg_smote,0.5034507296055155,0.358974358974359,0.7368421052631579,0.4827586206896552
logreg_smote,0.5045947852114261,0.35732647814910024,0.7315789473684211,0.48013816925734026
logreg_smote,0.5054674049537853,0.3582474226804124,0.7315789473684211,0.4809688581314878
logreg_smote,0.5058229893522367,0.35658914728682173,0.7263157894736842,0.4783362218370884
logreg_smote,0.5059193119110198,0.35751295336787564,0.7263157894736842,0.4791666666666667
logreg_smote,0.5064176028371096,0.35844155844155845,0.7263157894736842,0.4800000000000001
logreg_smote,0.5080896842167062,0.359375,0.7263157894736842,0.4808362369337979
logreg_smote,0.5089545068580071,0.360313315926893,0.7263157894736842,0.4816753926701571
logreg_smote,0.5124133376950012,0.3586387434554974,0.7210526315789474,0.479020979020979
logreg_smote,0.5125002252734049,0.35958005249343833,0.7210526315789474,0.4798598949211909
logreg_smote,0.5127021254782862,0.3605263157894737,0.7210526315789474,0.480701754385965
logreg_smote,0.5130527449634272,0.35883905013192613,0.7157894736842105,0.47803163444639724
logreg_smote,0.5133575981515581,0.35978835978835977,0.7157894736842105,0.47887323943661964
logreg_smote,0.5146383107136013,0.36074270557029176,0.7157894736842105,0.47971781305114636
logreg_smote,0.5156193819848578,0.3617021276595745,0.7157894736842105,0.48056537102473507
logreg_smote,0.5176966607132254,0.3626666666666667,0.7157894736842105,0.48141592920353987
logreg_smote,0.5187352580426043,0.36363636363636365,0.7157894736842105,0.4822695035460992
logreg_smote,0.5203900348425772,0.3646112600536193,0.7157894736842105,0.4831261101243339
logreg_smote,0.5220493878558581,0.3655913978494624,0.7157894736842105,0.48398576512455505
logreg_smote,0.523546824723995,0.3665768194070081,0.7157894736842105,0.4848484848484849
logreg_smote,0.524840117768145,0.3675675675675676,0.7157894736842105,0.4857142857142857
logreg_smote,0.5254851015107983,0.3685636856368564,0.7157894736842105,0.4865831842576029
logreg_smote,0.5280807120818016,0.3695652173913043,0.7157894736842105,0.48745519713261654
logreg_smote,0.5286326922621108,0.37057220708446864,0.7157894736842105,0.4883303411131059
logreg_smote,0.5288274852615077,0.37158469945355194,0.7157894736842105,0.4892086330935252
logreg_smote,0.5311936468553345,0.3726027397260274,0.7157894736842105,0.49009009009009014
logreg_smote,0.5319609541213848,0.3708791208791209,0.7105263157894737,0.48736462093862815
logreg_smote,0.5325998173330423,0.371900826446281,0.7105263157894737,0.48824593128390587
logreg_smote,0.5327697084489426,0.3729281767955801,0.7105263157894737,0.48913043478260876
logreg_smote,0.5332873942888454,0.3739612188365651,0.7105263157894737,0.4900181488203267
logreg_smote,0.5333837811574988,0.375,0.7105263157894737,0.49090909090909096
logreg_smote,0.534371223114519,0.37604456824512533,0.7105263157894737,0.4918032786885246
logreg_smote,0.534492585823397,0.3770949720670391,0.7105263157894737,0.4927007299270073
logreg_smote,0.5346150243015965,0.37815126050420167,0.7105263157894737,0.493601462522852
logreg_smote,0.5353444281850358,0.3792134831460674,0.7105263157894737,0.4945054945054945
logreg_smote,0.535368944341794,0.37746478873239436,0.7052631578947368,0.4917431192660551
logreg_smote,0.5364189167003259,0.3785310734463277,0.7052631578947368,0.49264705882352944
logreg_smote,0.5373251347405464,0.37960339943342775,0.7052631578947368,0.4935543278084714
logreg_smote,0.5394695219366924,0.3806818181818182,0.7052631578947368,0.49446494464944646
logreg_smote,0.5410846959547171,0.3817663817663818,0.7052631578947368,0.49537892791127536
logreg_smote,0.5412607976637374,0.38,0.7,0.49259259259259247
logreg_smote,0.5416370897858944,0.38108882521489973,0.7,0.4935064935064935
logreg_smote,0.54306662430233,0.382183908045977,0.7,0.4944237918215613
logreg_smote,0.5443692930732612,0.38328530259365995,0.7,0.49534450651769085
logreg_smote,0.5449160745839972,0.38439306358381503,0.7,0.49626865671641784
logreg_smote,0.546028717427037,0.3855072463768116,0.7,0.49719626168224296
logreg_smote,0.5501448276995108,0.3866279069767442,0.7,0.4981273408239701
logreg_smote,0.5512029071945287,0.3848396501457726,0.6947368421052632,0.49530956848030017
logreg_smote,0.5515504494269227,0.3830409356725146,0.6894736842105263,0.49248120300751885
logreg_smote,0.5528971466709208,0.3841642228739003,0.6894736842105263,0.4934086629001883
logreg_smote,0.5531012161749151,0.38529411764705884,0.6894736842105263,0.49433962264150944
logreg_smote,0.5538702627515977,0.3864306784660767,0.6894736842105263,0.4952741020793952
logreg_smote,0.553997746112079,0.3875739644970414,0.6894736842105263,0.49621212121212116
logreg_smote,0.5550122838971121,0.3887240356083086,0.6894736842105263,0.49715370018975324
logreg_smote,0.5560049846917183,0.3898809523809524,0.6894736842105263,0.49809885931558934
logreg_smote,0.5560835981711232,0.39104477611940297,0.6894736842105263,0.4990476190476191
logreg_smote,0.5595923140524238,0.39221556886227543,0.6894736842105263,0.5
logreg_smote,0.5598055399558158,0.3933933933933934,0.6894736842105263,0.5009560229445507
logreg_smote,0.5624615113979401,0.39457831325301207,0.6894736842105263,0.5019157088122606
logreg_smote,0.5649090555976609,0.3957703927492447,0.6894736842105263,0.5028790786948176
logreg_smote,0.5650908585486686,0.396969696969697,0.6894736842105263,0.5038461538461537
logreg_smote,0.5651098153268616,0.3951367781155015,0.6842105263157895,0.5009633911368014
logreg_smote,0.5669051399251757,0.3932926829268293,0.6789473684210526,0.4980694980694981
logreg_smote,0.5675304482429415,0.39143730886850153,0.6736842105263158,0.4951644100580271
logreg_smote,0.5677832147058648,0.39263803680981596,0.6736842105263158,0.49612403100775193
logreg_smote,0.5677927710122083,0.39384615384615385,0.6736842105263158,0.4970873786407767
logreg_smote,0.5690020232450552,0.3950617283950617,0.6736842105263158,0.4980544747081712
logreg_smote,0.5703853718633944,0.39628482972136225,0.6736842105263158,0.4990253411306043
logreg_smote,0.5705119148884176,0.39751552795031053,0.6736842105263158,0.5
logreg_smote,0.5707052680122415,0.3987538940809969,0.6736842105263158,0.5009784735812133
logreg_smote,0.5721410796831595,0.396875,0.6684210526315789,0.49803921568627446
logreg_smote,0.5734234183671167,0.3981191222570533,0.6684210526315789,0.4990176817288801
logreg_smote,0.5748071712427222,0.39937106918238996,0.6684210526315789,0.5
logreg_smote,0.5755722319308817,0.39747634069400634,0.6631578947368421,0.4970414201183431
logreg_smote,0.5755961120348847,0.39556962025316456,0.6578947368421053,0.4940711462450593
logreg_smote,0.5794866156307248,0.39365079365079364,0.6526315789473685,0.49108910891089114
logreg_smote,0.5795863790396893,0.39490445859872614,0.6526315789473685,0.492063492063492
logreg_smote,0.5796235829661867,0.3961661341853035,0.6526315789473685,0.49304174950298213
logreg_smote,0.5815636948713703,0.3974358974358974,0.6526315789473685,0.4940239043824702
logreg_smote,0.5829505915401503,0.3954983922829582,0.6473684210526316,0.4910179640718562
logreg_smote,0.5833175102138466,0.3967741935483871,0.6473684210526316,0.4920000000000001
logreg_smote,0.58353983953486,0.39805825242718446,0.6473684210526316,0.49298597194388777
logreg_smote,0.5858388214327492,0.39935064935064934,0.6473684210526316,0.4939759036144578
logreg_smote,0.5867311073359167,0.4006514657980456,0.6473684210526316,0.4949698189134809
logreg_smote,0.5870967179140624,0.4019607843137255,0.6473684210526316,0.4959677419354839
logreg_smote,0.589817451319443,0.4,0.6421052631578947,0.49292929292929294
logreg_smote,0.5901937396070149,0.40131578947368424,0.6421052631578947,0.4939271255060729
logreg_smote,0.5906338629868061,0.40264026402640263,0.6421052631578947,0.49492900608519275
logreg_smote,0.5915810959611488,0.40397350993377484,0.6421052631578947,0.4959349593495935
logreg_smote,0.5916949618203265,0.4053156146179402,0.6421052631578947,0.49694501018329934
logreg_smote,0.5921189815125087,0.4066666666666667,0.6421052631578947,0.49795918367346936
logreg_smote,0.5934751730116923,0.4080267558528428,0.6421052631578947,0.4989775051124744
logreg_smote,0.5949333358012472,0.40939597315436244,0.6421052631578947,0.5
logreg_smote,0.5958609607805136,0.4074074074074074,0.6368421052631579,0.49691991786447637
logreg_smote,0.5965498585067889,0.40878378378378377,0.6368421052631579,0.49794238683127573
logreg_smote,0.5968836995913417,0.4101694915254237,0.6368421052631579,0.4989690721649484
logreg_smote,0.5972182799370349,0.41156462585034015,0.6368421052631579,0.5
logreg_smote,0.5980353177854174,0.4129692832764505,0.6368421052631579,0.5010351966873705
logreg_smote,0.5983760006222136,0.4143835616438356,0.6368421052631579,0.5020746887966805
logreg_smote,0.5989410960233615,0.41580756013745707,0.6368421052631579,0.5031185031185031
logreg_smote,0.6006291111765076,0.41724137931034483,0.6368421052631579,0.5041666666666667
logreg_smote,0.6020645808548453,0.4186851211072664,0.6368421052631579,0.5052192066805845
logreg_smote,0.6025642104027064,0.4201388888888889,0.6368421052631579,0.5062761506276151
logreg_smote,0.6031847305404382,0.42160278745644597,0.6368421052631579,0.5073375262054507
logreg_smote,0.6046628205801112,0.4230769230769231,0.6368421052631579,0.5084033613445378
logreg_smote,0.606940946931114,0.4245614035087719,0.6368421052631579,0.5094736842105263
logreg_smote,0.6069742943573829,0.426056338028169,0.6368421052631579,0.510548523206751
logreg_smote,0.6085805275608849,0.4275618374558304,0.6368421052631579,0.5116279069767442
logreg_smote,0.6101113503062747,0.42907801418439717,0.6368421052631579,0.5127118644067796
logreg_smote,0.6113970352145776,0.4306049822064057,0.6368421052631579,0.5138004246284501
logreg_smote,0.6120333068223992,0.43214285714285716,0.6368421052631579,0.5148936170212766
logreg_smote,0.614868567237596,0.43010752688172044,0.631578947368421,0.511727078891258
logreg_smote,0.6169243645605093,0.4316546762589928,0.631578947368421,0.5128205128205128
logreg_smote,0.622080426152466,0.4332129963898917,0.631578947368421,0.5139186295503212
logreg_smote,0.6237226839187894,0.43478260869565216,0.631578947368421,0.5150214592274679
logreg_smote,0.6252702562816388,0.43636363636363634,0.631578947368421,0.5161290322580645
logreg_smote,0.6264406694914738,0.4343065693430657,0.6263157894736842,0.5129310344827586
logreg_smote,0.6265531462625111,0.43223443223443225,0.6210526315789474,0.5097192224622031
logreg_smote,0.6291049733945139,0.43014705882352944,0.6157894736842106,0.5064935064935067
logreg_smote,0.6300410988417691,0.4317343173431734,0.6157894736842106,0.5075921908893709
logreg_smote,0.6323938990545399,0.43333333333333335,0.6157894736842106,0.508695652173913
logreg_smote,0.6327931063467482,0.4349442379182156,0.6157894736842106,0.5098039215686274
logreg_smote,0.6335344766511688,0.43656716417910446,0.6157894736842106,0.5109170305676856
logreg_smote,0.6337375502878463,0.43820224719101125,0.6157894736842106,0.5120350109409191
logreg_smote,0.6354969178715738,0.43609022556390975,0.6105263157894737,0.5087719298245614
logreg_smote,0.636491419315286,0.4377358490566038,0.6105263157894737,0.5098901098901099
logreg_smote,0.6365457828414397,0.4393939393939394,0.6105263157894737,0.5110132158590308
logreg_smote,0.6369509054108433,0.4372623574144487,0.6052631578947368,0.5077262693156733
logreg_smote,0.6376317602402661,0.4389312977099237,0.6052631578947368,0.5088495575221239
logreg_smote,0.6406090680914834,0.44061302681992337,0.6052631578947368,0.5099778270509977
logreg_smote,0.6416657795213604,0.4423076923076923,0.6052631578947368,0.5111111111111111
logreg_smote,0.6420250691350247,0.444015444015444,0.6052631578947368,0.5122494432071268
logreg_smote,0.6422890411865649,0.44573643410852715,0.6052631578947368,0.5133928571428572
logreg_smote,0.6440915180437251,0.4474708171206226,0.6052631578947368,0.5145413870246085
logreg_smote,0.6453002035219361,0.44921875,0.6052631578947368,0.515695067264574
logreg_smote,0.6453576579654631,0.4470588235294118,0.6,0.5123595505617977
logreg_smote,0.6455431679819935,0.44881889763779526,0.6,0.5135135135135135
logreg_smote,0.6464070354477014,0.44664031620553357,0.5947368421052631,0.510158013544018
logreg_smote,0.6473241673327544,0.44841269841269843,0.5947368421052631,0.5113122171945701
logreg_smote,0.6484785764856956,0.44621513944223107,0.5894736842105263,0.5079365079365079
logreg_smote,0.6487354285436773,0.448,0.5894736842105263,0.509090909090909
logreg_smote,0.649153804449919,0.4497991967871486,0.5894736842105263,0.510250569476082
logreg_smote,0.6504256745658795,0.45161290322580644,0.5894736842105263,0.5114155251141552
logreg_smote,0.6504735858437222,0.4534412955465587,0.5894736842105263,0.5125858123569794
logreg_smote,0.6515743924906279,0.45528455284552843,0.5894736842105263,0.5137614678899083
logreg_smote,0.6520386908413501,0.45714285714285713,0.5894736842105263,0.5149425287356322
logreg_smote,0.6531370320395848,0.45901639344262296,0.5894736842105263,0.5161290322580645
logreg_smote,0.655326101903253,0.4609053497942387,0.5894736842105263,0.5173210161662818
logreg_smote,0.6553480365355183,0.4628099173553719,0.5894736842105263,0.5185185185185186
logreg_smote,0.6565047740093997,0.46473029045643155,0.5894736842105263,0.5197215777262181
logreg_smote,0.6614061209876906,0.4666666666666667,0.5894736842105263,0.5209302325581395
logreg_smote,0.6614970421961003,0.46443514644351463,0.5842105263157895,0.5174825174825175
logreg_smote,0.6622014929786607,0.46638655462184875,0.5842105263157895,0.5186915887850467
logreg_smote,0.6643109568075988,0.46835443037974683,0.5842105263157895,0.5199063231850116
logreg_smote,0.6643830583351599,0.4703389830508475,0.5842105263157895,0.5211267605633803
logreg_smote,0.6643942650412326,0.4723404255319149,0.5842105263157895,0.5223529411764707
logreg_smote,0.6644177028735135,0.4700854700854701,0.5789473684210527,0.5188679245283019
logreg_smote,0.6667580569769173,0.4721030042918455,0.5789473684210527,0.5200945626477542
logreg_smote,0.6680024533619059,0.47413793103448276,0.5789473684210527,0.5213270142180095
logreg_smote,0.670066214120759,0.47619047619047616,0.5789473684210527,0.5225653206650831
logreg_smote,0.6704087637652707,0.47391304347826085,0.5736842105263158,0.5190476190476191
logreg_smote,0.6705287830174118,0.4759825327510917,0.5736842105263158,0.5202863961813843
logreg_smote,0.6708908172539073,0.4780701754385965,0.5736842105263158,0.5215311004784688
logreg_smote,0.6726271297012096,0.4801762114537445,0.5736842105263158,0.5227817745803357
logreg_smote,0.6733081052124049,0.4823008849557522,0.5736842105263158,0.5240384615384616
logreg_smote,0.6738572005827561,0.48444444444444446,0.5736842105263158,0.5253012048192771
logreg_smote,0.6768308753771001,0.48214285714285715,0.5684210526315789,0.5217391304347826
logreg_smote,0.678138099926975,0.4798206278026906,0.5631578947368421,0.5181598062953995
logreg_smote,0.678512993343049,0.481981981981982,0.5631578947368421,0.5194174757281553
logreg_smote,0.6800577848515996,0.4796380090497738,0.5578947368421052,0.5158150851581509
logreg_smote,0.6831241210799024,0.4818181818181818,0.5578947368421052,0.5170731707317072
logreg_smote,0.6834740117825897,0.4840182648401826,0.5578947368421052,0.5183374083129584
logreg_smote,0.6837827376572114,0.48623853211009177,0.5578947368421052,0.5196078431372549
logreg_smote,0.6839018881485212,0.4838709677419355,0.5526315789473685,0.5159705159705159
logreg_smote,0.6844406637103034,0.4861111111111111,0.5526315789473685,0.5172413793103449
logreg_smote,0.6846349432771703,0.4883720930232558,0.5526315789473685,0.5185185185185185
logreg_smote,0.6860359040656894,0.48598130841121495,0.5473684210526316,0.514851485148515
logreg_smote,0.6860602081594986,0.48826291079812206,0.5473684210526316,0.5161290322580645
logreg_smote,0.6864447339711203,0.49056603773584906,0.5473684210526316,0.5174129353233831
logreg_smote,0.6871862689997433,0.4928909952606635,0.5473684210526316,0.5187032418952617
logreg_smote,0.6872838090039272,0.49047619047619045,0.5421052631578948,0.515
logreg_smote,0.6878787730108412,0.4880382775119617,0.5368421052631579,0.5112781954887218
logreg_smote,0.6887768980471211,0.4855769230769231,0.531578947368421,0.507537688442211
logreg_smote,0.6891542808531921,0.48792270531400966,0.531578947368421,0.508816120906801
logreg_smote,0.6896910648940452,0.4854368932038835,0.5263157894736842,0.505050505050505
logreg_smote,0.6897183951574516,0.4878048780487805,0.5263157894736842,0.5063291139240507
logreg_smote,0.6908209726424426,0.49019607843137253,0.5263157894736842,0.5076142131979695
logreg_smote,0.6925636892322603,0.4876847290640394,0.5210526315789473,0.5038167938931297
logreg_smote,0.6927251225977435,0.48514851485148514,0.5157894736842106,0.5
logreg_smote,0.6934498968363557,0.48258706467661694,0.5105263157894737,0.4961636828644501
logreg_smote,0.6950252389399317,0.485,0.5105263157894737,0.49743589743589745
logreg_smote,0.6952608620692183,0.48743718592964824,0.5105263157894737,0.4987146529562982
logreg_smote,0.696021543194248,0.4898989898989899,0.5105263157894737,0.5
logreg_smote,0.696478620590457,0.49238578680203043,0.5105263157894737,0.5012919896640827
logreg_smote,0.697033456783215,0.49489795918367346,0.5105263157894737,0.5025906735751295
logreg_smote,0.6993428697835189,0.49743589743589745,0.5105263157894737,0.503896103896104
logreg_smote,0.699614058240373,0.5,0.5105263157894737,0.5052083333333334
logreg_smote,0.7001655905706324,0.5025906735751295,0.5105263157894737,0.5065274151436031
logreg_smote,0.7007993598531826,0.5052083333333334,0.5105263157894737,0.5078534031413612
logreg_smote,0.7014390322174591,0.5026178010471204,0.5052631578947369,0.5039370078740157
logreg_smote,0.7026688813899498,0.5052631578947369,0.5052631578947369,0.5052631578947369
logreg_smote,0.7027918892330409,0.5079365079365079,0.5052631578947369,0.5065963060686016
logreg_smote,0.7039459051016966,0.5106382978723404,0.5052631578947369,0.5079365079365079
logreg_smote,0.7054417151473726,0.5133689839572193,0.5052631578947369,0.5092838196286472
logreg_smote,0.7056360469603674,0.5161290322580645,0.5052631578947369,0.5106382978723404
logreg_smote,0.7059727118987306,0.518918918918919,0.5052631578947369,0.512
logreg_smote,0.7086516112669154,0.5217391304347826,0.5052631578947369,0.5133689839572193
logreg_smote,0.7094930788188907,0.5245901639344263,0.5052631578947369,0.5147453083109921
logreg_smote,0.7121725102709943,0.5274725274725275,0.5052631578947369,0.5161290322580645
logreg_smote,0.7129386829949612,0.5303867403314917,0.5052631578947369,0.5175202156334232
logreg_smote,0.7130607262521762,0.5333333333333333,0.5052631578947369,0.5189189189189188
logreg_smote,0.7157787058239566,0.5363128491620112,0.5052631578947369,0.5203252032520325
logreg_smote,0.7167781817158784,0.5393258426966292,0.5052631578947369,0.5217391304347827
logreg_smote,0.7171646979474082,0.5423728813559322,0.5052631578947369,0.5231607629427792
logreg_smote,0.7186694426091613,0.5454545454545454,0.5052631578947369,0.5245901639344263
logreg_smote,0.7189233339063005,0.5485714285714286,0.5052631578947369,0.5260273972602739
logreg_smote,0.7206428618695384,0.5517241379310345,0.5052631578947369,0.5274725274725275
logreg_smote,0.721713175440518,0.5491329479768786,0.5,0.5234159779614326
logreg_smote,0.7220065930309786,0.5523255813953488,0.5,0.5248618784530386
logreg_smote,0.7228956148600545,0.5555555555555556,0.5,0.5263157894736842
logreg_smote,0.7261477141574327,0.5588235294117647,0.5,0.5277777777777778
logreg_smote,0.7277746753142318,0.5562130177514792,0.49473684210526314,0.5236768802228412
logreg_smote,0.7288182009998286,0.5595238095238095,0.49473684210526314,0.5251396648044693
logreg_smote,0.7290225761943282,0.562874251497006,0.49473684210526314,0.5266106442577031
logreg_smote,0.7301383092228103,0.5662650602409639,0.49473684210526314,0.5280898876404494
logreg_smote,0.7334845803111776,0.5696969696969697,0.49473684210526314,0.5295774647887325
logreg_smote,0.7335474472677991,0.573170731707317,0.49473684210526314,0.5310734463276836
logreg_smote,0.7342668981733081,0.5705521472392638,0.48947368421052634,0.5269121813031162
logreg_smote,0.7348135075794755,0.5740740740740741,0.48947368421052634,0.5284090909090908
logreg_smote,0.7359678615578367,0.5714285714285714,0.4842105263157895,0.5242165242165242
logreg_smote,0.7361828757229846,0.56875,0.4789473684210526,0.52
logreg_smote,0.7367659365086116,0.5723270440251572,0.4789473684210526,0.5214899713467048
logreg_smote,0.7368975368096832,0.5759493670886076,0.4789473684210526,0.5229885057471264
logreg_smote,0.7394346296088801,0.5796178343949044,0.4789473684210526,0.5244956772334294
logreg_smote,0.7430268368593431,0.5833333333333334,0.4789473684210526,0.5260115606936416
logreg_smote,0.7454902403583497,0.5806451612903226,0.47368421052631576,0.5217391304347826
logreg_smote,0.7480730437874373,0.577922077922078,0.46842105263157896,0.5174418604651162
logreg_smote,0.7487219542051899,0.5751633986928104,0.4631578947368421,0.5131195335276969
logreg_smote,0.7490462384257107,0.5789473684210527,0.4631578947368421,0.5146198830409356
logreg_smote,0.7502845026591103,0.5827814569536424,0.4631578947368421,0.5161290322580645
logreg_smote,0.7522277329470608,0.58,0.45789473684210524,0.5117647058823529
logreg_smote,0.7539062028574962,0.5838926174496645,0.45789473684210524,0.5132743362831859
logreg_smote,0.7539127784443937,0.5878378378378378,0.45789473684210524,0.514792899408284
logreg_smote,0.7551707408516201,0.5918367346938775,0.45789473684210524,0.5163204747774481
logreg_smote,0.7562119042025037,0.589041095890411,0.45263157894736844,0.511904761904762
logreg_smote,0.7628594452701881,0.593103448275862,0.45263157894736844,0.5134328358208955
logreg_smote,0.7630494238994061,0.5902777777777778,0.4473684210526316,0.5089820359281437
logreg_smote,0.7639197000747591,0.5874125874125874,0.4421052631578947,0.5045045045045046
logreg_smote,0.7643664491796971,0.5845070422535211,0.4368421052631579,0.5
logreg_smote,0.7649036483272177,0.5815602836879432,0.43157894736842106,0.4954682779456193
logreg_smote,0.7654076683663008,0.5785714285714286,0.4263157894736842,0.49090909090909096
logreg_smote,0.7663348412939561,0.5827338129496403,0.4263157894736842,0.4924012158054711
logreg_smote,0.7676819123869529,0.5869565217391305,0.4263157894736842,0.4939024390243902
logreg_smote,0.7677738425194491,0.5912408759124088,0.4263157894736842,0.4954128440366973
logreg_smote,0.7678915094200692,0.5882352941176471,0.42105263157894735,0.4907975460122699
logreg_smote,0.7679176156592276,0.5851851851851851,0.41578947368421054,0.4861538461538461
logreg_smote,0.7679600926054471,0.5895522388059702,0.41578947368421054,0.4876543209876544
logreg_smote,0.769613975959273,0.5939849624060151,0.41578947368421054,0.48916408668730654
logreg_smote,0.771725176791013,0.5984848484848485,0.41578947368421054,0.4906832298136646
logreg_smote,0.7738009872613819,0.5954198473282443,0.4105263157894737,0.48598130841121495
logreg_smote,0.7742753029730093,0.6,0.4105263157894737,0.4875
logreg_smote,0.7747785953223391,0.6046511627906976,0.4105263157894737,0.4890282131661442
logreg_smote,0.7749589066390707,0.609375,0.4105263157894737,0.49056603773584906
logreg_smote,0.775327626439618,0.6141732283464567,0.4105263157894737,0.49211356466876977
logreg_smote,0.7754824421382451,0.6111111111111112,0.4052631578947368,0.4873417721518988
logreg_smote,0.7758076728513214,0.608,0.4,0.48253968253968255
logreg_smote,0.778048529402444,0.6048387096774194,0.39473684210526316,0.47770700636942676
logreg_smote,0.7797979375121661,0.6097560975609756,0.39473684210526316,0.4792332268370607
logreg_smote,0.7798616473798409,0.6065573770491803,0.3894736842105263,0.47435897435897434
logreg_smote,0.7802061765226421,0.6115702479338843,0.3894736842105263,0.47588424437299026
logreg_smote,0.781217193976172,0.6166666666666667,0.3894736842105263,0.47741935483870973
logreg_smote,0.7821323585328473,0.6218487394957983,0.3894736842105263,0.47896440129449847
logreg_smote,0.7823180845631224,0.6271186440677966,0.3894736842105263,0.4805194805194805
logreg_smote,0.783222426665619,0.6324786324786325,0.3894736842105263,0.482084690553746
logreg_smote,0.7840561729015583,0.6293103448275862,0.38421052631578945,0.4771241830065359
logreg_smote,0.7847260982789825,0.6347826086956522,0.38421052631578945,0.4786885245901639
logreg_smote,0.786488697455419,0.631578947368421,0.37894736842105264,0.47368421052631576
logreg_smote,0.7880059438007223,0.6283185840707964,0.3736842105263158,0.46864686468646866
logreg_smote,0.7904167505520789,0.6339285714285714,0.3736842105263158,0.4701986754966887
logreg_smote,0.7910729059288701,0.6306306306306306,0.3684210526315789,0.4651162790697674
logreg_smote,0.7932348423229183,0.6363636363636364,0.3684210526315789,0.4666666666666667
logreg_smote,0.7952939720130807,0.6330275229357798,0.3631578947368421,0.46153846153846156
logreg_smote,0.7956113914893497,0.6296296296296297,0.35789473684210527,0.4563758389261745
logreg_smote,0.795786891112493,0.6261682242990654,0.3526315789473684,0.4511784511784511
logreg_smote,0.7963382040042769,0.6320754716981132,0.3526315789473684,0.4527027027027027
logreg_smote,0.7965455383260458,0.6285714285714286,0.3473684210526316,0.4474576271186441
logreg_smote,0.7973943592933364,0.625,0.34210526315789475,0.4421768707482993
logreg_smote,0.797827902443498,0.6310679611650486,0.34210526315789475,0.4436860068259386
logreg_smote,0.7982907195703786,0.6372549019607843,0.34210526315789475,0.4452054794520548
logreg_smote,0.7986508377538534,0.6336633663366337,0.3368421052631579,0.43986254295532645
logreg_smote,0.8017405943587779,0.63,0.33157894736842103,0.4344827586206896
logreg_smote,0.802616074434834,0.6262626262626263,0.3263157894736842,0.4290657439446367
logreg_smote,0.804555018322655,0.6326530612244898,0.3263157894736842,0.4305555555555556
logreg_smote,0.805464709701203,0.6288659793814433,0.32105263157894737,0.4250871080139373
logreg_smote,0.808706133310552,0.6354166666666666,0.32105263157894737,0.42657342657342656
logreg_smote,0.8107737475247588,0.6421052631578947,0.32105263157894737,0.4280701754385965
logreg_smote,0.8117495768607264,0.648936170212766,0.32105263157894737,0.4295774647887324
logreg_smote,0.814799453145144,0.6559139784946236,0.32105263157894737,0.431095406360424
logreg_smote,0.8156038157655584,0.6521739130434783,0.3157894736842105,0.425531914893617
logreg_smote,0.8163855913234294,0.6483516483516484,0.3105263157894737,0.41992882562277584
logreg_smote,0.8167575969190365,0.6444444444444445,0.30526315789473685,0.4142857142857143
logreg_smote,0.8168217411521977,0.6404494382022472,0.3,0.4086021505376344
logreg_smote,0.8175776815880347,0.6477272727272727,0.3,0.4100719424460431
logreg_smote,0.8180744434938263,0.6436781609195402,0.29473684210526313,0.4043321299638989
logreg_smote,0.8188129798455754,0.6395348837209303,0.2894736842105263,0.39855072463768115
logreg_smote,0.823987679266408,0.6352941176470588,0.28421052631578947,0.3927272727272727
logreg_smote,0.8243803112322535,0.6309523809523809,0.2789473684210526,0.3868613138686131
logreg_smote,0.8244951453905968,0.6265060240963856,0.2736842105263158,0.380952380952381
logreg_smote,0.8249267294760093,0.6341463414634146,0.2736842105263158,0.3823529411764706
logreg_smote,0.8274645000121564,0.6419753086419753,0.2736842105263158,0.3837638376383764
logreg_smote,0.8286578706313473,0.6375,0.26842105263157895,0.37777777777777777
logreg_smote,0.8288044023048402,0.6329113924050633,0.2631578947368421,0.37174721189591076
logreg_smote,0.8348004867630779,0.6410256410256411,0.2631578947368421,0.3731343283582089
logreg_smote,0.8426430483925524,0.6363636363636364,0.2578947368421053,0.36704119850187267
logreg_smote,0.8426738497752712,0.6447368421052632,0.2578947368421053,0.3684210526315789
logreg_smote,0.8427692683849197,0.6533333333333333,0.2578947368421053,0.369811320754717
logreg_smote,0.8466462918176488,0.6486486486486487,0.25263157894736843,0.36363636363636365
logreg_smote,0.8467827033200604,0.6438356164383562,0.24736842105263157,0.3574144486692015
logreg_smote,0.850156690105411,0.6527777777777778,0.24736842105263157,0.35877862595419846
logreg_smote,0.8516659815166513,0.6619718309859155,0.24736842105263157,0.3601532567049809
logreg_smote,0.8549354482434518,0.6571428571428571,0.24210526315789474,0.35384615384615387
logreg_smote,0.8550661823462421,0.6521739130434783,0.23684210526315788,0.3474903474903475
logreg_smote,0.8561705242912702,0.6470588235294118,0.23157894736842105,0.34108527131782945
logreg_smote,0.8563039909635155,0.6567164179104478,0.23157894736842105,0.3424124513618677
logreg_smote,0.8591912041677472,0.6515151515151515,0.22631578947368422,0.3359375
logreg_smote,0.8607704128319782,0.6461538461538462,0.22105263157894736,0.3294117647058823
logreg_smote,0.8624891995286318,0.65625,0.22105263157894736,0.3307086614173228
logreg_smote,0.8637628104392147,0.6507936507936508,0.21578947368421053,0.32411067193675885
logreg_smote,0.8638803990291756,0.6612903225806451,0.21578947368421053,0.3253968253968254
logreg_smote,0.8640737650449986,0.6721311475409836,0.21578947368421053,0.32669322709163345
logreg_smote,0.8657128825445899,0.6833333333333333,0.21578947368421053,0.328
logreg_smote,0.8668609546377737,0.6949152542372882,0.21578947368421053,0.3293172690763052
logreg_smote,0.8675857160677223,0.7068965517241379,0.21578947368421053,0.33064516129032256
logreg_smote,0.8701907612997318,0.7017543859649122,0.21052631578947367,0.3238866396761133
logreg_smote,0.8736288345951726,0.7142857142857143,0.21052631578947367,0.3252032520325203
logreg_smote,0.8759225068223881,0.7272727272727273,0.21052631578947367,0.32653061224489793
logreg_smote,0.8760441072609093,0.7222222222222222,0.20526315789473684,0.31967213114754095
logreg_smote,0.878417395666655,0.7169811320754716,0.2,0.3127572016460905
logreg_smote,0.881648893323994,0.7115384615384616,0.19473684210526315,0.30578512396694213
logreg_smote,0.8820442914615024,0.7254901960784313,0.19473684210526315,0.30705394190871366
logreg_smote,0.8854802885579856,0.72,0.18947368421052632,0.3
logreg_smote,0.8885872761176862,0.7142857142857143,0.18421052631578946,0.2928870292887029
logreg_smote,0.8898312152409971,0.7083333333333334,0.17894736842105263,0.2857142857142857
logreg_smote,0.8970719280824528,0.7021276595744681,0.1736842105263158,0.2784810126582279
logreg_smote,0.8982562677846212,0.717391304347826,0.1736842105263158,0.2796610169491526
logreg_smote,0.8996987253831895,0.7111111111111111,0.16842105263157894,0.2723404255319149
logreg_smote,0.8998246507330839,0.7045454545454546,0.1631578947368421,0.26495726495726496
logreg_smote,0.9004177479500584,0.7209302325581395,0.1631578947368421,0.26609442060085836
logreg_smote,0.9017426180049365,0.7380952380952381,0.1631578947368421,0.2672413793103448
logreg_smote,0.9032016960285327,0.7317073170731707,0.15789473684210525,0.2597402597402597
logreg_smote,0.9037531541491062,0.725,0.15263157894736842,0.25217391304347825
logreg_smote,0.9059340213552064,0.717948717948718,0.14736842105263157,0.2445414847161572
logreg_smote,0.9072144690417293,0.7368421052631579,0.14736842105263157,0.24561403508771926
logreg_smote,0.9105071875272772,0.7567567567567568,0.14736842105263157,0.24669603524229072
logreg_smote,0.9120150231841716,0.75,0.14210526315789473,0.23893805309734514
logreg_smote,0.9144431317572367,0.7714285714285715,0.14210526315789473,0.24
logreg_smote,0.9157845496987813,0.7647058823529411,0.1368421052631579,0.23214285714285718
logreg_smote,0.9169906219095267,0.7878787878787878,0.1368421052631579,0.2331838565022422
logreg_smote,0.9176899128688094,0.78125,0.13157894736842105,0.22522522522522523
logreg_smote,0.921461060327478,0.8064516129032258,0.13157894736842105,0.22624434389140272
logreg_smote,0.9223842794496455,0.8,0.12631578947368421,0.2181818181818182
logreg_smote,0.9224659884399729,0.7931034482758621,0.12105263157894737,0.2100456621004566
logreg_smote,0.9228424386235805,0.7857142857142857,0.11578947368421053,0.2018348623853211
logreg_smote,0.922861774586751,0.8148148148148148,0.11578947368421053,0.20276497695852536
logreg_smote,0.925688275226006,0.8076923076923077,0.11052631578947368,0.19444444444444445
logreg_smote,0.9265343762147021,0.8,0.10526315789473684,0.18604651162790697
logreg_smote,0.9307268328876026,0.7916666666666666,0.1,0.17757009345794392
logreg_smote,0.9313859127331454,0.782608695652174,0.09473684210526316,0.16901408450704225
logreg_smote,0.9318033070336392,0.7727272727272727,0.08947368421052632,0.16037735849056606
logreg_smote,0.9366398896967009,0.7619047619047619,0.08421052631578947,0.15165876777251186
logreg_smote,0.9399838147865083,0.8,0.08421052631578947,0.15238095238095237
logreg_smote,0.9456169178413658,0.7894736842105263,0.07894736842105263,0.1435406698564593
logreg_smote,0.9508338101548569,0.7777777777777778,0.07368421052631578,0.1346153846153846
logreg_smote,0.9580570224696932,0.7647058823529411,0.06842105263157895,0.12560386473429952
logreg_smote,0.9581125440406749,0.75,0.06315789473684211,0.11650485436893204
logreg_smote,0.9585729983489631,0.7333333333333333,0.05789473684210526,0.10731707317073172
logreg_smote,0.9613193819682125,0.7857142857142857,0.05789473684210526,0.10784313725490197
logreg_smote,0.9634145854986292,0.7692307692307693,0.05263157894736842,0.09852216748768472
logreg_smote,0.9658892217963503,0.75,0.04736842105263158,0.0891089108910891
logreg_smote,0.9664892376242598,0.7272727272727273,0.042105263157894736,0.07960199004975124
logreg_smote,0.9691392429486244,0.7,0.03684210526315789,0.06999999999999999
logreg_smote,0.9697019734998182,0.6666666666666666,0.031578947368421054,0.06030150753768845
logreg_smote,0.9705274947156888,0.625,0.02631578947368421,0.050505050505050504
logreg_smote,0.9745764986312219,0.7142857142857143,0.02631578947368421,0.050761421319796954
logreg_smote,0.9758362662160557,0.6666666666666666,0.021052631578947368,0.04081632653061225
logreg_smote,0.9759689765064252,0.6,0.015789473684210527,0.03076923076923077
logreg_smote,0.9781691533715026,0.75,0.015789473684210527,0.03092783505154639
logreg_smote,0.9805409597500883,0.6666666666666666,0.010526315789473684,0.020725388601036267
logreg_smote,0.9807518047168022,1.0,0.010526315789473684,0.020833333333333332
logreg_smote,0.985452189356264,1.0,0.005263157894736842,0.010471204188481674
xgboost_smote,1.3160650269128382e-05,0.16156462585034015,1.0,0.2781844802342606
xgboost_smote,1.977167084987741e-05,0.16170212765957448,1.0,0.2783882783882784
xgboost_smote,2.5511495550745167e-05,0.16183986371379896,1.0,0.2785923753665689
xgboost_smote,2.9078837542328984e-05,0.16197783461210571,1.0,0.27879677182685253
xgboost_smote,3.4672852052608505e-05,0.1621160409556314,1.0,0.2790014684287812
xgboost_smote,4.1236340621253476e-05,0.16225448334756618,1.0,0.27920646583394565
xgboost_smote,4.4729546061716974e-05,0.1623931623931624,1.0,0.27941176470588236
xgboost_smote,4.5509917981689796e-05,0.16253207869974337,1.0,0.27961736571008095
xgboost_smote,4.595230348058976e-05,0.16267123287671234,1.0,0.27982326951399117
xgboost_smote,4.6529254177585244e-05,0.16281062553556128,1.0,0.2800294767870302
xgboost_smote,4.711044311989099e-05,0.16295025728987994,1.0,0.28023598820059
xgboost_smote,5.062525815446861e-05,0.1630901287553648,1.0,0.28044280442804426
xgboost_smote,5.4638756409985945e-05,0.16323024054982818,1.0,0.28064992614475626
xgboost_smote,5.73817414988298e-05,0.16251074806534824,0.9947368421052631,0.2793791574279379
xgboost_smote,5.8892244851449504e-05,0.16265060240963855,0.9947368421052631,0.27958579881656803
xgboost_smote,5.981167851132341e-05,0.16279069767441862,0.9947368421052631,0.27979274611398963
xgboost_smote,6.435365503421053e-05,0.1629310344827586,0.9947368421052631,0.28
xgboost_smote,6.53106180834584e-05,0.1622088006902502,0.9894736842105263,0.2787249814677539
xgboost_smote,6.781679985579103e-05,0.16234887737478412,0.9894736842105263,0.2789317507418398
xgboost_smote,6.845511234132573e-05,0.16248919619706137,0.9894736842105263,0.2791388270230141
xgboost_smote,6.923114415258169e-05,0.16262975778546712,0.9894736842105263,0.2793462109955423
xgboost_smote,7.354875560849905e-05,0.16277056277056276,0.9894736842105263,0.2795539033457249
xgboost_smote,7.428024400724098e-05,0.16291161178509533,0.9894736842105263,0.2797619047619048
xgboost_smote,7.588782318634912e-05,0.16305290546400694,0.9894736842105263,0.2799702159344751
xgboost_smote,7.821463805157691e-05,0.16319444444444445,0.9894736842105263,0.28017883755588674
xgboost_smote,7.927361730253324e-05,0.1633362293657689,0.9894736842105263,0.28038777032065615
xgboost_smote,8.043448178796098e-05,0.1634782608695652,0.9894736842105263,0.2805970149253731
xgboost_smote,8.367960981559008e-05,0.16362053959965187,0.9894736842105263,0.28080657206870796
xgboost_smote,8.426110434811562e-05,0.16376306620209058,0.9894736842105263,0.28101644245142
xgboost_smote,8.592375525040552e-05,0.16390584132519617,0.9894736842105263,0.281226626776365
xgboost_smote,8.73316967044957e-05,0.16404886561954624,0.9894736842105263,0.281437125748503
xgboost_smote,8.831301965983585e-05,0.16419213973799127,0.9894736842105263,0.28164794007490634
xgboost_smote,8.92616153578274e-05,0.16433566433566432,0.9894736842105263,0.2818590704647676
xgboost_smote,9.120783943217248e-05,0.16447944006999124,0.9894736842105263,0.2820705176294073
xgboost_smote,9.582139318808913e-05,0.1646234676007005,0.9894736842105263,0.28228228228228225
xgboost_smote,0.00010115549230249599,0.16476774758983348,0.9894736842105263,0.28249436513899323
xgboost_smote,0.00010506184480618685,0.1649122807017544,0.9894736842105263,0.28270676691729324
xgboost_smote,0.00010880006448132917,0.16505706760316066,0.9894736842105263,0.28291948833709557
xgboost_smote,0.0001094393664970994,0.16520210896309315,0.9894736842105263,0.28313253012048195
xgboost_smote,0.00011023547995137051,0.16534740545294635,0.9894736842105263,0.2833458929917106
xgboost_smote,0.00011027879372704774,0.16549295774647887,0.9894736842105263,0.28355957767722473
xgboost_smote,0.00011532111966516823,0.1656387665198238,0.9894736842105263,0.28377358490566035
xgboost_smote,0.00011569494381546974,0.1657848324514991,0.9894736842105263,0.28398791540785495
xgboost_smote,0.00011619646102190018,0.16593115622241836,0.9894736842105263,0.2842025699168556
xgboost_smote,0.00011741295020328835,0.16607773851590105,0.9894736842105263,0.28441754916792733
xgboost_smote,0.00011897342483280227,0.16622458001768348,0.9894736842105263,0.28463285389856174
xgboost_smote,0.00012439320562407374,0.1663716814159292,0.9894736842105263,0.2848484848484848
xgboost_smote,0.0001266345934709534,0.16651904340124005,0.9894736842105263,0.2850644427596664
xgboost_smote,0.00013026798842474818,0.16666666666666666,0.9894736842105263,0.28528072837632773
xgboost_smote,0.00013392655819188803,0.1668145519077196,0.9894736842105263,0.2854973424449507
xgboost_smote,0.00013489059347193688,0.1669626998223801,0.9894736842105263,0.2857142857142857
xgboost_smote,0.00013672152999788523,0.1671111111111111,0.9894736842105263,0.2859315589353612
xgboost_smote,0.00014270184328779578,0.16725978647686832,0.9894736842105263,0.28614916286149156
xgboost_smote,0.00014496725634671748,0.1674087266251113,0.9894736842105263,0.2863670982482864
xgboost_smote,0.00014936536899767816,0.16755793226381463,0.9894736842105263,0.28658536585365857
xgboost_smote,0.00015663323574699461,0.16770740410347904,0.9894736842105263,0.28680396643783374
xgboost_smote,0.00015874304517637938,0.16785714285714284,0.9894736842105263,0.28702290076335873
xgboost_smote,0.0001599942916072905,0.1680071492403932,0.9894736842105263,0.2872421695951108
xgboost_smote,0.0001605138386366889,0.16815742397137745,0.9894736842105263,0.2874617737003058
xgboost_smote,0.00016700114065315574,0.1683079677708147,0.9894736842105263,0.28768171384850805
xgboost_smote,0.00017020103405229747,0.16845878136200718,0.9894736842105263,0.2879019908116386
xgboost_smote,0.00018388150783721358,0.16860986547085202,0.9894736842105263,0.28812260536398465
xgboost_smote,0.0001905010431073606,0.1687612208258528,0.9894736842105263,0.28834355828220853
xgboost_smote,0.00019073441217187792,0.16891284815813118,0.9894736842105263,0.28856485034535684
xgboost_smote,0.00019188689475413412,0.16906474820143885,0.9894736842105263,0.2887864823348694
xgboost_smote,0.00019940146012231708,0.1692169216921692,0.9894736842105263,0.2890084550345887
xgboost_smote,0.00020066293654963374,0.16936936936936936,0.9894736842105263,0.2892307692307692
xgboost_smote,0.00020334417058620602,0.16952209197475204,0.9894736842105263,0.28945342571208627
xgboost_smote,0.00020961729751434177,0.16967509025270758,0.9894736842105263,0.2896764252696456
xgboost_smote,0.00021215259039308876,0.16982836495031617,0.9894736842105263,0.2898997686969931
xgboost_smote,0.00021627270325552672,0.16998191681735986,0.9894736842105263,0.29012345679012347
xgboost_smote,0.00021837756503373384,0.17013574660633485,0.9894736842105263,0.29034749034749036
xgboost_smote,0.000220106725464575,0.17028985507246377,0.9894736842105263,0.2905718701700154
xgboost_smote,0.00022546104446519166,0.17044424297370808,0.9894736842105263,0.2907965970610982
xgboost_smote,0.00023733255511615425,0.1705989110707804,0.9894736842105263,0.2910216718266254
xgboost_smote,0.00024001159181352705,0.17075386012715713,0.9894736842105263,0.2912470952749806
xgboost_smote,0.00024462270084768534,0.1709090909090909,0.9894736842105263,0.29147286821705426
xgboost_smote,0.000245829374762252,0.17015468607825296,0.9842105263157894,0.29014740108611325
xgboost_smote,0.000248706026468426,0.1703096539162113,0.9842105263157894,0.29037267080745344
xgboost_smote,0.0002528394106775522,0.17046490428441202,0.9842105263157894,0.2905982905982906
xgboost_smote,0.0002538706175982952,0.17062043795620438,0.9842105263157894,0.29082426127527217
xgboost_smote,0.00025568492128513753,0.17077625570776256,0.9842105263157894,0.2910505836575875
xgboost_smote,0.0002557809930294752,0.17093235831809872,0.9842105263157894,0.2912772585669782
xgboost_smote,0.0002574761165305972,0.17108874656907594,0.9842105263157894,0.2915042868277474
xgboost_smote,0.00026150603662244976,0.17124542124542125,0.9842105263157894,0.29173166926677063
xgboost_smote,0.00026929398882202804,0.17140238313473877,0.9842105263157894,0.291959406713505
xgboost_smote,0.00027097758720628917,0.17155963302752295,0.9842105263157894,0.29218750000000004
xgboost_smote,0.0002763154043350369,0.1717171717171717,0.9842105263157894,0.2924159499609069
xgboost_smote,0.00027923195739276707,0.171875,0.9842105263157894,0.29264475743348983
xgboost_smote,0.0002811545564327389,0.17203311867525298,0.9842105263157894,0.292873923257635
xgboost_smote,0.00028623477555811405,0.1721915285451197,0.9842105263157894,0.2931034482758621
xgboost_smote,0.00029321288457140326,0.17235023041474654,0.9842105263157894,0.29333333333333333
xgboost_smote,0.00029381117201410234,0.17250922509225092,0.9842105263157894,0.29356357927786497
xgboost_smote,0.0002960691344924271,0.17266851338873498,0.9842105263157894,0.29379418695993714
xgboost_smote,0.0002993610978592187,0.17282809611829944,0.9842105263157894,0.29402515723270434
xgboost_smote,0.00030449978657998145,0.17298797409805736,0.9842105263157894,0.2942564909520063
xgboost_smote,0.0003103452909272164,0.17314814814814813,0.9842105263157894,0.29448818897637796
xgboost_smote,0.0003206367837265134,0.17330861909175163,0.9842105263157894,0.29472025216706066
xgboost_smote,0.00032821763306856155,0.17346938775510204,0.9842105263157894,0.29495268138801256
xgboost_smote,0.00033465231535956264,0.17363045496750232,0.9842105263157894,0.2951854775059195
xgboost_smote,0.00033599865855649114,0.1737918215613383,0.9842105263157894,0.29541864139020535
xgboost_smote,0.0003369887999724597,0.173953488372093,0.9842105263157894,0.29565217391304344
xgboost_smote,0.00034439534647390246,0.17411545623836128,0.9842105263157894,0.2958860759493671
xgboost_smote,0.0003445373731665313,0.17427772600186392,0.9842105263157894,0.2961203483768804
xgboost_smote,0.00034516025334596634,0.17444029850746268,0.9842105263157894,0.2963549920760697
xgboost_smote,0.00034537649480625987,0.1746031746031746,0.9842105263157894,0.29659000793021406
xgboost_smote,0.00035317183937877417,0.17476635514018693,0.9842105263157894,0.2968253968253968
xgboost_smote,0.00035408782423473895,0.17492984097287184,0.9842105263157894,0.29706115965051627
xgboost_smote,0.00036013449425809085,0.1750936329588015,0.9842105263157894,0.29729729729729726
xgboost_smote,0.00036127096973359585,0.17525773195876287,0.9842105263157894,0.29753381066030227
xgboost_smote,0.00036202569026499987,0.175422138836773,0.9842105263157894,0.29777070063694266
xgboost_smote,0.00036330733564682305,0.1755868544600939,0.9842105263157894,0.2980079681274901
xgboost_smote,0.00036340259248390794,0.17575187969924813,0.9842105263157894,0.2982456140350877
xgboost_smote,0.0003658542991615832,0.17591721542803387,0.9842105263157894,0.29848363926576216
xgboost_smote,0.0003671068116091192,0.1760828625235405,0.9842105263157894,0.29872204472843455
xgboost_smote,0.0003690437297336757,0.176248821866164,0.9842105263157894,0.29896083133493206
xgboost_smote,0.00037026108475402,0.17641509433962263,0.9842105263157894,0.2992
xgboost_smote,0.0003741528489626944,0.17658168083097261,0.9842105263157894,0.29943955164131303
xgboost_smote,0.0003797911340370774,0.1767485822306238,0.9842105263157894,0.29967948717948717
xgboost_smote,0.00038101340760476887,0.17691579943235572,0.9842105263157894,0.2999198075380914
xgboost_smote,0.0003886082849930972,0.17708333333333334,0.9842105263157894,0.30016051364365975
xgboost_smote,0.0003894549736287445,0.17725118483412322,0.9842105263157894,0.3004016064257028
xgboost_smote,0.0003923872718587518,0.1774193548387097,0.9842105263157894,0.30064308681672025
xgboost_smote,0.00039666122756898403,0.17758784425451093,0.9842105263157894,0.3008849557522124
xgboost_smote,0.00040085805812850595,0.17775665399239543,0.9842105263157894,0.30112721417069244
xgboost_smote,0.00040264814742840827,0.1779257849666984,0.9842105263157894,0.3013698630136986
xgboost_smote,0.00040643205284141004,0.17714285714285713,0.9789473684210527,0.3
xgboost_smote,0.0004117893986403942,0.1773117254528122,0.9789473684210527,0.30024213075060535
xgboost_smote,0.0004151453322265297,0.17748091603053434,0.9789473684210527,0.30048465266558966
xgboost_smote,0.0004254025698173791,0.17765042979942694,0.9789473684210527,0.3007275666936136
xgboost_smote,0.00042540556751191616,0.17782026768642448,0.9789473684210527,0.30097087378640774
xgboost_smote,0.00043489885865710676,0.17799043062200956,0.9789473684210527,0.3012145748987854
xgboost_smote,0.00043595791794359684,0.1781609195402299,0.9789473684210527,0.30145867098865475
xgboost_smote,0.0004559272201731801,0.17833173537871524,0.9789473684210527,0.30170316301703165
xgboost_smote,0.00045788410352542996,0.1785028790786948,0.9789473684210527,0.3019480519480519
xgboost_smote,0.00046405973262153566,0.1786743515850144,0.9789473684210527,0.3021933387489846
xgboost_smote,0.0004674619121942669,0.17884615384615385,0.9789473684210527,0.30243902439024395
xgboost_smote,0.0004676778626162559,0.17901828681424448,0.9789473684210527,0.3026851098454028
xgboost_smote,0.0004864922957494855,0.1791907514450867,0.9789473684210527,0.30293159609120524
xgboost_smote,0.0004866829258389771,0.17936354869816779,0.9789473684210527,0.3031784841075794
xgboost_smote,0.0004881699860561639,0.17953667953667954,0.9789473684210527,0.3034257748776509
xgboost_smote,0.0004907692200504243,0.178743961352657,0.9736842105263158,0.30204081632653057
xgboost_smote,0.0004963810206390917,0.17891682785299806,0.9736842105263158,0.3022875816993464
xgboost_smote,0.0005044674617238343,0.17909002904162633,0.9736842105263158,0.3025347506132461
xgboost_smote,0.0005087443860247731,0.17926356589147288,0.9736842105263158,0.3027823240589198
xgboost_smote,0.0005232604453340173,0.17943743937924345,0.9736842105263158,0.30303030303030304
xgboost_smote,0.0005252542905509472,0.1796116504854369,0.9736842105263158,0.30327868852459017
xgboost_smote,0.0005347506958059967,0.17978620019436345,0.9736842105263158,0.30352748154224773
xgboost_smote,0.0005381479277275503,0.17996108949416342,0.9736842105263158,0.30377668308702793
xgboost_smote,0.0005411846213974059,0.1801363193768257,0.9736842105263158,0.3040262941659819
xgboost_smote,0.0005412818863987923,0.18031189083820662,0.9736842105263158,0.3042763157894737
xgboost_smote,0.0005436165374703705,0.18048780487804877,0.9736842105263158,0.3045267489711934
xgboost_smote,0.0005473804194480181,0.1806640625,0.9736842105263158,0.30477759472817134
xgboost_smote,0.0005584724713116884,0.18084066471163246,0.9736842105263158,0.30502885408079145
xgboost_smote,0.0005670100217685103,0.18101761252446183,0.9736842105263158,0.30528052805280526
xgboost_smote,0.0005694596329703927,0.1811949069539667,0.9736842105263158,0.305532617671346
xgboost_smote,0.0005899154348298907,0.18137254901960784,0.9736842105263158,0.3057851239669422
xgboost_smote,0.0005948551697656512,0.1815505397448479,0.9736842105263158,0.30603804797353185
xgboost_smote,0.0006016682018525898,0.18172888015717092,0.9736842105263158,0.30629139072847683
xgboost_smote,0.0006051435484550893,0.18190757128810225,0.9736842105263158,0.30654515327257664
xgboost_smote,0.0006054169498383999,0.18208661417322836,0.9736842105263158,0.3067993366500829
xgboost_smote,0.0006067936192266643,0.18226600985221675,0.9736842105263158,0.3070539419087137
xgboost_smote,0.0006107369554229081,0.18244575936883628,0.9736842105263158,0.30730897009966773
xgboost_smote,0.0006113175768405199,0.18163869693978282,0.968421052631579,0.3059019118869493
xgboost_smote,0.0006195551832206547,0.18181818181818182,0.968421052631579,0.30615640599001664
xgboost_smote,0.0006296043284237385,0.18199802176063304,0.968421052631579,0.3064113238967527
xgboost_smote,0.00063447275897488,0.18217821782178217,0.968421052631579,0.30666666666666664
xgboost_smote,0.0006346696172840893,0.1823587710604559,0.968421052631579,0.30692243536280234
xgboost_smote,0.000644946878310293,0.18253968253968253,0.968421052631579,0.3071786310517529
xgboost_smote,0.0006522216717712581,0.182720953326713,0.968421052631579,0.30743525480367584
xgboost_smote,0.0006555251311510801,0.18290258449304175,0.968421052631579,0.3076923076923077
xgboost_smote,0.0006612340803258121,0.18308457711442785,0.968421052631579,0.3079497907949791
xgboost_smote,0.0006708432920277119,0.18326693227091634,0.968421052631579,0.3082077051926298
xgboost_smote,0.0006731751491315663,0.18344965104685942,0.968421052631579,0.308466051969824
xgboost_smote,0.0006818202673457563,0.18363273453093812,0.968421052631579,0.3087248322147651
xgboost_smote,0.0006908867508172989,0.1838161838161838,0.968421052631579,0.3089840470193115
xgboost_smote,0.0006914969999343157,0.184,0.968421052631579,0.3092436974789916
xgboost_smote,0.0006932300748303533,0.1841841841841842,0.968421052631579,0.30950378469301937
xgboost_smote,0.0007031825953163207,0.1843687374749499,0.968421052631579,0.30976430976430974
xgboost_smote,0.0007081432268023491,0.18455366098294884,0.968421052631579,0.3100252737994945
xgboost_smote,0.0007098415517248213,0.18473895582329317,0.968421052631579,0.3102866779089376
xgboost_smote,0.0007154884515330195,0.1849246231155779,0.968421052631579,0.3105485232067511
xgboost_smote,0.0007249846239574254,0.1851106639839034,0.968421052631579,0.3108108108108108
xgboost_smote,0.0007574084447696805,0.18529707955689828,0.968421052631579,0.3110735418427726
xgboost_smote,0.0007650257903151214,0.18548387096774194,0.968421052631579,0.311336717428088
xgboost_smote,0.0007688327459618449,0.1856710393541877,0.968421052631579,0.31160033869602033
xgboost_smote,0.000781022128649056,0.18585858585858586,0.968421052631579,0.31186440677966104
xgboost_smote,0.0007812495459802449,0.18604651162790697,0.968421052631579,0.31212892281594573
xgboost_smote,0.0007813549018464983,0.1862348178137652,0.968421052631579,0.31239388794567063
xgboost_smote,0.0007817932055331767,0.18642350557244175,0.968421052631579,0.3126593033135089
xgboost_smote,0.0007837923476472497,0.18661257606490872,0.968421052631579,0.31292517006802717
xgboost_smote,0.0008138592820614576,0.18680203045685279,0.968421052631579,0.3131914893617021
xgboost_smote,0.0008150626672431827,0.18699186991869918,0.968421052631579,0.313458262350937
xgboost_smote,0.0008289886172860861,0.1871820956256358,0.968421052631579,0.3137254901960785
xgboost_smote,0.0008311859564855695,0.18737270875763748,0.968421052631579,0.31399317406143346
xgboost_smote,0.0008348854025825858,0.1875637104994903,0.968421052631579,0.31426131511528604
xgboost_smote,0.0008507760358043015,0.18775510204081633,0.968421052631579,0.3145299145299146
xgboost_smote,0.0008589738281443715,0.18794688457609807,0.968421052631579,0.31479897348160824
xgboost_smote,0.0008627618663012981,0.18813905930470348,0.968421052631579,0.3150684931506849
xgboost_smote,0.0008698591846041381,0.18833162743091095,0.968421052631579,0.31533847472150817
xgboost_smote,0.0008854694315232337,0.1885245901639344,0.968421052631579,0.31560891938250424
xgboost_smote,0.0009068746585398912,0.18871794871794872,0.968421052631579,0.3158798283261803
xgboost_smote,0.0009108302765525877,0.18788501026694046,0.9631578947368421,0.31443298969072164
xgboost_smote,0.0009122099145315588,0.1880781089414183,0.9631578947368421,0.31470335339638866
xgboost_smote,0.0009153847931884229,0.1882716049382716,0.9631578947368421,0.31497418244406195
xgboost_smote,0.0009276213822886348,0.18846549948506694,0.9631578947368421,0.3152454780361757
xgboost_smote,0.0009315037750639021,0.18865979381443299,0.9631578947368421,0.31551724137931036
xgboost_smote,0.0009317398071289062,0.18885448916408668,0.9631578947368421,0.31578947368421045
xgboost_smote,0.0009385626181028783,0.1890495867768595,0.9631578947368421,0.3160621761658031
xgboost_smote,0.0009404715383425355,0.1892450879007239,0.9631578947368421,0.3163353500432152
xgboost_smote,0.0009437712142243981,0.18944099378881987,0.9631578947368421,0.31660899653979235
xgboost_smote,0.0009438372799195349,0.18860103626943006,0.9578947368421052,0.3151515151515151
xgboost_smote,0.0009601959609426558,0.1887966804979253,0.9578947368421052,0.315424610051993
xgboost_smote,0.0009727667784318328,0.18899273104880582,0.9578947368421052,0.31569817866435385
xgboost_smote,0.0009757584775798023,0.1891891891891892,0.9578947368421052,0.3159722222222222
xgboost_smote,0.0009999606991186738,0.18938605619146723,0.9578947368421052,0.31624674196351
xgboost_smote,0.0010013373102992773,0.18958333333333333,0.9578947368421052,0.3165217391304348
xgboost_smote,0.001006378442980349,0.1897810218978102,0.9578947368421052,0.3167972149695387
xgboost_smote,0.001027122139930725,0.18997912317327767,0.9578947368421052,0.3170731707317074
xgboost_smote,0.0010362713364884257,0.19017763845350052,0.9578947368421052,0.31734960767218834
xgboost_smote,0.0010373459663242102,0.1903765690376569,0.9578947368421052,0.3176265270506108
xgboost_smote,0.0010382363107055426,0.1905759162303665,0.9578947368421052,0.3179039301310043
xgboost_smote,0.0010391545947641134,0.19077568134171907,0.9578947368421052,0.3181818181818182
xgboost_smote,0.0010439392644912004,0.19097586568730326,0.9578947368421052,0.31846019247594054
xgboost_smote,0.0010471655987203121,0.19117647058823528,0.9578947368421052,0.31873905429071797
xgboost_smote,0.0010561192175373435,0.19137749737118823,0.9578947368421052,0.31901840490797545
xgboost_smote,0.0010812284890562296,0.19052631578947368,0.9526315789473684,0.3175438596491228
xgboost_smote,0.0010821265168488026,0.19072708113804004,0.9526315789473684,0.31782265144863914
xgboost_smote,0.0011117010144516826,0.1909282700421941,0.9526315789473684,0.3181019332161687
xgboost_smote,0.0011218858417123556,0.191129883843717,0.9526315789473684,0.31838170624450307
xgboost_smote,0.0011224395129829645,0.19133192389006343,0.9526315789473684,0.31866197183098594
xgboost_smote,0.0011251362739130855,0.19153439153439153,0.9526315789473684,0.31894273127753303
xgboost_smote,0.0011252970434725285,0.1917372881355932,0.9526315789473684,0.3192239858906526
xgboost_smote,0.0011259382590651512,0.1919406150583245,0.9526315789473684,0.3195057369814651
xgboost_smote,0.001129276235587895,0.1921443736730361,0.9526315789473684,0.31978798586572443
xgboost_smote,0.0011292966082692146,0.19234856535600425,0.9526315789473684,0.3200707338638373
xgboost_smote,0.0011332602007314563,0.1925531914893617,0.9526315789473684,0.3203539823008849
xgboost_smote,0.0011355889728292823,0.19169329073482427,0.9473684210526315,0.31886625332152346
xgboost_smote,0.0011386382393538952,0.19189765458422176,0.9473684210526315,0.3191489361702127
xgboost_smote,0.0011421367526054382,0.192102454642476,0.9473684210526315,0.3194321206743567
xgboost_smote,0.0011479946551844478,0.19230769230769232,0.9473684210526315,0.3197158081705151
xgboost_smote,0.0011501461267471313,0.1925133689839572,0.9473684210526315,0.31999999999999995
xgboost_smote,0.0011521889828145504,0.19271948608137046,0.9473684210526315,0.3202846975088968
xgboost_smote,0.0011669285595417023,0.19292604501607716,0.9473684210526315,0.3205699020480855
xgboost_smote,0.0011716941371560097,0.19313304721030042,0.9473684210526315,0.320855614973262
xgboost_smote,0.0011875077616423368,0.1933404940923738,0.9473684210526315,0.32114183764495985
xgboost_smote,0.001187739660963416,0.1935483870967742,0.9473684210526315,0.32142857142857145
xgboost_smote,0.0011879309313371778,0.193756727664155,0.9473684210526315,0.32171581769436997
xgboost_smote,0.0011890369933098555,0.1939655172413793,0.9473684210526315,0.3220035778175313
xgboost_smote,0.0012100362218916416,0.1941747572815534,0.9473684210526315,0.32229185317815573
xgboost_smote,0.0012155210133641958,0.19438444924406048,0.9473684210526315,0.3225806451612903
xgboost_smote,0.0012232797453179955,0.1945945945945946,0.9473684210526315,0.32286995515695066
xgboost_smote,0.001236336654983461,0.19480519480519481,0.9473684210526315,0.32315978456014366
xgboost_smote,0.0012577951420098543,0.19501625135427952,0.9473684210526315,0.32345013477088946
xgboost_smote,0.001257963478565216,0.19522776572668113,0.9473684210526315,0.3237410071942446
xgboost_smote,0.0012619969202205539,0.19543973941368079,0.9473684210526315,0.32403240324032406
xgboost_smote,0.0012669366551563144,0.1956521739130435,0.9473684210526315,0.3243243243243243
xgboost_smote,0.0012755546486005187,0.19586507072905332,0.9473684210526315,0.3246167718665464
xgboost_smote,0.0013013763818889856,0.19607843137254902,0.9473684210526315,0.3249097472924187
xgboost_smote,0.001309974235482514,0.19629225736095965,0.9473684210526315,0.3252032520325203
xgboost_smote,0.0013100835494697094,0.1965065502183406,0.9473684210526315,0.32549728752260393
xgboost_smote,0.001319554285146296,0.19672131147540983,0.9473684210526315,0.32579185520361986
xgboost_smote,0.0013269558548927307,0.19693654266958424,0.9473684210526315,0.3260869565217391
xgboost_smote,0.001331036677584052,0.19715224534501644,0.9473684210526315,0.3263825929283771
xgboost_smote,0.0013347981730476022,0.19736842105263158,0.9473684210526315,0.3266787658802178
xgboost_smote,0.0013503837399184704,0.19758507135016465,0.9473684210526315,0.326975476839237
xgboost_smote,0.0013529815478250384,0.1967032967032967,0.9421052631578948,0.32545454545454544
xgboost_smote,0.0013547292910516262,0.19691969196919692,0.9421052631578948,0.3257506824385806
xgboost_smote,0.0013665303122252226,0.197136563876652,0.9421052631578948,0.32604735883424407
xgboost_smote,0.0013717702822759748,0.19735391400220506,0.9421052631578948,0.32634457611668183
xgboost_smote,0.0013785961782559752,0.19757174392935983,0.9421052631578948,0.3266423357664234
xgboost_smote,0.0013817455619573593,0.19779005524861878,0.9421052631578948,0.3269406392694064
xgboost_smote,0.0013886290835216641,0.19800884955752213,0.9421052631578948,0.3272394881170019
xgboost_smote,0.0013922294601798058,0.1982281284606866,0.9421052631578948,0.32753888380603846
xgboost_smote,0.0013994550099596381,0.1973392461197339,0.9368421052631579,0.326007326007326
xgboost_smote,0.0014203469036146998,0.19755826859045506,0.9368421052631579,0.32630614115490375
xgboost_smote,0.0014321192866191268,0.19777777777777777,0.9368421052631579,0.3266055045871559
xgboost_smote,0.0014342701761052012,0.19799777530589543,0.9368421052631579,0.3269054178145087
xgboost_smote,0.0014501018449664116,0.19821826280623608,0.9368421052631579,0.3272058823529412
xgboost_smote,0.0014575065579265356,0.19843924191750278,0.9368421052631579,0.3275068997240111
xgboost_smote,0.0014592348597943783,0.19866071428571427,0.9368421052631579,0.3278084714548803
xgboost_smote,0.0014759753830730915,0.19776536312849163,0.9315789473684211,0.3262672811059908
xgboost_smote,0.001487314817495644,0.19798657718120805,0.9315789473684211,0.32656826568265684
xgboost_smote,0.0014924329007044435,0.19820828667413215,0.9315789473684211,0.3268698060941828
xgboost_smote,0.0015066041378304362,0.1984304932735426,0.9315789473684211,0.32717190388170053
xgboost_smote,0.001508471672423184,0.19865319865319866,0.9315789473684211,0.3274745605920444
xgboost_smote,0.001509704627096653,0.19887640449438201,0.9315789473684211,0.3277777777777777
xgboost_smote,0.001528655644506216,0.19910011248593926,0.9315789473684211,0.32808155699721964
xgboost_smote,0.0015287596033886075,0.19932432432432431,0.9315789473684211,0.32838589981447125
xgboost_smote,0.0015432517975568771,0.1995490417136415,0.9315789473684211,0.32869080779944293
xgboost_smote,0.0015458505367860198,0.19977426636568849,0.9315789473684211,0.328996282527881
xgboost_smote,0.001570779480971396,0.2,0.9315789473684211,0.3293023255813954
xgboost_smote,0.0015723409596830606,0.2002262443438914,0.9315789473684211,0.3296089385474861
xgboost_smote,0.0015926379710435867,0.20045300113250283,0.9315789473684211,0.3299161230195713
xgboost_smote,0.0016271175118163228,0.20068027210884354,0.9315789473684211,0.3302238805970149
xgboost_smote,0.001627483987249434,0.20090805902383654,0.9315789473684211,0.330532212885154
xgboost_smote,0.001633833278901875,0.2,0.9263157894736842,0.3289719626168225
xgboost_smote,0.0016370604280382395,0.20022753128555176,0.9263157894736842,0.3292797006548176
xgboost_smote,0.0016742622246965766,0.20045558086560364,0.9263157894736842,0.3295880149812734
xgboost_smote,0.0017233298858627677,0.2006841505131129,0.9263157894736842,0.32989690721649484
xgboost_smote,0.0017351146088913083,0.2009132420091324,0.9263157894736842,0.3302063789868668
xgboost_smote,0.0017368789995089173,0.20114285714285715,0.9263157894736842,0.33051643192488267
xgboost_smote,0.001741901389323175,0.20022883295194507,0.9210526315789473,0.32894736842105265
xgboost_smote,0.0017479106318205595,0.2004581901489118,0.9210526315789473,0.3292568203198495
xgboost_smote,0.0017542903078719974,0.2006880733944954,0.9210526315789473,0.3295668549905838
xgboost_smote,0.0017630391521379352,0.20091848450057406,0.9210526315789473,0.3298774740810556
xgboost_smote,0.0017700695898383856,0.20114942528735633,0.9210526315789473,0.33018867924528306
xgboost_smote,0.001775642391294241,0.20138089758342922,0.9210526315789473,0.3305004721435316
xgboost_smote,0.0018027123296633363,0.20161290322580644,0.9210526315789473,0.33081285444234404
xgboost_smote,0.0018088562646880746,0.20184544405997693,0.9210526315789473,0.33112582781456956
xgboost_smote,0.0018102799076586962,0.20207852193995382,0.9210526315789473,0.3314393939393939
xgboost_smote,0.001811245339922607,0.20115606936416186,0.9157894736842105,0.3298578199052133
xgboost_smote,0.0018143419874832034,0.2013888888888889,0.9157894736842105,0.3301707779886148
xgboost_smote,0.0018310602754354477,0.20162224797219003,0.9157894736842105,0.33048433048433046
xgboost_smote,0.0018359964014962316,0.20185614849187936,0.9157894736842105,0.3307984790874525
xgboost_smote,0.0018374728970229626,0.20209059233449478,0.9157894736842105,0.3311132254995243
xgboost_smote,0.0018511508824303746,0.20232558139534884,0.9157894736842105,0.33142857142857146
xgboost_smote,0.001873147557489574,0.20256111757857975,0.9157894736842105,0.3317445185891325
xgboost_smote,0.001881781150586903,0.20279720279720279,0.9157894736842105,0.3320610687022901
xgboost_smote,0.001897136797197163,0.20303383897316218,0.9157894736842105,0.33237822349570195
xgboost_smote,0.0019019662868231535,0.20327102803738317,0.9157894736842105,0.3326959847036328
xgboost_smote,0.0019037394085898995,0.20350877192982456,0.9157894736842105,0.33301435406698565
xgboost_smote,0.0019110398134216666,0.20374707259953162,0.9157894736842105,0.3333333333333333
xgboost_smote,0.0019180403323844075,0.20398593200468934,0.9157894736842105,0.33365292425695114
xgboost_smote,0.001919229282066226,0.20422535211267606,0.9157894736842105,0.33397312859884837
xgboost_smote,0.0019293148070573807,0.20329024676850763,0.9105263157894737,0.3323727185398655
xgboost_smote,0.001957499422132969,0.20352941176470588,0.9105263157894737,0.33269230769230773
xgboost_smote,0.0019612926989793777,0.2037691401648999,0.9105263157894737,0.3330125120307989
xgboost_smote,0.0019874705467373133,0.20400943396226415,0.9105263157894737,0.33333333333333337
xgboost_smote,0.002012833021581173,0.20425029515938606,0.9105263157894737,0.33365477338476374
xgboost_smote,0.002028544433414936,0.2044917257683215,0.9105263157894737,0.333976833976834
xgboost_smote,0.0020339020993560553,0.20473372781065088,0.9105263157894737,0.3342995169082126
xgboost_smote,0.002048698253929615,0.2037914691943128,0.9052631578947369,0.332688588007737
xgboost_smote,0.002065366832539439,0.2040332147093713,0.9052631578947369,0.3330106485963214
xgboost_smote,0.0020976748783141375,0.2042755344418052,0.9052631578947369,0.33333333333333337
xgboost_smote,0.0021015082020312548,0.20451843043995244,0.9052631578947369,0.33365664403491757
xgboost_smote,0.002117761177942157,0.20476190476190476,0.9052631578947369,0.3339805825242718
xgboost_smote,0.0021208287216722965,0.20500595947556616,0.9052631578947369,0.33430515063168126
xgboost_smote,0.002149460604414344,0.2052505966587112,0.9052631578947369,0.33463035019455256
xgboost_smote,0.0021752931643277407,0.2054958183990442,0.9052631578947369,0.3349561830574489
xgboost_smote,0.0021752973552793264,0.20574162679425836,0.9052631578947369,0.3352826510721248
xgboost_smote,0.002178935334086418,0.2059880239520958,0.9052631578947369,0.335609756097561
xgboost_smote,0.002242652466520667,0.20623501199040767,0.9052631578947369,0.3359375
xgboost_smote,0.0022455244325101376,0.2064825930372149,0.9052631578947369,0.3362658846529814
xgboost_smote,0.00225102249532938,0.20673076923076922,0.9052631578947369,0.33659491193737767
xgboost_smote,0.0022787190973758698,0.2069795427196149,0.9052631578947369,0.33692458374143
xgboost_smote,0.002284227404743433,0.20722891566265061,0.9052631578947369,0.3372549019607843
xgboost_smote,0.0022875529248267412,0.2074788902291918,0.9052631578947369,0.33758586849852795
xgboost_smote,0.0023057316429913044,0.20652173913043478,0.9,0.3359528487229863
xgboost_smote,0.00232858769595623,0.2067714631197098,0.9,0.33628318584070793
xgboost_smote,0.002341462066397071,0.20702179176755447,0.9,0.33661417322834647
xgboost_smote,0.0023481918033212423,0.20727272727272728,0.9,0.3369458128078817
xgboost_smote,0.002349485643208027,0.20752427184466019,0.9,0.3372781065088757
xgboost_smote,0.0023529261816293,0.2077764277035237,0.9,0.33761105626850935
xgboost_smote,0.00236016814596951,0.20802919708029197,0.9,0.33794466403162055
xgboost_smote,0.0023821464274078608,0.20828258221680876,0.9,0.3382789317507418
xgboost_smote,0.0023994732182472944,0.20853658536585365,0.9,0.3386138613861386
xgboost_smote,0.0024023742880672216,0.2087912087912088,0.9,0.3389494549058474
xgboost_smote,0.0024448237381875515,0.20904645476772615,0.9,0.3392857142857143
xgboost_smote,0.0024766193237155676,0.20930232558139536,0.9,0.339622641509434
xgboost_smote,0.0024924171157181263,0.20955882352941177,0.9,0.3399602385685884
xgboost_smote,0.0025055324658751488,0.2098159509202454,0.9,0.3402985074626866
xgboost_smote,0.0025152317248284817,0.21007371007371006,0.9,0.34063745019920316
xgboost_smote,0.002555489307269454,0.21033210332103322,0.9,0.34097706879361916
xgboost_smote,0.00256245001219213,0.2105911330049261,0.9,0.3413173652694611
xgboost_smote,0.0025676432996988297,0.21085080147965474,0.9,0.34165834165834164
xgboost_smote,0.0025716861709952354,0.2111111111111111,0.9,0.34199999999999997
xgboost_smote,0.00257190503180027,0.21137206427688504,0.9,0.3423423423423424
xgboost_smote,0.0025753802619874477,0.21163366336633663,0.9,0.342685370741483
xgboost_smote,0.002578564453870058,0.21189591078066913,0.9,0.3430290872617853
xgboost_smote,0.002589321229606867,0.21215880893300249,0.9,0.3433734939759036
xgboost_smote,0.0025927224196493626,0.2124223602484472,0.9,0.3437185929648241
xgboost_smote,0.0026066938880831003,0.2126865671641791,0.9,0.3440643863179074
xgboost_smote,0.0026292570400983095,0.2129514321295143,0.9,0.3444108761329305
xgboost_smote,0.0026347609236836433,0.21321695760598502,0.9,0.34475806451612895
xgboost_smote,0.002656941069290042,0.21348314606741572,0.9,0.34510595358224017
xgboost_smote,0.0026794688310474157,0.21375,0.9,0.34545454545454546
xgboost_smote,0.00271568913012743,0.21401752190237797,0.9,0.34580384226491406
xgboost_smote,0.002715853275731206,0.21428571428571427,0.9,0.3461538461538461
xgboost_smote,0.0027464882005006075,0.21455457967377667,0.9,0.34650455927051677
xgboost_smote,0.002803582465276122,0.21482412060301506,0.9,0.34685598377281945
xgboost_smote,0.0028041545301675797,0.2138364779874214,0.8947368421052632,0.34517766497461927
xgboost_smote,0.002844416070729494,0.2141057934508816,0.8947368421052632,0.34552845528455284
xgboost_smote,0.0028541770298033953,0.21437578814627994,0.8947368421052632,0.34587995930824006
xgboost_smote,0.002858618274331093,0.21338383838383837,0.8894736842105263,0.34419551934826886
xgboost_smote,0.002867949428036809,0.213653603034134,0.8894736842105263,0.34454638124362896
xgboost_smote,0.002886151196435094,0.2139240506329114,0.8894736842105263,0.3448979591836735
xgboost_smote,0.0029118030797690153,0.21419518377693283,0.8894736842105263,0.34525025536261494
xgboost_smote,0.0029509682208299637,0.2131979695431472,0.8842105263157894,0.3435582822085889
xgboost_smote,0.0029642588924616575,0.21346886912325286,0.8842105263157894,0.34390992835209827
xgboost_smote,0.0029910991434007883,0.21374045801526717,0.8842105263157894,0.3442622950819672
xgboost_smote,0.0030334179755300283,0.2140127388535032,0.8842105263157894,0.3446153846153846
xgboost_smote,0.003050966188311577,0.21428571428571427,0.8842105263157894,0.3449691991786447
xgboost_smote,0.0030668016988784075,0.21455938697318008,0.8842105263157894,0.34532374100719426
xgboost_smote,0.003078039037063718,0.21483375959079284,0.8842105263157894,0.345679012345679
xgboost_smote,0.0031033239793032408,0.21510883482714468,0.8842105263157894,0.34603501544799176
xgboost_smote,0.003123454051092267,0.2153846153846154,0.8842105263157894,0.3463917525773196
xgboost_smote,0.0031266226433217525,0.21566110397946084,0.8842105263157894,0.3467492260061919
xgboost_smote,0.003138846717774868,0.2159383033419023,0.8842105263157894,0.3471074380165289
xgboost_smote,0.0031583060044795275,0.21621621621621623,0.8842105263157894,0.3474663908996897
xgboost_smote,0.0031627980060875416,0.21520618556701032,0.8789473684210526,0.34575569358178054
xgboost_smote,0.003166781272739172,0.21419354838709678,0.8736842105263158,0.34404145077720216
xgboost_smote,0.003185725538060069,0.2144702842377261,0.8736842105263158,0.34439834024896265
xgboost_smote,0.0032388668041676283,0.2147477360931436,0.8736842105263158,0.34475597092419524
xgboost_smote,0.0032554068602621555,0.21502590673575128,0.8736842105263158,0.34511434511434513
xgboost_smote,0.0033516751136630774,0.21530479896238652,0.8736842105263158,0.34547346514047866
xgboost_smote,0.003352344036102295,0.21558441558441557,0.8736842105263158,0.3458333333333333
xgboost_smote,0.0033641031477600336,0.21586475942782835,0.8736842105263158,0.34619395203336806
xgboost_smote,0.0033675371669232845,0.21614583333333334,0.8736842105263158,0.34655532359081426
xgboost_smote,0.0033714333549141884,0.21642764015645372,0.8736842105263158,0.3469174503657262
xgboost_smote,0.003376106731593609,0.21671018276762402,0.8736842105263158,0.3472803347280335
xgboost_smote,0.0033801477402448654,0.2169934640522876,0.8736842105263158,0.3476439790575916
xgboost_smote,0.0033850313629955053,0.21727748691099477,0.8736842105263158,0.3480083857442348
xgboost_smote,0.003385846968740225,0.21756225425950196,0.8736842105263158,0.3483735571878279
xgboost_smote,0.003414164064452052,0.2178477690288714,0.8736842105263158,0.34873949579831937
xgboost_smote,0.0034156879410147667,0.21813403416557162,0.8736842105263158,0.3491062039957939
xgboost_smote,0.0034296365920454264,0.21842105263157896,0.8736842105263158,0.3494736842105264
xgboost_smote,0.0034530048724263906,0.21870882740447958,0.8736842105263158,0.34984193888303483
xgboost_smote,0.0034881497267633677,0.21767810026385223,0.868421052631579,0.34810126582278483
xgboost_smote,0.003540810663253069,0.21796565389696168,0.868421052631579,0.34846884899683206
xgboost_smote,0.003558200318366289,0.21825396825396826,0.868421052631579,0.34883720930232565
xgboost_smote,0.0035600420087575912,0.2185430463576159,0.868421052631579,0.3492063492063492
xgboost_smote,0.0035645391326397657,0.21883289124668434,0.868421052631579,0.34957627118644063
xgboost_smote,0.003571978770196438,0.21912350597609562,0.868421052631579,0.34994697773064687
xgboost_smote,0.0035819783806800842,0.21808510638297873,0.8631578947368421,0.3481953290870488
xgboost_smote,0.0036684060469269753,0.21837549933422104,0.8631578947368421,0.34856535600425076
xgboost_smote,0.003670072415843606,0.21866666666666668,0.8631578947368421,0.348936170212766
xgboost_smote,0.003699640044942498,0.21895861148197596,0.8631578947368421,0.349307774227902
xgboost_smote,0.0037004274781793356,0.2192513368983957,0.8631578947368421,0.34968017057569295
xgboost_smote,0.003701684530824423,0.21954484605087016,0.8631578947368421,0.35005336179295626
xgboost_smote,0.0037131537683308125,0.21983914209115282,0.8631578947368421,0.35042735042735046
xgboost_smote,0.0037838288117200136,0.22013422818791947,0.8631578947368421,0.3508021390374332
xgboost_smote,0.003794875694438815,0.21908602150537634,0.8578947368421053,0.3490364025695932
xgboost_smote,0.0038210733328014612,0.2193808882907133,0.8578947368421053,0.34941050375133975
xgboost_smote,0.003834224073216319,0.2196765498652291,0.8578947368421053,0.3497854077253219
xgboost_smote,0.003847928484901786,0.21997300944669365,0.8578947368421053,0.3501611170784103
xgboost_smote,0.003893997985869646,0.22027027027027027,0.8578947368421053,0.35053763440860214
xgboost_smote,0.0039120689034461975,0.22056833558863329,0.8578947368421053,0.3509149623250808
xgboost_smote,0.003950867336243391,0.22086720867208673,0.8578947368421053,0.3512931034482759
xgboost_smote,0.003971732221543789,0.2198100407055631,0.8526315789473684,0.3495145631067961
xgboost_smote,0.003993582911789417,0.22010869565217392,0.8526315789473684,0.3498920086393089
xgboost_smote,0.004107808228582144,0.22040816326530613,0.8526315789473684,0.3502702702702703
xgboost_smote,0.004112543538212776,0.22070844686648503,0.8526315789473684,0.35064935064935066
xgboost_smote,0.004125126171857119,0.22100954979536153,0.8526315789473684,0.35102925243770317
xgboost_smote,0.004138430580496788,0.22131147540983606,0.8526315789473684,0.35140997830802606
xgboost_smote,0.0041885278187692165,0.22024623803009577,0.8473684210526315,0.3496199782844734
xgboost_smote,0.004193576984107494,0.22054794520547946,0.8473684210526315,0.35
xgboost_smote,0.004197780508548021,0.22085048010973937,0.8473684210526315,0.35038084874863984
xgboost_smote,0.004345807712525129,0.22115384615384615,0.8473684210526315,0.35076252723311546
xgboost_smote,0.004433342255651951,0.22145804676753783,0.8473684210526315,0.3511450381679389
xgboost_smote,0.004499913193285465,0.22176308539944903,0.8473684210526315,0.35152838427947597
xgboost_smote,0.004516453482210636,0.22206896551724137,0.8473684210526315,0.3519125683060109
xgboost_smote,0.00452780444175005,0.2223756906077348,0.8473684210526315,0.3522975929978118
xgboost_smote,0.004609581083059311,0.22268326417704012,0.8473684210526315,0.35268346111719606
xgboost_smote,0.0046670869924128056,0.22299168975069253,0.8473684210526315,0.3530701754385965
xgboost_smote,0.004702262580394745,0.22330097087378642,0.8473684210526315,0.35345773874862785
xgboost_smote,0.004707720130681992,0.22361111111111112,0.8473684210526315,0.3538461538461538
xgboost_smote,0.004713201895356178,0.2239221140472879,0.8473684210526315,0.35423542354235427
xgboost_smote,0.004728943575173616,0.22423398328690808,0.8473684210526315,0.354625550660793
xgboost_smote,0.004738354589790106,0.22454672245467225,0.8473684210526315,0.35501653803748623
xgboost_smote,0.004770191852003336,0.22486033519553073,0.8473684210526315,0.3554083885209713
xgboost_smote,0.004782209172844887,0.22517482517482518,0.8473684210526315,0.3558011049723757
xgboost_smote,0.0047966670244932175,0.22549019607843138,0.8473684210526315,0.35619469026548667
xgboost_smote,0.00479747261852026,0.2244039270687237,0.8421052631578947,0.3543743078626799
xgboost_smote,0.004836732987314463,0.2247191011235955,0.8421052631578947,0.35476718403547663
xgboost_smote,0.004840303212404251,0.2250351617440225,0.8421052631578947,0.3551609322974473
xgboost_smote,0.00484906230121851,0.22535211267605634,0.8421052631578947,0.35555555555555557
xgboost_smote,0.004921569488942623,0.22566995768688294,0.8421052631578947,0.3559510567296997
xgboost_smote,0.004934926517307758,0.22598870056497175,0.8421052631578947,0.35634743875278396
xgboost_smote,0.004948756191879511,0.2263083451202263,0.8421052631578947,0.3567447045707915
xgboost_smote,0.004958632402122021,0.22662889518413598,0.8421052631578947,0.35714285714285715
xgboost_smote,0.004969664849340916,0.22695035460992907,0.8421052631578947,0.3575418994413408
xgboost_smote,0.004998249467462301,0.22727272727272727,0.8421052631578947,0.35794183445190153
xgboost_smote,0.005002486053854227,0.22759601706970128,0.8421052631578947,0.3583426651735722
xgboost_smote,0.0050622266717255116,0.2264957264957265,0.8368421052631579,0.3565022421524664
xgboost_smote,0.00506235659122467,0.2268188302425107,0.8368421052631579,0.35690235690235694
xgboost_smote,0.005066928453743458,0.22714285714285715,0.8368421052631579,0.3573033707865168
xgboost_smote,0.005105264950543642,0.22746781115879827,0.8368421052631579,0.3577052868391451
xgboost_smote,0.005127955228090286,0.22779369627507162,0.8368421052631579,0.3581081081081081
xgboost_smote,0.005131264682859182,0.22812051649928264,0.8368421052631579,0.3585118376550169
xgboost_smote,0.005152434576302767,0.22844827586206898,0.8368421052631579,0.35891647855530473
xgboost_smote,0.005156789440661669,0.22877697841726619,0.8368421052631579,0.359322033898305
xgboost_smote,0.005180110689252615,0.22910662824207492,0.8368421052631579,0.3597285067873303
xgboost_smote,0.0052241189405322075,0.22943722943722944,0.8368421052631579,0.36013590033975085
xgboost_smote,0.00532535882666707,0.22976878612716764,0.8368421052631579,0.36054421768707484
xgboost_smote,0.005338268354535103,0.22865412445730826,0.8315789473684211,0.35868331441543705
xgboost_smote,0.005354090593755245,0.2289855072463768,0.8315789473684211,0.3590909090909091
xgboost_smote,0.005355142056941986,0.22931785195936139,0.8315789473684211,0.3594994311717861
xgboost_smote,0.005382139701396227,0.22965116279069767,0.8315789473684211,0.35990888382687924
xgboost_smote,0.005391275510191917,0.22998544395924309,0.8315789473684211,0.36031927023945265
xgboost_smote,0.005397579167038202,0.2303206997084548,0.8315789473684211,0.3607305936073059
xgboost_smote,0.005449486430734396,0.23065693430656933,0.8315789473684211,0.3611428571428571
xgboost_smote,0.005467744544148445,0.2309941520467836,0.8315789473684211,0.36155606407322655
xgboost_smote,0.005477422382682562,0.23133235724743778,0.8315789473684211,0.3619702176403207
xgboost_smote,0.005480194464325905,0.2316715542521994,0.8315789473684211,0.3623853211009175
xgboost_smote,0.0054851192981004715,0.23201174743024963,0.8315789473684211,0.3628013777267509
xgboost_smote,0.0054864585399627686,0.2323529411764706,0.8315789473684211,0.3632183908045977
xgboost_smote,0.005540006794035435,0.23269513991163476,0.8315789473684211,0.36363636363636365
xgboost_smote,0.005555127281695604,0.23303834808259588,0.8315789473684211,0.36405529953917054
xgboost_smote,0.0056097679771482944,0.23338257016248154,0.8315789473684211,0.3644752018454441
xgboost_smote,0.0056400601752102375,0.23372781065088757,0.8315789473684211,0.3648960739030023
xgboost_smote,0.005703938193619251,0.23407407407407407,0.8315789473684211,0.36531791907514455
xgboost_smote,0.005736204795539379,0.2344213649851632,0.8315789473684211,0.36574074074074076
xgboost_smote,0.0057954611256718636,0.23476968796433878,0.8315789473684211,0.36616454229432216
xgboost_smote,0.005879530217498541,0.23511904761904762,0.8315789473684211,0.3665893271461717
xgboost_smote,0.0058812606148421764,0.23546944858420268,0.8315789473684211,0.36701509872241583
xgboost_smote,0.005931200925260782,0.23582089552238805,0.8315789473684211,0.36744186046511623
xgboost_smote,0.0059343199245631695,0.23617339312406577,0.8315789473684211,0.36786961583236316
xgboost_smote,0.005955829285085201,0.23652694610778444,0.8315789473684211,0.36829836829836826
xgboost_smote,0.005967460572719574,0.2368815592203898,0.8315789473684211,0.3687281213535589
xgboost_smote,0.006023439113050699,0.23723723723723725,0.8315789473684211,0.36915887850467294
xgboost_smote,0.0060331737622618675,0.23759398496240602,0.8315789473684211,0.36959064327485375
xgboost_smote,0.00604003993794322,0.23795180722891565,0.8315789473684211,0.37002341920374704
xgboost_smote,0.006119738332927227,0.2383107088989442,0.8315789473684211,0.3704572098475968
xgboost_smote,0.00615960918366909,0.23867069486404835,0.8315789473684211,0.37089201877934275
xgboost_smote,0.006240496411919594,0.23903177004538578,0.8315789473684211,0.37132784958871917
xgboost_smote,0.006258581764996052,0.23787878787878788,0.8263157894736842,0.3694117647058824
xgboost_smote,0.006283899303525686,0.23823975720789076,0.8263157894736842,0.36984687868080096
xgboost_smote,0.00632056687027216,0.23860182370820668,0.8263157894736842,0.37028301886792453
xgboost_smote,0.006432730238884687,0.2389649923896499,0.8263157894736842,0.3707201889020071
xgboost_smote,0.006458586547523737,0.23932926829268292,0.8263157894736842,0.3711583924349881
xgboost_smote,0.006508948747068644,0.23969465648854962,0.8263157894736842,0.3715976331360947
xgboost_smote,0.006546585820615292,0.2400611620795107,0.8263157894736842,0.37203791469194314
xgboost_smote,0.006549715995788574,0.24042879019908117,0.8263157894736842,0.37247924080664296
xgboost_smote,0.0065580266527831554,0.24079754601226994,0.8263157894736842,0.37292161520190026
xgboost_smote,0.006582249887287617,0.2411674347158218,0.8263157894736842,0.3733650416171225
xgboost_smote,0.00661579379811883,0.24153846153846154,0.8263157894736842,0.37380952380952376
xgboost_smote,0.006636562291532755,0.24191063174114022,0.8263157894736842,0.3742550655542312
xgboost_smote,0.0066610705107450485,0.24228395061728394,0.8263157894736842,0.3747016706443914
xgboost_smote,0.0067098988220095634,0.2426584234930448,0.8263157894736842,0.3751493428912784
xgboost_smote,0.006726499181240797,0.24303405572755418,0.8263157894736842,0.37559808612440193
xgboost_smote,0.0067905946634709835,0.2434108527131783,0.8263157894736842,0.37604790419161677
xgboost_smote,0.006815715227276087,0.24378881987577639,0.8263157894736842,0.3764988009592326
xgboost_smote,0.00684644840657711,0.24416796267496113,0.8263157894736842,0.3769507803121248
xgboost_smote,0.0069003538228571415,0.24454828660436137,0.8263157894736842,0.37740384615384615
xgboost_smote,0.006926439236849546,0.24492979719188768,0.8263157894736842,0.3778580024067389
xgboost_smote,0.006948729045689106,0.2453125,0.8263157894736842,0.3783132530120482
xgboost_smote,0.006969964597374201,0.24569640062597808,0.8263157894736842,0.3787696019300362
xgboost_smote,0.007016906514763832,0.24608150470219436,0.8263157894736842,0.37922705314009664
xgboost_smote,0.007038775831460953,0.24646781789638933,0.8263157894736842,0.3796856106408706
xgboost_smote,0.0071211992762982845,0.2468553459119497,0.8263157894736842,0.38014527845036317
xgboost_smote,0.007132526487112045,0.247244094488189,0.8263157894736842,0.3806060606060606
xgboost_smote,0.007169044576585293,0.2476340694006309,0.8263157894736842,0.38106796116504854
xgboost_smote,0.007176640909165144,0.2480252764612954,0.8263157894736842,0.38153098420413123
xgboost_smote,0.007186064962297678,0.24841772151898733,0.8263157894736842,0.38199513381995137
xgboost_smote,0.0072121708653867245,0.24881141045958796,0.8263157894736842,0.38246041412911086
xgboost_smote,0.007297573611140251,0.24761904761904763,0.8210526315789474,0.38048780487804884
xgboost_smote,0.007308833301067352,0.246422893481717,0.8157894736842105,0.37851037851037844
xgboost_smote,0.007342638447880745,0.24681528662420382,0.8157894736842105,0.37897310513447435
xgboost_smote,0.0074371532537043095,0.24720893141945774,0.8157894736842105,0.379436964504284
xgboost_smote,0.00749239744618535,0.2476038338658147,0.8157894736842105,0.3799019607843137
xgboost_smote,0.007510400377213955,0.248,0.8157894736842105,0.3803680981595092
xgboost_smote,0.007636433467268944,0.2483974358974359,0.8157894736842105,0.3808353808353809
xgboost_smote,0.007667873986065388,0.24719101123595505,0.8105263157894737,0.37884378843788435
xgboost_smote,0.007724693510681391,0.24758842443729903,0.8105263157894737,0.37931034482758613
xgboost_smote,0.007730437908321619,0.24798711755233493,0.8105263157894737,0.37977805178791607
xgboost_smote,0.007737701293081045,0.24838709677419354,0.8105263157894737,0.3802469135802469
xgboost_smote,0.007745979819446802,0.24878836833602586,0.8105263157894737,0.38071693448702104
xgboost_smote,0.007748571690171957,0.24919093851132687,0.8105263157894737,0.38118811881188125
xgboost_smote,0.007750845048576593,0.24959481361426256,0.8105263157894737,0.3816604708798017
xgboost_smote,0.007803861517459154,0.25,0.8105263157894737,0.3821339950372209
xgboost_smote,0.008086207322776318,0.25040650406504067,0.8105263157894737,0.382608695652174
xgboost_smote,0.008201819844543934,0.250814332247557,0.8105263157894737,0.38308457711442784
xgboost_smote,0.008217042312026024,0.25122349102773245,0.8105263157894737,0.3835616438356164
xgboost_smote,0.008320963010191917,0.25163398692810457,0.8105263157894737,0.38403990024937656
xgboost_smote,0.008346742950379848,0.2520458265139116,0.8105263157894737,0.3845193508114856
xgboost_smote,0.008384983986616135,0.25245901639344265,0.8105263157894737,0.385
xgboost_smote,0.008425791747868061,0.25287356321839083,0.8105263157894737,0.3854818523153943
xgboost_smote,0.008518352173268795,0.25164473684210525,0.8052631578947368,0.3834586466165414
xgboost_smote,0.008591117337346077,0.25205930807248766,0.8052631578947368,0.383939774153074
xgboost_smote,0.008595772087574005,0.2524752475247525,0.8052631578947368,0.3844221105527638
xgboost_smote,0.008692734874784946,0.2528925619834711,0.8052631578947368,0.3849056603773585
xgboost_smote,0.008693967014551163,0.2533112582781457,0.8052631578947368,0.3853904282115869
xgboost_smote,0.008723300881683826,0.2537313432835821,0.8052631578947368,0.3858764186633039
xgboost_smote,0.008838732726871967,0.2541528239202658,0.8052631578947368,0.38636363636363635
xgboost_smote,0.008894091472029686,0.2529118136439268,0.8,0.38432364096080907
xgboost_smote,0.00892760418355465,0.25333333333333335,0.8,0.3848101265822785
xgboost_smote,0.008928705006837845,0.25375626043405675,0.8,0.38529784537389095
xgboost_smote,0.009010255336761475,0.25418060200668896,0.8,0.38578680203045684
xgboost_smote,0.009063174948096275,0.254606365159129,0.8,0.386277001270648
xgboost_smote,0.009150156751275063,0.2550335570469799,0.8,0.38676844783715014
xgboost_smote,0.0092343520373106,0.25546218487394956,0.8,0.38726114649681526
xgboost_smote,0.009323995560407639,0.2558922558922559,0.8,0.38775510204081637
xgboost_smote,0.00935325212776661,0.25463743676222594,0.7947368421052632,0.38569604086845466
xgboost_smote,0.009441167116165161,0.25506756756756754,0.7947368421052632,0.38618925831202044
xgboost_smote,0.009511863812804222,0.25549915397631134,0.7947368421052632,0.3866837387964148
xgboost_smote,0.009560149163007736,0.2559322033898305,0.7947368421052632,0.3871794871794872
xgboost_smote,0.009607541374862194,0.2563667232597623,0.7947368421052632,0.3876765083440308
xgboost_smote,0.00962289422750473,0.2568027210884354,0.7947368421052632,0.38817480719794345
xgboost_smote,0.009659312665462494,0.2572402044293015,0.7947368421052632,0.3886743886743887
xgboost_smote,0.009772813878953457,0.257679180887372,0.7947368421052632,0.38917525773195877
xgboost_smote,0.009872605092823505,0.25811965811965815,0.7947368421052632,0.38967741935483874
xgboost_smote,0.009909781627357006,0.2585616438356164,0.7947368421052632,0.39018087855297157
xgboost_smote,0.009994369000196457,0.25900514579759865,0.7947368421052632,0.39068564036222514
xgboost_smote,0.010050831362605095,0.25945017182130586,0.7947368421052632,0.39119170984455964
xgboost_smote,0.010054015554487705,0.25989672977624784,0.7947368421052632,0.39169909208819714
xgboost_smote,0.010074067860841751,0.2603448275862069,0.7947368421052632,0.3922077922077922
xgboost_smote,0.010142123326659203,0.2607944732297064,0.7947368421052632,0.3927178153446034
xgboost_smote,0.01017666794359684,0.26124567474048443,0.7947368421052632,0.39322916666666663
xgboost_smote,0.010220967233181,0.2616984402079723,0.7947368421052632,0.39374185136897005
xgboost_smote,0.010283253155648708,0.2621527777777778,0.7947368421052632,0.3942558746736293
xgboost_smote,0.01085768360644579,0.26260869565217393,0.7947368421052632,0.3947712418300654
xgboost_smote,0.01091001182794571,0.2613240418118467,0.7894736842105263,0.39267015706806285
xgboost_smote,0.011008845642209053,0.2617801047120419,0.7894736842105263,0.3931847968545216
xgboost_smote,0.011027763597667217,0.26223776223776224,0.7894736842105263,0.39370078740157477
xgboost_smote,0.011038430035114288,0.2626970227670753,0.7894736842105263,0.39421813403416556
xgboost_smote,0.011173899285495281,0.2631578947368421,0.7894736842105263,0.39473684210526316
xgboost_smote,0.011231251060962677,0.26362038664323373,0.7894736842105263,0.3952569169960474
xgboost_smote,0.011348411440849304,0.2640845070422535,0.7894736842105263,0.39577836411609496
xgboost_smote,0.011471008881926537,0.26455026455026454,0.7894736842105263,0.39630118890356675
xgboost_smote,0.011478288099169731,0.26501766784452296,0.7894736842105263,0.39682539682539686
xgboost_smote,0.01150369644165039,0.26548672566371684,0.7894736842105263,0.3973509933774835
xgboost_smote,0.011601883918046951,0.26595744680851063,0.7894736842105263,0.3978779840848806
xgboost_smote,0.011621546000242233,0.2664298401420959,0.7894736842105263,0.398406374501992
xgboost_smote,0.011636261828243732,0.2669039145907473,0.7894736842105263,0.39893617021276595
xgboost_smote,0.011745115742087364,0.26737967914438504,0.7894736842105263,0.3994673768308922
xgboost_smote,0.01178634911775589,0.26785714285714285,0.7894736842105263,0.4
xgboost_smote,0.011881094425916672,0.26654740608228983,0.7842105263157895,0.3978638184245661
xgboost_smote,0.012140711769461632,0.2670250896057348,0.7842105263157895,0.3983957219251338
xgboost_smote,0.012219086289405823,0.26750448833034113,0.7842105263157895,0.39892904953145913
xgboost_smote,0.012231286615133286,0.26798561151079137,0.7842105263157895,0.3994638069705094
xgboost_smote,0.012338227592408657,0.26846846846846845,0.7842105263157895,0.39999999999999997
xgboost_smote,0.012381056323647499,0.26895306859205775,0.7842105263157895,0.40053763440860213
xgboost_smote,0.012390995398163795,0.2694394213381555,0.7842105263157895,0.4010767160161508
xgboost_smote,0.012468532659113407,0.26992753623188404,0.7842105263157895,0.40161725067385445
xgboost_smote,0.012497995048761368,0.27041742286751363,0.7842105263157895,0.40215924426450744
xgboost_smote,0.01255042664706707,0.27090909090909093,0.7842105263157895,0.4027027027027027
xgboost_smote,0.012551113031804562,0.26958105646630237,0.7789473684210526,0.40054127198917455
xgboost_smote,0.012617634609341621,0.27007299270072993,0.7789473684210526,0.4010840108401084
xgboost_smote,0.012777633965015411,0.27056672760511885,0.7789473684210526,0.4016282225237449
xgboost_smote,0.012854323722422123,0.27106227106227104,0.7789473684210526,0.40217391304347827
xgboost_smote,0.01286047138273716,0.26972477064220185,0.7736842105263158,0.4
xgboost_smote,0.012862706556916237,0.2702205882352941,0.7736842105263158,0.4005449591280653
xgboost_smote,0.012920747511088848,0.27071823204419887,0.7736842105263158,0.4010914051841746
xgboost_smote,0.012925047427415848,0.27121771217712176,0.7736842105263158,0.4016393442622951
xgboost_smote,0.012953627854585648,0.27171903881700554,0.7736842105263158,0.40218878248974005
xgboost_smote,0.013028348796069622,0.2722222222222222,0.7736842105263158,0.40273972602739727
xgboost_smote,0.013083524070680141,0.2727272727272727,0.7736842105263158,0.40329218106995884
xgboost_smote,0.013214132748544216,0.2732342007434944,0.7736842105263158,0.4038461538461538
xgboost_smote,0.013266843743622303,0.2737430167597765,0.7736842105263158,0.4044016506189821
xgboost_smote,0.013295876793563366,0.27425373134328357,0.7736842105263158,0.4049586776859504
xgboost_smote,0.013297815807163715,0.27476635514018694,0.7736842105263158,0.4055172413793104
xgboost_smote,0.013301427476108074,0.2752808988764045,0.7736842105263158,0.4060773480662984
xgboost_smote,0.013303166255354881,0.275797373358349,0.7736842105263158,0.4066390041493776
xgboost_smote,0.013402876444160938,0.27631578947368424,0.7736842105263158,0.407202216066482
xgboost_smote,0.013440459035336971,0.2768361581920904,0.7736842105263158,0.4077669902912621
xgboost_smote,0.013738811947405338,0.27735849056603773,0.7736842105263158,0.40833333333333327
xgboost_smote,0.01377834565937519,0.277882797731569,0.7736842105263158,0.4089012517385257
xgboost_smote,0.013940193690359592,0.2784090909090909,0.7736842105263158,0.40947075208913647
xgboost_smote,0.014016127213835716,0.27893738140417457,0.7736842105263158,0.4100418410041841
xgboost_smote,0.014065366238355637,0.279467680608365,0.7736842105263158,0.41061452513966473
xgboost_smote,0.014103525318205357,0.28,0.7736842105263158,0.4111888111888112
xgboost_smote,0.014118543826043606,0.28053435114503816,0.7736842105263158,0.4117647058823529
xgboost_smote,0.014227875508368015,0.28107074569789675,0.7736842105263158,0.4123422159887798
xgboost_smote,0.01423030998557806,0.2796934865900383,0.7684210526315789,0.4101123595505618
xgboost_smote,0.014239717274904251,0.2802303262955854,0.7684210526315789,0.41068917018284107
xgboost_smote,0.014266040176153183,0.28076923076923077,0.7684210526315789,0.41126760563380277
xgboost_smote,0.014577660709619522,0.2813102119460501,0.7684210526315789,0.4118476727785613
xgboost_smote,0.014625865034759045,0.28185328185328185,0.7684210526315789,0.4124293785310735
xgboost_smote,0.014777339063584805,0.28239845261121854,0.7684210526315789,0.4130127298444129
xgboost_smote,0.014908702112734318,0.28294573643410853,0.7684210526315789,0.41359773371104813
xgboost_smote,0.01499181892722845,0.283495145631068,0.7684210526315789,0.41418439716312055
xgboost_smote,0.015166305005550385,0.2821011673151751,0.7631578947368421,0.4119318181818182
xgboost_smote,0.015190547332167625,0.2807017543859649,0.7578947368421053,0.40967283072546223
xgboost_smote,0.015331500209867954,0.28125,0.7578947368421053,0.4102564102564102
xgboost_smote,0.015563588589429855,0.28180039138943247,0.7578947368421053,0.4108416547788873
xgboost_smote,0.015678411349654198,0.2823529411764706,0.7578947368421053,0.4114285714285714
xgboost_smote,0.015790510922670364,0.2829076620825147,0.7578947368421053,0.41201716738197425
xgboost_smote,0.01592068374156952,0.28346456692913385,0.7578947368421053,0.41260744985673353
xgboost_smote,0.01599889062345028,0.28402366863905326,0.7578947368421053,0.4131994261119082
xgboost_smote,0.016015930101275444,0.2845849802371542,0.7578947368421053,0.41379310344827586
xgboost_smote,0.016033291816711426,0.2851485148514851,0.7578947368421053,0.4143884892086331
xgboost_smote,0.016077427193522453,0.2857142857142857,0.7578947368421053,0.414985590778098
xgboost_smote,0.01614297926425934,0.28628230616302186,0.7578947368421053,0.4155844155844156
xgboost_smote,0.01636313647031784,0.2848605577689243,0.7526315789473684,0.41329479768786126
xgboost_smote,0.016432153061032295,0.28542914171656686,0.7526315789473684,0.4138929088277858
xgboost_smote,0.016457775607705116,0.284,0.7473684210526316,0.41159420289855075
xgboost_smote,0.016682278364896774,0.2845691382765531,0.7473684210526316,0.4121915820029028
xgboost_smote,0.016711214557290077,0.285140562248996,0.7473684210526316,0.41279069767441856
xgboost_smote,0.01701725833117962,0.2857142857142857,0.7473684210526316,0.413391557496361
xgboost_smote,0.017074454575777054,0.2862903225806452,0.7473684210526316,0.41399416909620995
xgboost_smote,0.017224768176674843,0.2868686868686869,0.7473684210526316,0.41459854014598546
xgboost_smote,0.01727396249771118,0.2874493927125506,0.7473684210526316,0.4152046783625731
xgboost_smote,0.017329303547739983,0.28600405679513186,0.7421052631578947,0.4128843338213763
xgboost_smote,0.017371350899338722,0.2865853658536585,0.7421052631578947,0.41348973607038125
xgboost_smote,0.017453504726290703,0.28716904276985744,0.7421052631578947,0.4140969162995595
xgboost_smote,0.017564963549375534,0.28775510204081634,0.7421052631578947,0.4147058823529412
xgboost_smote,0.017763035371899605,0.2883435582822086,0.7421052631578947,0.4153166421207658
xgboost_smote,0.017892198637127876,0.2889344262295082,0.7421052631578947,0.415929203539823
xgboost_smote,0.017913317307829857,0.28952772073921973,0.7421052631578947,0.4165435745937961
xgboost_smote,0.018032236024737358,0.29012345679012347,0.7421052631578947,0.41715976331360943
xgboost_smote,0.018322162330150604,0.2907216494845361,0.7421052631578947,0.4177777777777778
xgboost_smote,0.01838778518140316,0.29132231404958675,0.7421052631578947,0.41839762611275966
xgboost_smote,0.018418673425912857,0.2919254658385093,0.7421052631578947,0.4190193164933135
xgboost_smote,0.01845153607428074,0.29045643153526973,0.7368421052631579,0.41666666666666674
xgboost_smote,0.018812166526913643,0.2910602910602911,0.7368421052631579,0.4172876304023846
xgboost_smote,0.0189238078892231,0.2916666666666667,0.7368421052631579,0.41791044776119407
xgboost_smote,0.01898851990699768,0.29227557411273486,0.7368421052631579,0.41853512705530643
xgboost_smote,0.019049443304538727,0.2928870292887029,0.7368421052631579,0.4191616766467065
xgboost_smote,0.019127257168293,0.29350104821802936,0.7368421052631579,0.4197901049475263
xgboost_smote,0.019294949248433113,0.29411764705882354,0.7368421052631579,0.42042042042042044
xgboost_smote,0.01945057325065136,0.29473684210526313,0.7368421052631579,0.42105263157894735
xgboost_smote,0.01965610682964325,0.29535864978902954,0.7368421052631579,0.42168674698795183
xgboost_smote,0.019744696095585823,0.2959830866807611,0.7368421052631579,0.4223227752639518
xgboost_smote,0.01978284865617752,0.2966101694915254,0.7368421052631579,0.4229607250755287
xgboost_smote,0.01991766132414341,0.29723991507430997,0.7368421052631579,0.4236006051437216
xgboost_smote,0.01994311809539795,0.2978723404255319,0.7368421052631579,0.4242424242424243
xgboost_smote,0.02009342797100544,0.29850746268656714,0.7368421052631579,0.42488619119878596
xgboost_smote,0.020127832889556885,0.29914529914529914,0.7368421052631579,0.425531914893617
xgboost_smote,0.020175278186798096,0.29978586723768735,0.7368421052631579,0.4261796042617961
xgboost_smote,0.020189624279737473,0.30042918454935624,0.7368421052631579,0.4268292682926829
xgboost_smote,0.020244194194674492,0.3010752688172043,0.7368421052631579,0.4274809160305343
xgboost_smote,0.020700011402368546,0.3017241379310345,0.7368421052631579,0.4281345565749236
xgboost_smote,0.020915402099490166,0.3023758099352052,0.7368421052631579,0.4287901990811638
xgboost_smote,0.02094407007098198,0.30303030303030304,0.7368421052631579,0.42944785276073616
xgboost_smote,0.021111205220222473,0.3036876355748373,0.7368421052631579,0.43010752688172044
xgboost_smote,0.021312760189175606,0.30434782608695654,0.7368421052631579,0.43076923076923074
xgboost_smote,0.02148749865591526,0.30501089324618735,0.7368421052631579,0.43143297380585516
xgboost_smote,0.02161100134253502,0.3056768558951965,0.7368421052631579,0.43209876543209874
xgboost_smote,0.02193377912044525,0.3063457330415755,0.7368421052631579,0.4327666151468315
xgboost_smote,0.022122947499155998,0.30701754385964913,0.7368421052631579,0.43343653250774
xgboost_smote,0.022320177406072617,0.3076923076923077,0.7368421052631579,0.434108527131783
xgboost_smote,0.02232327125966549,0.30837004405286345,0.7368421052631579,0.43478260869565216
xgboost_smote,0.022978637367486954,0.3090507726269316,0.7368421052631579,0.4354587869362364
xgboost_smote,0.023161135613918304,0.3075221238938053,0.7315789473684211,0.43302180685358255
xgboost_smote,0.023246677592396736,0.3082039911308204,0.7315789473684211,0.43369734789391573
xgboost_smote,0.023441728204488754,0.3088888888888889,0.7315789473684211,0.43437499999999996
xgboost_smote,0.024005930870771408,0.30734966592427615,0.7263157894736842,0.431924882629108
xgboost_smote,0.024168511852622032,0.3080357142857143,0.7263157894736842,0.4326018808777429
xgboost_smote,0.024227527901530266,0.3087248322147651,0.7263157894736842,0.43328100470957615
xgboost_smote,0.024275200441479683,0.3094170403587444,0.7263157894736842,0.43396226415094336
xgboost_smote,0.024486104026436806,0.3101123595505618,0.7263157894736842,0.4346456692913385
xgboost_smote,0.024860667064785957,0.3108108108108108,0.7263157894736842,0.4353312302839117
xgboost_smote,0.02488180808722973,0.3115124153498871,0.7263157894736842,0.4360189573459715
xgboost_smote,0.02548118121922016,0.31221719457013575,0.7263157894736842,0.43670886075949367
xgboost_smote,0.02581888996064663,0.3129251700680272,0.7263157894736842,0.4374009508716324
xgboost_smote,0.025820748880505562,0.31136363636363634,0.7210526315789474,0.4349206349206349
xgboost_smote,0.025944001972675323,0.3120728929384966,0.7210526315789474,0.43561208267090623
xgboost_smote,0.025951825082302094,0.3127853881278539,0.7210526315789474,0.43630573248407645
xgboost_smote,0.026125367730855942,0.3135011441647597,0.7210526315789474,0.4370015948963317
xgboost_smote,0.026157483458518982,0.31422018348623854,0.7210526315789474,0.4376996805111821
xgboost_smote,0.026217056438326836,0.31264367816091954,0.7157894736842105,0.43520000000000003
xgboost_smote,0.02626560442149639,0.31336405529953915,0.7157894736842105,0.43589743589743585
xgboost_smote,0.026644999161362648,0.3140877598152425,0.7157894736842105,0.4365971107544141
xgboost_smote,0.02716137282550335,0.3148148148148148,0.7157894736842105,0.43729903536977494
xgboost_smote,0.027393564581871033,0.31554524361948955,0.7157894736842105,0.4380032206119162
xgboost_smote,0.027610063552856445,0.31627906976744186,0.7157894736842105,0.43870967741935485
xgboost_smote,0.02763303369283676,0.317016317016317,0.7157894736842105,0.4394184168012924
xgboost_smote,0.02778608351945877,0.3177570093457944,0.7157894736842105,0.4401294498381877
xgboost_smote,0.028046270832419395,0.3185011709601874,0.7157894736842105,0.4408427876823339
xgboost_smote,0.02821393311023712,0.3192488262910798,0.7157894736842105,0.4415584415584416
xgboost_smote,0.02856232039630413,0.32,0.7157894736842105,0.44227642276422763
xgboost_smote,0.02896665781736374,0.31839622641509435,0.7105263157894737,0.4397394136807818
xgboost_smote,0.029239455237984657,0.3191489361702128,0.7105263157894737,0.4404567699836867
xgboost_smote,0.029379285871982574,0.31990521327014215,0.7105263157894737,0.4411764705882353
xgboost_smote,0.02957371436059475,0.32066508313539194,0.7105263157894737,0.44189852700491006
xgboost_smote,0.029858777299523354,0.32142857142857145,0.7105263157894737,0.4426229508196722
xgboost_smote,0.02997375652194023,0.3221957040572792,0.7105263157894737,0.4433497536945813
xgboost_smote,0.030113281682133675,0.32057416267942584,0.7052631578947368,0.4407894736842105
xgboost_smote,0.03028404898941517,0.3213429256594724,0.7052631578947368,0.4415156507413509
xgboost_smote,0.03036545217037201,0.32211538461538464,0.7052631578947368,0.44224422442244227
xgboost_smote,0.030482718721032143,0.3228915662650602,0.7052631578947368,0.4429752066115702
xgboost_smote,0.030606156215071678,0.32367149758454106,0.7052631578947368,0.44370860927152317
xgboost_smote,0.030811414122581482,0.324455205811138,0.7052631578947368,0.4444444444444444
xgboost_smote,0.030879542231559753,0.32524271844660196,0.7052631578947368,0.44518272425249167
xgboost_smote,0.03096192143857479,0.3260340632603406,0.7052631578947368,0.4459234608985025
xgboost_smote,0.0310176070779562,0.32682926829268294,0.7052631578947368,0.44666666666666666
xgboost_smote,0.03171752765774727,0.3276283618581907,0.7052631578947368,0.44741235392320533
xgboost_smote,0.03201201558113098,0.3284313725490196,0.7052631578947368,0.4481605351170569
xgboost_smote,0.03221073001623154,0.32923832923832924,0.7052631578947368,0.44891122278056955
xgboost_smote,0.03254447877407074,0.33004926108374383,0.7052631578947368,0.44966442953020136
xgboost_smote,0.03292093053460121,0.3308641975308642,0.7052631578947368,0.45042016806722696
xgboost_smote,0.03293941915035248,0.3316831683168317,0.7052631578947368,0.4511784511784512
xgboost_smote,0.03311058506369591,0.3325062034739454,0.7052631578947368,0.4519392917369308
xgboost_smote,0.03313536196947098,0.3333333333333333,0.7052631578947368,0.4527027027027027
xgboost_smote,0.03335539251565933,0.3341645885286783,0.7052631578947368,0.4534686971235194
xgboost_smote,0.03346884995698929,0.335,0.7052631578947368,0.4542372881355932
xgboost_smote,0.03435996547341347,0.3358395989974937,0.7052631578947368,0.45500848896434626
xgboost_smote,0.03450508415699005,0.33668341708542715,0.7052631578947368,0.4557823129251701
xgboost_smote,0.03471352905035019,0.33753148614609574,0.7052631578947368,0.4565587734241908
xgboost_smote,0.03481312096118927,0.3383838383838384,0.7052631578947368,0.45733788395904434
xgboost_smote,0.034878574311733246,0.3392405063291139,0.7052631578947368,0.45811965811965805
xgboost_smote,0.03522651270031929,0.3401015228426396,0.7052631578947368,0.45890410958904115
xgboost_smote,0.035342223942279816,0.34096692111959287,0.7052631578947368,0.4596912521440823
xgboost_smote,0.035499945282936096,0.34183673469387754,0.7052631578947368,0.46048109965635736
xgboost_smote,0.035542525351047516,0.34271099744245526,0.7052631578947368,0.4612736660929433
xgboost_smote,0.036082059144973755,0.3435897435897436,0.7052631578947368,0.46206896551724136
xgboost_smote,0.03612377122044563,0.3444730077120823,0.7052631578947368,0.46286701208981
xgboost_smote,0.03653876110911369,0.34536082474226804,0.7052631578947368,0.4636678200692041
xgboost_smote,0.03664403036236763,0.3462532299741602,0.7052631578947368,0.464471403812825
xgboost_smote,0.03691454976797104,0.344559585492228,0.7,0.46180555555555547
xgboost_smote,0.03723124787211418,0.34545454545454546,0.7,0.4626086956521739
xgboost_smote,0.03786241635680199,0.3463541666666667,0.7,0.46341463414634143
xgboost_smote,0.03810805454850197,0.3472584856396867,0.7,0.4642233856893543
xgboost_smote,0.03864465653896332,0.34554973821989526,0.6947368421052632,0.46153846153846156
xgboost_smote,0.038928285241127014,0.3464566929133858,0.6947368421052632,0.4623467600700526
xgboost_smote,0.03898920118808746,0.3447368421052632,0.6894736842105263,0.4596491228070176
xgboost_smote,0.039082929491996765,0.34564643799472294,0.6894736842105263,0.46045694200351495
xgboost_smote,0.03922854736447334,0.34656084656084657,0.6894736842105263,0.46126760563380276
xgboost_smote,0.040689341723918915,0.3448275862068966,0.6842105263157895,0.4585537918871252
xgboost_smote,0.04092030227184296,0.34574468085106386,0.6842105263157895,0.45936395759717313
xgboost_smote,0.04094425216317177,0.3466666666666667,0.6842105263157895,0.4601769911504426
xgboost_smote,0.04328043386340141,0.34759358288770054,0.6842105263157895,0.4609929078014185
xgboost_smote,0.04329093545675278,0.3485254691689008,0.6842105263157895,0.46181172291296624
xgboost_smote,0.04414157569408417,0.34946236559139787,0.6842105263157895,0.4626334519572954
xgboost_smote,0.04448312520980835,0.3477088948787062,0.6789473684210526,0.45989304812834225
xgboost_smote,0.04516934975981712,0.34594594594594597,0.6736842105263158,0.4571428571428572
xgboost_smote,0.04603375494480133,0.34688346883468835,0.6736842105263158,0.45796064400715564
xgboost_smote,0.046310506761074066,0.34782608695652173,0.6736842105263158,0.4587813620071684
xgboost_smote,0.04758424311876297,0.34877384196185285,0.6736842105263158,0.45960502692998206
xgboost_smote,0.047767117619514465,0.34972677595628415,0.6736842105263158,0.46043165467625896
xgboost_smote,0.04904656484723091,0.3506849315068493,0.6736842105263158,0.46126126126126127
xgboost_smote,0.051007356494665146,0.3516483516483517,0.6736842105263158,0.4620938628158845
xgboost_smote,0.05197935551404953,0.3526170798898072,0.6736842105263158,0.46292947558770353
xgboost_smote,0.05203130841255188,0.35359116022099446,0.6736842105263158,0.463768115942029
xgboost_smote,0.05239725112915039,0.3545706371191136,0.6736842105263158,0.4646098003629764
xgboost_smote,0.05286557972431183,0.35555555555555557,0.6736842105263158,0.4654545454545455
xgboost_smote,0.0529024675488472,0.3565459610027855,0.6736842105263158,0.46630236794171215
xgboost_smote,0.05306919291615486,0.3547486033519553,0.6684210526315789,0.4635036496350365
xgboost_smote,0.05397292599081993,0.3557422969187675,0.6684210526315789,0.46435100548446073
xgboost_smote,0.05415528640151024,0.35674157303370785,0.6684210526315789,0.46520146520146516
xgboost_smote,0.05416565388441086,0.35774647887323946,0.6684210526315789,0.4660550458715596
xgboost_smote,0.054426535964012146,0.3587570621468927,0.6684210526315789,0.4669117647058824
xgboost_smote,0.055016420781612396,0.3597733711048159,0.6684210526315789,0.46777163904235725
xgboost_smote,0.05603901669383049,0.36079545454545453,0.6684210526315789,0.4686346863468635
xgboost_smote,0.05604542791843414,0.358974358974359,0.6631578947368421,0.4658040665434381
xgboost_smote,0.057784631848335266,0.36,0.6631578947368421,0.4666666666666667
xgboost_smote,0.05781586840748787,0.36103151862464183,0.6631578947368421,0.4675324675324675
xgboost_smote,0.0578606016933918,0.3620689655172414,0.6631578947368421,0.46840148698884754
xgboost_smote,0.05789916589856148,0.3631123919308357,0.6631578947368421,0.4692737430167597
xgboost_smote,0.05910603329539299,0.36416184971098264,0.6631578947368421,0.4701492537313433
xgboost_smote,0.05929039418697357,0.3652173913043478,0.6631578947368421,0.47102803738317756
xgboost_smote,0.05992534011602402,0.36627906976744184,0.6631578947368421,0.4719101123595505
xgboost_smote,0.060001809149980545,0.3673469387755102,0.6631578947368421,0.47279549718574104
xgboost_smote,0.060603175312280655,0.3654970760233918,0.6578947368421053,0.46992481203007525
xgboost_smote,0.060781728476285934,0.36656891495601174,0.6578947368421053,0.4708097928436911
xgboost_smote,0.06177865341305733,0.36764705882352944,0.6578947368421053,0.47169811320754723
xgboost_smote,0.0626504123210907,0.3687315634218289,0.6578947368421053,0.4725897920604915
xgboost_smote,0.06322409957647324,0.3698224852071006,0.6578947368421053,0.4734848484848485
xgboost_smote,0.06375934183597565,0.37091988130563797,0.6578947368421053,0.47438330170777987
xgboost_smote,0.0639868751168251,0.37202380952380953,0.6578947368421053,0.4752851711026616
xgboost_smote,0.06493102759122849,0.373134328358209,0.6578947368421053,0.4761904761904762
xgboost_smote,0.06531456112861633,0.37425149700598803,0.6578947368421053,0.4770992366412214
xgboost_smote,0.06553178280591965,0.37537537537537535,0.6578947368421053,0.47801147227533464
xgboost_smote,0.06615535169839859,0.37650602409638556,0.6578947368421053,0.47892720306513414
xgboost_smote,0.06666970252990723,0.3776435045317221,0.6578947368421053,0.4798464491362764
xgboost_smote,0.06893693655729294,0.3787878787878788,0.6578947368421053,0.4807692307692307
xgboost_smote,0.06947005540132523,0.3799392097264438,0.6578947368421053,0.48169556840077077
xgboost_smote,0.07077474892139435,0.38109756097560976,0.6578947368421053,0.4826254826254826
xgboost_smote,0.07213417440652847,0.382262996941896,0.6578947368421053,0.48355899419729215
xgboost_smote,0.07223440706729889,0.3834355828220859,0.6578947368421053,0.4844961240310078
xgboost_smote,0.07253500074148178,0.38461538461538464,0.6578947368421053,0.4854368932038836
xgboost_smote,0.07285798341035843,0.38580246913580246,0.6578947368421053,0.4863813229571985
xgboost_smote,0.07404480129480362,0.38699690402476783,0.6578947368421053,0.4873294346978557
xgboost_smote,0.07419221848249435,0.38819875776397517,0.6578947368421053,0.48828124999999994
xgboost_smote,0.07521887868642807,0.3894080996884735,0.6578947368421053,0.4892367906066537
xgboost_smote,0.07647765427827835,0.390625,0.6578947368421053,0.4901960784313726
xgboost_smote,0.077030248939991,0.39184952978056425,0.6578947368421053,0.49115913555992147
xgboost_smote,0.07707418501377106,0.389937106918239,0.6526315789473685,0.4881889763779528
xgboost_smote,0.07728683948516846,0.38801261829652994,0.6473684210526316,0.4852071005917159
xgboost_smote,0.07913148403167725,0.38924050632911394,0.6473684210526316,0.48616600790513836
xgboost_smote,0.07967228442430496,0.3904761904761905,0.6473684210526316,0.4871287128712872
xgboost_smote,0.07981359213590622,0.39171974522292996,0.6473684210526316,0.4880952380952381
xgboost_smote,0.0800277590751648,0.3929712460063898,0.6473684210526316,0.4890656063618291
xgboost_smote,0.08092381805181503,0.3942307692307692,0.6473684210526316,0.49003984063745015
xgboost_smote,0.0809364914894104,0.3954983922829582,0.6473684210526316,0.4910179640718562
xgboost_smote,0.08108454942703247,0.3935483870967742,0.6421052631578947,0.488
xgboost_smote,0.0814506784081459,0.3948220064724919,0.6421052631578947,0.48897795591182364
xgboost_smote,0.08145254850387573,0.3961038961038961,0.6421052631578947,0.4899598393574297
xgboost_smote,0.08258172124624252,0.3973941368078176,0.6421052631578947,0.49094567404426565
xgboost_smote,0.08426526933908463,0.3954248366013072,0.6368421052631579,0.48790322580645157
xgboost_smote,0.08438057452440262,0.39672131147540984,0.6368421052631579,0.48888888888888893
xgboost_smote,0.08498406410217285,0.3980263157894737,0.6368421052631579,0.4898785425101215
xgboost_smote,0.08545591682195663,0.39933993399339934,0.6368421052631579,0.49087221095334677
xgboost_smote,0.08555977791547775,0.3973509933774834,0.631578947368421,0.4878048780487804
xgboost_smote,0.08586972206830978,0.39867109634551495,0.631578947368421,0.4887983706720978
xgboost_smote,0.0869314894080162,0.4,0.631578947368421,0.4897959183673469
xgboost_smote,0.08834701776504517,0.4013377926421405,0.631578947368421,0.49079754601227
xgboost_smote,0.08939053118228912,0.40268456375838924,0.631578947368421,0.4918032786885245
xgboost_smote,0.09021718055009842,0.40404040404040403,0.631578947368421,0.49281314168377827
xgboost_smote,0.09170745313167572,0.40540540540540543,0.631578947368421,0.4938271604938272
xgboost_smote,0.09438793361186981,0.4067796610169492,0.631578947368421,0.4948453608247423
xgboost_smote,0.09599146991968155,0.40816326530612246,0.631578947368421,0.4958677685950414
xgboost_smote,0.09652958065271378,0.40955631399317405,0.631578947368421,0.49689440993788814
xgboost_smote,0.0969371572136879,0.410958904109589,0.631578947368421,0.49792531120331945
xgboost_smote,0.1007109209895134,0.41237113402061853,0.631578947368421,0.4989604989604988
xgboost_smote,0.10206397622823715,0.41379310344827586,0.631578947368421,0.5
xgboost_smote,0.10395433753728867,0.41522491349480967,0.631578947368421,0.501043841336117
xgboost_smote,0.10481512546539307,0.4131944444444444,0.6263157894736842,0.497907949790795
xgboost_smote,0.10497488081455231,0.4146341463414634,0.6263157894736842,0.49895178197064993
xgboost_smote,0.10557390749454498,0.4160839160839161,0.6263157894736842,0.5
xgboost_smote,0.10775648802518845,0.41754385964912283,0.6263157894736842,0.5010526315789474
xgboost_smote,0.10882516950368881,0.4154929577464789,0.6210526315789474,0.49789029535864976
xgboost_smote,0.11093901842832565,0.4169611307420495,0.6210526315789474,0.49894291754756875
xgboost_smote,0.11105071753263474,0.41843971631205673,0.6210526315789474,0.5
xgboost_smote,0.1113269180059433,0.41637010676156583,0.6157894736842106,0.4968152866242039
xgboost_smote,0.11165754497051239,0.41785714285714287,0.6157894736842106,0.49787234042553197
xgboost_smote,0.11388387531042099,0.41935483870967744,0.6157894736842106,0.4989339019189766
xgboost_smote,0.11572948098182678,0.420863309352518,0.6157894736842106,0.5
xgboost_smote,0.11594884842634201,0.4187725631768953,0.6105263157894737,0.49678800856531047
xgboost_smote,0.1164230927824974,0.4166666666666667,0.6052631578947368,0.4935622317596567
xgboost_smote,0.1190313771367073,0.41818181818181815,0.6052631578947368,0.49462365591397855
xgboost_smote,0.1220417246222496,0.4197080291970803,0.6052631578947368,0.4956896551724138
xgboost_smote,0.12234164029359818,0.42124542124542125,0.6052631578947368,0.49676025917926564
xgboost_smote,0.12258467823266983,0.4227941176470588,0.6052631578947368,0.49783549783549785
xgboost_smote,0.1227784976363182,0.42435424354243545,0.6052631578947368,0.49891540130151846
xgboost_smote,0.12403656542301178,0.42592592592592593,0.6052631578947368,0.5
xgboost_smote,0.12444115430116653,0.4275092936802974,0.6052631578947368,0.5010893246187363
xgboost_smote,0.12521444261074066,0.4291044776119403,0.6052631578947368,0.5021834061135372
xgboost_smote,0.12543758749961853,0.42696629213483145,0.6,0.49890590809628005
xgboost_smote,0.12671330571174622,0.42857142857142855,0.6,0.5
xgboost_smote,0.12673959136009216,0.43018867924528303,0.6,0.5010989010989011
xgboost_smote,0.12771806120872498,0.42803030303030304,0.5947368421052631,0.4977973568281938
xgboost_smote,0.12836332619190216,0.4296577946768061,0.5947368421052631,0.49889624724061804
xgboost_smote,0.12953050434589386,0.4312977099236641,0.5947368421052631,0.5
xgboost_smote,0.13039791584014893,0.4329501915708812,0.5947368421052631,0.5011086474501109
xgboost_smote,0.1348045915365219,0.4346153846153846,0.5947368421052631,0.5022222222222222
xgboost_smote,0.13493245840072632,0.4362934362934363,0.5947368421052631,0.5033407572383073
xgboost_smote,0.13517329096794128,0.437984496124031,0.5947368421052631,0.5044642857142857
xgboost_smote,0.13617022335529327,0.4396887159533074,0.5947368421052631,0.5055928411633108
xgboost_smote,0.1362757831811905,0.4375,0.5894736842105263,0.5022421524663676
xgboost_smote,0.13862687349319458,0.4392156862745098,0.5894736842105263,0.503370786516854
xgboost_smote,0.13889503479003906,0.4409448818897638,0.5894736842105263,0.5045045045045045
xgboost_smote,0.14006102085113525,0.4426877470355731,0.5894736842105263,0.5056433408577878
xgboost_smote,0.14099088311195374,0.4444444444444444,0.5894736842105263,0.5067873303167421
xgboost_smote,0.1411048173904419,0.44621513944223107,0.5894736842105263,0.5079365079365079
xgboost_smote,0.14197197556495667,0.448,0.5894736842105263,0.509090909090909
xgboost_smote,0.14263904094696045,0.4497991967871486,0.5894736842105263,0.510250569476082
xgboost_smote,0.14379233121871948,0.45161290322580644,0.5894736842105263,0.5114155251141552
xgboost_smote,0.14386367797851562,0.4534412955465587,0.5894736842105263,0.5125858123569794
xgboost_smote,0.14537814259529114,0.45121951219512196,0.5842105263157895,0.5091743119266056
xgboost_smote,0.1454201638698578,0.4530612244897959,0.5842105263157895,0.5103448275862069
xgboost_smote,0.14640097320079803,0.45081967213114754,0.5789473684210527,0.5069124423963134
xgboost_smote,0.14724433422088623,0.45267489711934156,0.5789473684210527,0.5080831408775982
xgboost_smote,0.14889511466026306,0.45454545454545453,0.5789473684210527,0.5092592592592592
xgboost_smote,0.1530352383852005,0.45643153526970953,0.5789473684210527,0.5104408352668214
xgboost_smote,0.1537114530801773,0.4583333333333333,0.5789473684210527,0.5116279069767442
xgboost_smote,0.15435607731342316,0.4602510460251046,0.5789473684210527,0.5128205128205128
xgboost_smote,0.15632615983486176,0.46218487394957986,0.5789473684210527,0.514018691588785
xgboost_smote,0.15645886957645416,0.459915611814346,0.5736842105263158,0.5105386416861827
xgboost_smote,0.1568319946527481,0.4576271186440678,0.5684210526315789,0.5070422535211268
xgboost_smote,0.15789510309696198,0.4595744680851064,0.5684210526315789,0.508235294117647
xgboost_smote,0.15947547554969788,0.46153846153846156,0.5684210526315789,0.5094339622641508
xgboost_smote,0.16684888303279877,0.463519313304721,0.5684210526315789,0.5106382978723404
xgboost_smote,0.17803500592708588,0.46551724137931033,0.5684210526315789,0.5118483412322274
xgboost_smote,0.17853020131587982,0.46320346320346323,0.5631578947368421,0.5083135391923992
xgboost_smote,0.1823379546403885,0.4652173913043478,0.5631578947368421,0.5095238095238095
xgboost_smote,0.18601559102535248,0.4672489082969432,0.5631578947368421,0.5107398568019093
xgboost_smote,0.18745651841163635,0.4692982456140351,0.5631578947368421,0.5119617224880383
xgboost_smote,0.18760496377944946,0.4713656387665198,0.5631578947368421,0.513189448441247
xgboost_smote,0.18786552548408508,0.47345132743362833,0.5631578947368421,0.514423076923077
xgboost_smote,0.18921330571174622,0.4711111111111111,0.5578947368421052,0.5108433734939759
xgboost_smote,0.1922428458929062,0.4732142857142857,0.5578947368421052,0.5120772946859903
xgboost_smote,0.19319547712802887,0.47533632286995514,0.5578947368421052,0.5133171912832929
xgboost_smote,0.1937432438135147,0.4774774774774775,0.5578947368421052,0.5145631067961165
xgboost_smote,0.19727900624275208,0.4796380090497738,0.5578947368421052,0.5158150851581509
xgboost_smote,0.19739864766597748,0.4818181818181818,0.5578947368421052,0.5170731707317072
xgboost_smote,0.1996733695268631,0.4840182648401826,0.5578947368421052,0.5183374083129584
xgboost_smote,0.2008165419101715,0.48623853211009177,0.5578947368421052,0.5196078431372549
xgboost_smote,0.20353078842163086,0.4838709677419355,0.5526315789473685,0.5159705159705159
xgboost_smote,0.2040008157491684,0.4861111111111111,0.5526315789473685,0.5172413793103449
xgboost_smote,0.207135409116745,0.4883720930232558,0.5526315789473685,0.5185185185185185
xgboost_smote,0.21455071866512299,0.49065420560747663,0.5526315789473685,0.5198019801980198
xgboost_smote,0.21591578423976898,0.49295774647887325,0.5526315789473685,0.5210918114143922
xgboost_smote,0.21780216693878174,0.49056603773584906,0.5473684210526316,0.5174129353233831
xgboost_smote,0.22233803570270538,0.4928909952606635,0.5473684210526316,0.5187032418952617
xgboost_smote,0.22644856572151184,0.49523809523809526,0.5473684210526316,0.52
xgboost_smote,0.2268342226743698,0.49760765550239233,0.5473684210526316,0.5213032581453634
xgboost_smote,0.23038624227046967,0.5,0.5473684210526316,0.5226130653266332
xgboost_smote,0.23131808638572693,0.4975845410628019,0.5421052631578948,0.5188916876574307
xgboost_smote,0.23298488557338715,0.49514563106796117,0.5368421052631579,0.5151515151515151
xgboost_smote,0.23582148551940918,0.4975609756097561,0.5368421052631579,0.5164556962025316
xgboost_smote,0.24056518077850342,0.4950980392156863,0.531578947368421,0.5126903553299492
xgboost_smote,0.2427581548690796,0.49261083743842365,0.5263157894736842,0.5089058524173028
xgboost_smote,0.24362584948539734,0.49504950495049505,0.5263157894736842,0.5102040816326531
xgboost_smote,0.24392224848270416,0.4975124378109453,0.5263157894736842,0.5115089514066495
xgboost_smote,0.24572128057479858,0.495,0.5210526315789473,0.5076923076923077
xgboost_smote,0.2506607174873352,0.49748743718592964,0.5210526315789473,0.5089974293059125
xgboost_smote,0.2509242594242096,0.5,0.5210526315789473,0.5103092783505154
xgboost_smote,0.25229611992836,0.49746192893401014,0.5157894736842106,0.5064599483204135
xgboost_smote,0.2556707262992859,0.5,0.5157894736842106,0.5077720207253886
xgboost_smote,0.2587743401527405,0.5025641025641026,0.5157894736842106,0.5090909090909091
xgboost_smote,0.25893381237983704,0.5,0.5105263157894737,0.5052083333333334
xgboost_smote,0.26594334840774536,0.5025906735751295,0.5105263157894737,0.5065274151436031
xgboost_smote,0.26649942994117737,0.5052083333333334,0.5105263157894737,0.5078534031413612
xgboost_smote,0.2673792243003845,0.5026178010471204,0.5052631578947369,0.5039370078740157
xgboost_smote,0.27262112498283386,0.5,0.5,0.5
xgboost_smote,0.2737498879432678,0.5026455026455027,0.5,0.5013192612137203
xgboost_smote,0.274650514125824,0.5,0.49473684210526314,0.4973544973544973
xgboost_smote,0.27629354596138,0.49732620320855614,0.48947368421052634,0.49336870026525204
xgboost_smote,0.27849438786506653,0.5,0.48947368421052634,0.4946808510638298
xgboost_smote,0.2808709740638733,0.5027027027027027,0.48947368421052634,0.49600000000000005
xgboost_smote,0.2840495705604553,0.5054347826086957,0.48947368421052634,0.49732620320855614
xgboost_smote,0.2867104411125183,0.5081967213114754,0.48947368421052634,0.49865951742627346
xgboost_smote,0.29514068365097046,0.510989010989011,0.48947368421052634,0.5
xgboost_smote,0.29683274030685425,0.5138121546961326,0.48947368421052634,0.5013477088948787
xgboost_smote,0.3006076216697693,0.5166666666666667,0.48947368421052634,0.5027027027027027
xgboost_smote,0.30113962292671204,0.5195530726256983,0.48947368421052634,0.5040650406504065
xgboost_smote,0.30119436979293823,0.5224719101123596,0.48947368421052634,0.5054347826086957
xgboost_smote,0.3014940917491913,0.519774011299435,0.4842105263157895,0.5013623978201635
xgboost_smote,0.30498385429382324,0.5170454545454546,0.4789473684210526,0.4972677595628416
xgboost_smote,0.3077878952026367,0.52,0.4789473684210526,0.4986301369863014
xgboost_smote,0.30996477603912354,0.5229885057471264,0.4789473684210526,0.5
xgboost_smote,0.3178306519985199,0.5260115606936416,0.4789473684210526,0.5013774104683195
xgboost_smote,0.327587366104126,0.5232558139534884,0.47368421052631576,0.4972375690607735
xgboost_smote,0.33169546723365784,0.52046783625731,0.46842105263157896,0.4930747922437673
xgboost_smote,0.33196306228637695,0.5235294117647059,0.46842105263157896,0.49444444444444446
xgboost_smote,0.3376159071922302,0.5266272189349113,0.46842105263157896,0.4958217270194986
xgboost_smote,0.3386525511741638,0.5238095238095238,0.4631578947368421,0.49162011173184356
xgboost_smote,0.34123486280441284,0.5209580838323353,0.45789473684210524,0.48739495798319327
xgboost_smote,0.3421476185321808,0.5240963855421686,0.45789473684210524,0.4887640449438202
xgboost_smote,0.34845760464668274,0.5212121212121212,0.45263157894736844,0.48450704225352115
xgboost_smote,0.35170266032218933,0.524390243902439,0.45263157894736844,0.48587570621468923
xgboost_smote,0.3522414565086365,0.5276073619631901,0.45263157894736844,0.48725212464589235
xgboost_smote,0.3532710075378418,0.5308641975308642,0.45263157894736844,0.48863636363636365
xgboost_smote,0.35869893431663513,0.5341614906832298,0.45263157894736844,0.4900284900284901
xgboost_smote,0.36357951164245605,0.5375,0.45263157894736844,0.49142857142857144
xgboost_smote,0.3653918206691742,0.5345911949685535,0.4473684210526316,0.4871060171919771
xgboost_smote,0.366372287273407,0.5379746835443038,0.4473684210526316,0.48850574712643674
xgboost_smote,0.37874117493629456,0.535031847133758,0.4421052631578947,0.484149855907781
xgboost_smote,0.3792743384838104,0.5384615384615384,0.4421052631578947,0.4855491329479769
xgboost_smote,0.3876783847808838,0.5419354838709678,0.4421052631578947,0.48695652173913045
xgboost_smote,0.38866522908210754,0.5454545454545454,0.4421052631578947,0.48837209302325574
xgboost_smote,0.3956647217273712,0.5490196078431373,0.4421052631578947,0.4897959183673469
xgboost_smote,0.39664426445961,0.5526315789473685,0.4421052631578947,0.4912280701754386
xgboost_smote,0.3978007137775421,0.5496688741721855,0.4368421052631579,0.48680351906158364
xgboost_smote,0.4007904529571533,0.5466666666666666,0.43157894736842106,0.48235294117647054
xgboost_smote,0.4040767252445221,0.5503355704697986,0.43157894736842106,0.4837758112094395
xgboost_smote,0.4073691666126251,0.5472972972972973,0.4263157894736842,0.47928994082840237
xgboost_smote,0.41408616304397583,0.54421768707483,0.42105263157894735,0.47477744807121663
xgboost_smote,0.42459994554519653,0.547945205479452,0.42105263157894735,0.47619047619047616
xgboost_smote,0.42497721314430237,0.5517241379310345,0.42105263157894735,0.47761194029850745
xgboost_smote,0.43035876750946045,0.5555555555555556,0.42105263157894735,0.4790419161676646
xgboost_smote,0.4341682493686676,0.5594405594405595,0.42105263157894735,0.4804804804804805
xgboost_smote,0.43974950909614563,0.5633802816901409,0.42105263157894735,0.4819277108433735
xgboost_smote,0.4439932703971863,0.5602836879432624,0.41578947368421054,0.47734138972809675
xgboost_smote,0.44739100337028503,0.5642857142857143,0.41578947368421054,0.4787878787878788
xgboost_smote,0.44845107197761536,0.5683453237410072,0.41578947368421054,0.480243161094225
xgboost_smote,0.45060816407203674,0.572463768115942,0.41578947368421054,0.4817073170731707
xgboost_smote,0.45458027720451355,0.5766423357664233,0.41578947368421054,0.4831804281345565
xgboost_smote,0.4545818567276001,0.5808823529411765,0.41578947368421054,0.48466257668711654
xgboost_smote,0.4579426348209381,0.5851851851851851,0.41578947368421054,0.4861538461538461
xgboost_smote,0.4597882330417633,0.5895522388059702,0.41578947368421054,0.4876543209876544
xgboost_smote,0.46414661407470703,0.5864661654135338,0.4105263157894737,0.4829721362229102
xgboost_smote,0.4648306965827942,0.5909090909090909,0.4105263157894737,0.484472049689441
xgboost_smote,0.47472524642944336,0.5954198473282443,0.4105263157894737,0.48598130841121495
xgboost_smote,0.475205659866333,0.5923076923076923,0.4052631578947368,0.48124999999999996
xgboost_smote,0.47602567076683044,0.5968992248062015,0.4052631578947368,0.48275862068965514
xgboost_smote,0.478751003742218,0.59375,0.4,0.4779874213836478
xgboost_smote,0.4810192883014679,0.5984251968503937,0.4,0.4794952681388013
xgboost_smote,0.4814663827419281,0.6031746031746031,0.4,0.4810126582278481
xgboost_smote,0.48301535844802856,0.6,0.39473684210526316,0.47619047619047616
xgboost_smote,0.4840252101421356,0.5967741935483871,0.3894736842105263,0.4713375796178344
xgboost_smote,0.4862212538719177,0.6016260162601627,0.3894736842105263,0.4728434504792332
xgboost_smote,0.4955531656742096,0.6065573770491803,0.3894736842105263,0.47435897435897434
xgboost_smote,0.5029969215393066,0.6115702479338843,0.3894736842105263,0.47588424437299026
xgboost_smote,0.5049030780792236,0.6166666666666667,0.3894736842105263,0.47741935483870973
xgboost_smote,0.5057753920555115,0.6134453781512605,0.38421052631578945,0.47249190938511326
xgboost_smote,0.5066988468170166,0.6101694915254238,0.37894736842105264,0.4675324675324676
xgboost_smote,0.510861873626709,0.6153846153846154,0.37894736842105264,0.46905537459283386
xgboost_smote,0.5240523815155029,0.6120689655172413,0.3736842105263158,0.4640522875816993
xgboost_smote,0.5262237787246704,0.6086956521739131,0.3684210526315789,0.4590163934426229
xgboost_smote,0.5352731347084045,0.6140350877192983,0.3684210526315789,0.46052631578947373
xgboost_smote,0.5375677943229675,0.6194690265486725,0.3684210526315789,0.46204620462046203
xgboost_smote,0.5404841303825378,0.625,0.3684210526315789,0.46357615894039733
xgboost_smote,0.5419653058052063,0.6306306306306306,0.3684210526315789,0.4651162790697674
xgboost_smote,0.5588071942329407,0.6363636363636364,0.3684210526315789,0.4666666666666667
xgboost_smote,0.5599358081817627,0.6422018348623854,0.3684210526315789,0.4682274247491639
xgboost_smote,0.571178674697876,0.6481481481481481,0.3684210526315789,0.4697986577181208
xgboost_smote,0.5766488909721375,0.6542056074766355,0.3684210526315789,0.4713804713804714
xgboost_smote,0.5801970362663269,0.6509433962264151,0.3631578947368421,0.46621621621621623
xgboost_smote,0.591688871383667,0.6571428571428571,0.3631578947368421,0.4677966101694916
xgboost_smote,0.5966898202896118,0.6538461538461539,0.35789473684210527,0.4625850340136054
xgboost_smote,0.6017990708351135,0.6504854368932039,0.3526315789473684,0.45733788395904434
xgboost_smote,0.603577196598053,0.6470588235294118,0.3473684210526316,0.4520547945205479
xgboost_smote,0.6250721216201782,0.6534653465346535,0.3473684210526316,0.4536082474226804
xgboost_smote,0.6431698203086853,0.66,0.3473684210526316,0.4551724137931034
xgboost_smote,0.6551513671875,0.6565656565656566,0.34210526315789475,0.44982698961937717
xgboost_smote,0.6688255667686462,0.6632653061224489,0.34210526315789475,0.4513888888888889
xgboost_smote,0.6710199117660522,0.6597938144329897,0.3368421052631579,0.44599303135888496
xgboost_smote,0.6751141548156738,0.65625,0.33157894736842103,0.4405594405594406
xgboost_smote,0.6984215378761292,0.6526315789473685,0.3263157894736842,0.43508771929824563
xgboost_smote,0.6990306377410889,0.6595744680851063,0.3263157894736842,0.4366197183098592
xgboost_smote,0.6994257569313049,0.6666666666666666,0.3263157894736842,0.4381625441696113
xgboost_smote,0.7046370506286621,0.6630434782608695,0.32105263157894737,0.4326241134751773
xgboost_smote,0.7095909118652344,0.6703296703296703,0.32105263157894737,0.43416370106761565
xgboost_smote,0.7157405614852905,0.6777777777777778,0.32105263157894737,0.4357142857142857
xgboost_smote,0.724531352519989,0.6853932584269663,0.32105263157894737,0.43727598566308246
xgboost_smote,0.72622150182724,0.6818181818181818,0.3157894736842105,0.4316546762589928
xgboost_smote,0.7299418449401855,0.6781609195402298,0.3105263157894737,0.42599277978339345
xgboost_smote,0.7310425639152527,0.6744186046511628,0.30526315789473685,0.4202898550724638
xgboost_smote,0.7320646643638611,0.6705882352941176,0.3,0.41454545454545455
xgboost_smote,0.7397950887680054,0.6785714285714286,0.3,0.41605839416058393
xgboost_smote,0.7468057870864868,0.6746987951807228,0.29473684210526313,0.41025641025641024
xgboost_smote,0.7488535046577454,0.6829268292682927,0.29473684210526313,0.411764705882353
xgboost_smote,0.7508321404457092,0.691358024691358,0.29473684210526313,0.41328413284132837
xgboost_smote,0.7623933553695679,0.6875,0.2894736842105263,0.4074074074074074
xgboost_smote,0.7890244126319885,0.6962025316455697,0.2894736842105263,0.4089219330855019
xgboost_smote,0.7918469309806824,0.6923076923076923,0.28421052631578947,0.40298507462686567
xgboost_smote,0.7987895011901855,0.6883116883116883,0.2789473684210526,0.39700374531835203
xgboost_smote,0.8023645877838135,0.6842105263157895,0.2736842105263158,0.39097744360902253
xgboost_smote,0.808333694934845,0.6933333333333334,0.2736842105263158,0.39245283018867927
xgboost_smote,0.8225213885307312,0.7027027027027027,0.2736842105263158,0.3939393939393939
xgboost_smote,0.8240602016448975,0.7123287671232876,0.2736842105263158,0.3954372623574145
xgboost_smote,0.8264033198356628,0.7083333333333334,0.26842105263157895,0.3893129770992366
xgboost_smote,0.8312928676605225,0.7183098591549296,0.26842105263157895,0.3908045977011494
xgboost_smote,0.8372902274131775,0.7142857142857143,0.2631578947368421,0.3846153846153846
xgboost_smote,0.8417767286300659,0.7246376811594203,0.2631578947368421,0.3861003861003861
xgboost_smote,0.8426306247711182,0.7205882352941176,0.2578947368421053,0.3798449612403101
xgboost_smote,0.8463380336761475,0.7164179104477612,0.25263157894736843,0.3735408560311284
xgboost_smote,0.8509558439254761,0.7121212121212122,0.24736842105263157,0.3671875
xgboost_smote,0.8551251292228699,0.7076923076923077,0.24210526315789474,0.36078431372549025
xgboost_smote,0.8603246808052063,0.71875,0.24210526315789474,0.36220472440944884
xgboost_smote,0.8659026026725769,0.7142857142857143,0.23684210526315788,0.3557312252964427
xgboost_smote,0.8706967830657959,0.7096774193548387,0.23157894736842105,0.3492063492063492
xgboost_smote,0.8738574981689453,0.7213114754098361,0.23157894736842105,0.350597609561753
xgboost_smote,0.8756942749023438,0.7166666666666667,0.22631578947368422,0.34400000000000003
xgboost_smote,0.8762305378913879,0.7288135593220338,0.22631578947368422,0.3453815261044177
xgboost_smote,0.8810913562774658,0.7413793103448276,0.22631578947368422,0.34677419354838707
xgboost_smote,0.882860541343689,0.7543859649122807,0.22631578947368422,0.3481781376518219
xgboost_smote,0.8847963213920593,0.75,0.22105263157894736,0.3414634146341463
xgboost_smote,0.8870931267738342,0.7454545454545455,0.21578947368421053,0.3346938775510204
xgboost_smote,0.893744707107544,0.7592592592592593,0.21578947368421053,0.33606557377049184
xgboost_smote,0.8997560143470764,0.7547169811320755,0.21052631578947367,0.3292181069958848
xgboost_smote,0.9131672978401184,0.7692307692307693,0.21052631578947367,0.3305785123966942
xgboost_smote,0.9184773564338684,0.7647058823529411,0.20526315789473684,0.3236514522821577
xgboost_smote,0.925756573677063,0.78,0.20526315789473684,0.325
xgboost_smote,0.9317963123321533,0.7959183673469388,0.20526315789473684,0.3263598326359833
xgboost_smote,0.9330232739448547,0.8125,0.20526315789473684,0.3277310924369748
xgboost_smote,0.9340837001800537,0.8085106382978723,0.2,0.3206751054852321
xgboost_smote,0.9368815422058105,0.8260869565217391,0.2,0.3220338983050848
xgboost_smote,0.9370723366737366,0.8222222222222222,0.19473684210526315,0.3148936170212766
xgboost_smote,0.941969096660614,0.8409090909090909,0.19473684210526315,0.3162393162393162
xgboost_smote,0.944377064704895,0.8372093023255814,0.18947368421052632,0.30901287553648066
xgboost_smote,0.947934627532959,0.8571428571428571,0.18947368421052632,0.31034482758620685
xgboost_smote,0.9489607214927673,0.8536585365853658,0.18421052631578946,0.303030303030303
xgboost_smote,0.9512346386909485,0.85,0.17894736842105263,0.2956521739130435
xgboost_smote,0.9513184428215027,0.8461538461538461,0.1736842105263158,0.2882096069868996
xgboost_smote,0.9564701914787292,0.868421052631579,0.1736842105263158,0.28947368421052627
xgboost_smote,0.9570987820625305,0.8918918918918919,0.1736842105263158,0.29074889867841414
xgboost_smote,0.958423912525177,0.8888888888888888,0.16842105263157894,0.28318584070796454
xgboost_smote,0.9587360620498657,0.8857142857142857,0.1631578947368421,0.27555555555555555
xgboost_smote,0.9605894684791565,0.8823529411764706,0.15789473684210525,0.26785714285714285
xgboost_smote,0.9618080258369446,0.8787878787878788,0.15263157894736842,0.26008968609865474
xgboost_smote,0.9618489742279053,0.875,0.14736842105263157,0.25225225225225223
xgboost_smote,0.9682059288024902,0.8709677419354839,0.14210526315789473,0.24434389140271495
xgboost_smote,0.9687085151672363,0.9,0.14210526315789473,0.2454545454545454
xgboost_smote,0.9705613255500793,0.896551724137931,0.1368421052631579,0.23744292237442924
xgboost_smote,0.9733832478523254,0.8928571428571429,0.13157894736842105,0.2293577981651376
xgboost_smote,0.9735912084579468,0.8888888888888888,0.12631578947368421,0.22119815668202766
xgboost_smote,0.9756540060043335,0.8846153846153846,0.12105263157894737,0.212962962962963
xgboost_smote,0.9761351943016052,0.88,0.11578947368421053,0.20465116279069767
xgboost_smote,0.9772802591323853,0.875,0.11052631578947368,0.19626168224299065
xgboost_smote,0.9773439764976501,0.8695652173913043,0.10526315789473684,0.18779342723004694
xgboost_smote,0.97854083776474,0.8636363636363636,0.1,0.17924528301886794
xgboost_smote,0.9815971851348877,0.9047619047619048,0.1,0.18009478672985785
xgboost_smote,0.9828724265098572,0.9,0.09473684210526316,0.17142857142857143
xgboost_smote,0.9848820567131042,0.9473684210526315,0.09473684210526316,0.1722488038277512
xgboost_smote,0.9904654026031494,0.9444444444444444,0.08947368421052632,0.16346153846153846
xgboost_smote,0.9911435842514038,0.9411764705882353,0.08421052631578947,0.1545893719806763
xgboost_smote,0.9923276305198669,1.0,0.08421052631578947,0.1553398058252427
xgboost_smote,0.9929752349853516,1.0,0.07894736842105263,0.14634146341463414
xgboost_smote,0.9935599565505981,1.0,0.07368421052631578,0.1372549019607843
xgboost_smote,0.9939356446266174,1.0,0.06842105263157895,0.12807881773399016
xgboost_smote,0.9942494630813599,1.0,0.06315789473684211,0.11881188118811882
xgboost_smote,0.9943080544471741,1.0,0.05789473684210526,0.10945273631840796
xgboost_smote,0.9959329962730408,1.0,0.05263157894736842,0.1
xgboost_smote,0.9970458149909973,1.0,0.04736842105263158,0.09045226130653267
xgboost_smote,0.9978030323982239,1.0,0.042105263157894736,0.08080808080808081
xgboost_smote,0.9979252815246582,1.0,0.03684210526315789,0.07106598984771574
xgboost_smote,0.9984579086303711,1.0,0.031578947368421054,0.061224489795918366
xgboost_smote,0.9985113739967346,1.0,0.02631578947368421,0.05128205128205127
xgboost_smote,0.9991826415061951,1.0,0.021052631578947368,0.041237113402061855
xgboost_smote,0.9994261264801025,1.0,0.015789473684210527,0.031088082901554404
xgboost_smote,0.9995720982551575,1.0,0.010526315789473684,0.020833333333333332
xgboost_smote,0.9998651742935181,1.0,0.005263157894736842,0.010471204188481674
