seed,model,threshold,precision,recall,f1
42,logreg_smote,0.0007051404381623395,0.16156462585034015,1.0,0.2781844802342606
42,logreg_smote,0.0010205493779560826,0.16170212765957448,1.0,0.2783882783882784
42,logreg_smote,0.001385121718020659,0.16183986371379896,1.0,0.2785923753665689
42,logreg_smote,0.0027122045434278025,0.16197783461210571,1.0,0.27879677182685253
42,logreg_smote,0.0029710135864909797,0.1621160409556314,1.0,0.2790014684287812
42,logreg_smote,0.0030607857433081866,0.16225448334756618,1.0,0.27920646583394565
42,logreg_smote,0.0032202900588617204,0.1623931623931624,1.0,0.27941176470588236
42,logreg_smote,0.0035609407235986917,0.16167664670658682,0.9947368421052631,0.2781456953642384
42,logreg_smote,0.0035950151419622987,0.1618150684931507,0.9947368421052631,0.2783505154639175
42,logreg_smote,0.0046019819077969745,0.16195372750642673,0.9947368421052631,0.27855563743551953
42,logreg_smote,0.00494577714394603,0.1620926243567753,0.9947368421052631,0.27876106194690264
42,logreg_smote,0.005006404399703674,0.16223175965665235,0.9947368421052631,0.2789667896678967
42,logreg_smote,0.005443682171950933,0.16237113402061856,0.9947368421052631,0.2791728212703102
42,logreg_smote,0.005831709892926711,0.16251074806534824,0.9947368421052631,0.2793791574279379
42,logreg_smote,0.006526071019199983,0.16265060240963855,0.9947368421052631,0.27958579881656803
42,logreg_smote,0.006741618810288647,0.16279069767441862,0.9947368421052631,0.27979274611398963
42,logreg_smote,0.006924741915752797,0.1629310344827586,0.9947368421052631,0.28
42,logreg_smote,0.007404084635954601,0.1630716134598792,0.9947368421052631,0.2802075611564122
42,logreg_smote,0.007416198750177379,0.16321243523316062,0.9947368421052631,0.28041543026706234
42,logreg_smote,0.008120520492079064,0.1633535004321521,0.9947368421052631,0.2806236080178174
42,logreg_smote,0.008279816733732986,0.16349480968858132,0.9947368421052631,0.28083209509658247
42,logreg_smote,0.008301548042252489,0.16363636363636364,0.9947368421052631,0.2810408921933086
42,logreg_smote,0.008351588515890835,0.1637781629116118,0.9947368421052631,0.28125
42,logreg_smote,0.008417324524383105,0.16392020815264527,0.9947368421052631,0.2814594192107223
42,logreg_smote,0.008606291717555,0.1640625,0.9947368421052631,0.2816691505216095
42,logreg_smote,0.008695976252706813,0.16420503909643788,0.9947368421052631,0.2818791946308725
42,logreg_smote,0.008827043014185656,0.16434782608695653,0.9947368421052631,0.28208955223880594
42,logreg_smote,0.009379309372520253,0.16449086161879894,0.9947368421052631,0.28230022404779687
42,logreg_smote,0.010143224909640394,0.16463414634146342,0.9947368421052631,0.2825112107623319
42,logreg_smote,0.01033446131442045,0.16477768090671316,0.9947368421052631,0.2827225130890052
42,logreg_smote,0.011402563893370153,0.1649214659685864,0.9947368421052631,0.28293413173652693
42,logreg_smote,0.012287729063892732,0.16506550218340613,0.9947368421052631,0.28314606741573034
42,logreg_smote,0.012655646322664376,0.1652097902097902,0.9947368421052631,0.28335832083958024
42,logreg_smote,0.012898954826541582,0.16535433070866143,0.9947368421052631,0.2835708927231808
42,logreg_smote,0.013124951679742675,0.16549912434325745,0.9947368421052631,0.28378378378378377
42,logreg_smote,0.013278631664309357,0.1656441717791411,0.9947368421052631,0.28399699474079637
42,logreg_smote,0.013711806833549462,0.16578947368421051,0.9947368421052631,0.28421052631578947
42,logreg_smote,0.013857711313101576,0.16593503072870938,0.9947368421052631,0.28442437923250563
42,logreg_smote,0.013934085517688665,0.16608084358523725,0.9947368421052631,0.2846385542168675
42,logreg_smote,0.01476256334974662,0.1662269129287599,0.9947368421052631,0.28485305199698574
42,logreg_smote,0.014778386998545502,0.16637323943661972,0.9947368421052631,0.2850678733031674
42,logreg_smote,0.014813528617816266,0.16651982378854627,0.9947368421052631,0.28528301886792456
42,logreg_smote,0.015241409174264324,0.16666666666666666,0.9947368421052631,0.2854984894259818
42,logreg_smote,0.015300146412361007,0.16681376875551632,0.9947368421052631,0.28571428571428575
42,logreg_smote,0.015374837370266846,0.16696113074204946,0.9947368421052631,0.28593040847201207
42,logreg_smote,0.01584489802088216,0.16710875331564987,0.9947368421052631,0.2861468584405753
42,logreg_smote,0.016131046373430807,0.1672566371681416,0.9947368421052631,0.2863636363636364
42,logreg_smote,0.01621891529722904,0.16740478299379982,0.9947368421052631,0.28658074298711145
42,logreg_smote,0.016383097036824414,0.1675531914893617,0.9947368421052631,0.2867981790591806
42,logreg_smote,0.01662245937067036,0.16770186335403728,0.9947368421052631,0.2870159453302962
42,logreg_smote,0.016656321828869284,0.16785079928952043,0.9947368421052631,0.2872340425531915
42,logreg_smote,0.016947820256770316,0.168,0.9947368421052631,0.28745247148288977
42,logreg_smote,0.017381577196176664,0.16814946619217083,0.9947368421052631,0.28767123287671237
42,logreg_smote,0.01756243931345337,0.1682991985752449,0.9947368421052631,0.2878903274942879
42,logreg_smote,0.01771337331965695,0.16844919786096257,0.9947368421052631,0.288109756097561
42,logreg_smote,0.01771771479306708,0.16859946476360393,0.9947368421052631,0.28832951945080093
42,logreg_smote,0.017856757725832388,0.16875,0.9947368421052631,0.2885496183206107
42,logreg_smote,0.017902622477464106,0.16890080428954424,0.9947368421052631,0.2887700534759358
42,logreg_smote,0.0183407152503478,0.16905187835420393,0.9947368421052631,0.28899082568807344
42,logreg_smote,0.018511346763895733,0.1692032229185318,0.9947368421052631,0.28921193573068094
42,logreg_smote,0.01866440656147711,0.1693548387096774,0.9947368421052631,0.28943338437978555
42,logreg_smote,0.019922271510659974,0.16950672645739912,0.9947368421052631,0.2896551724137931
42,logreg_smote,0.0200571087978645,0.1696588868940754,0.9947368421052631,0.2898773006134969
42,logreg_smote,0.02041691434066171,0.16981132075471697,0.9947368421052631,0.29009976976208746
42,logreg_smote,0.020538315696786453,0.16996402877697842,0.9947368421052631,0.2903225806451613
42,logreg_smote,0.020640937292943883,0.1701170117011701,0.9947368421052631,0.29054573405073014
42,logreg_smote,0.020898278033152817,0.17027027027027028,0.9947368421052631,0.2907692307692308
42,logreg_smote,0.02092214816562039,0.1704238052299369,0.9947368421052631,0.29099307159353344
42,logreg_smote,0.0216378976622911,0.17057761732851986,0.9947368421052631,0.29121725731895226
42,logreg_smote,0.021801192953776794,0.17073170731707318,0.9947368421052631,0.2914417887432537
42,logreg_smote,0.021987383077986002,0.17088607594936708,0.9947368421052631,0.29166666666666663
42,logreg_smote,0.022266989326521238,0.17104072398190046,0.9947368421052631,0.2918918918918919
42,logreg_smote,0.022514277432292385,0.17119565217391305,0.9947368421052631,0.29211746522411125
42,logreg_smote,0.02255499917223469,0.17135086128739802,0.9947368421052631,0.2923433874709977
42,logreg_smote,0.022596271177580653,0.17150635208711434,0.9947368421052631,0.29256965944272445
42,logreg_smote,0.02266674068630891,0.17166212534059946,0.9947368421052631,0.2927962819519752
42,logreg_smote,0.022724862760228413,0.17181818181818181,0.9947368421052631,0.2930232558139535
42,logreg_smote,0.022746373314463168,0.17197452229299362,0.9947368421052631,0.2932505818463925
42,logreg_smote,0.02286789939193804,0.1721311475409836,0.9947368421052631,0.2934782608695652
42,logreg_smote,0.023113609059423553,0.1722880583409298,0.9947368421052631,0.2937062937062937
42,logreg_smote,0.023308264204132755,0.17244525547445255,0.9947368421052631,0.29393468118195953
42,logreg_smote,0.023725862843194688,0.1726027397260274,0.9947368421052631,0.29416342412451363
42,logreg_smote,0.023757127430288027,0.17276051188299818,0.9947368421052631,0.29439252336448596
42,logreg_smote,0.024239390702332917,0.1729185727355901,0.9947368421052631,0.29462197973499604
42,logreg_smote,0.024286251062718343,0.17307692307692307,0.9947368421052631,0.2948517940717628
42,logreg_smote,0.024361303356179132,0.17323556370302476,0.9947368421052631,0.29508196721311475
42,logreg_smote,0.024475011635499363,0.17339449541284405,0.9947368421052631,0.2953125
42,logreg_smote,0.024495842203952598,0.17263544536271808,0.9894736842105263,0.29397967161845184
42,logreg_smote,0.02475879402689889,0.17279411764705882,0.9894736842105263,0.29420970266040686
42,logreg_smote,0.024936918283587534,0.17295308187672492,0.9894736842105263,0.29444009397024273
42,logreg_smote,0.024984009649152244,0.1731123388581952,0.9894736842105263,0.29467084639498436
42,logreg_smote,0.025128471239419293,0.17327188940092167,0.9894736842105263,0.2949019607843137
42,logreg_smote,0.02516727428941979,0.17343173431734318,0.9894736842105263,0.29513343799058084
42,logreg_smote,0.0251699308693789,0.17359187442289936,0.9894736842105263,0.2953652788688138
42,logreg_smote,0.025677288070965476,0.17375231053604437,0.9894736842105263,0.29559748427672955
42,logreg_smote,0.02574958813113079,0.17391304347826086,0.9894736842105263,0.2958300550747443
42,logreg_smote,0.026493878125347568,0.17407407407407408,0.9894736842105263,0.29606299212598425
42,logreg_smote,0.02696560438697506,0.1742354031510658,0.9894736842105263,0.29629629629629634
42,logreg_smote,0.026976280558066466,0.17439703153988867,0.9894736842105263,0.29652996845425866
42,logreg_smote,0.02719521408972776,0.1745589600742804,0.9894736842105263,0.2967640094711918
42,logreg_smote,0.027287948974384007,0.17472118959107807,0.9894736842105263,0.29699842022116907
42,logreg_smote,0.027306986801545096,0.17488372093023255,0.9894736842105263,0.2972332015810277
42,logreg_smote,0.028100599468683922,0.1750465549348231,0.9894736842105263,0.2974683544303798
42,logreg_smote,0.028783988748255038,0.17520969245107176,0.9894736842105263,0.2977038796516231
42,logreg_smote,0.029167294305226417,0.17537313432835822,0.9894736842105263,0.2979397781299525
42,logreg_smote,0.02926461977864183,0.17553688141923435,0.9894736842105263,0.2981760507533703
42,logreg_smote,0.029381826188184,0.17570093457943925,0.9894736842105263,0.2984126984126984
42,logreg_smote,0.02987091832988503,0.17586529466791395,0.9894736842105263,0.29864972200158857
42,logreg_smote,0.029895229026319362,0.1760299625468165,0.9894736842105263,0.2988871224165342
42,logreg_smote,0.03012455371075111,0.17619493908153702,0.9894736842105263,0.2991249005568815
42,logreg_smote,0.030535862438953083,0.17636022514071295,0.9894736842105263,0.29936305732484075
42,logreg_smote,0.030788364731902107,0.17652582159624414,0.9894736842105263,0.299601593625498
42,logreg_smote,0.03085995269402784,0.17669172932330826,0.9894736842105263,0.29984051036682613
42,logreg_smote,0.031220459379012435,0.17685794920037629,0.9894736842105263,0.3000798084596967
42,logreg_smote,0.031227581734978152,0.17702448210922786,0.9894736842105263,0.30031948881789133
42,logreg_smote,0.03139476060172209,0.177191328934967,0.9894736842105263,0.3005595523581135
42,logreg_smote,0.031688715425727446,0.17735849056603772,0.9894736842105263,0.3008
42,logreg_smote,0.03184714985633461,0.17752596789423986,0.9894736842105263,0.30104083266613296
42,logreg_smote,0.03229907006038827,0.1776937618147448,0.9894736842105263,0.3012820512820513
42,logreg_smote,0.0334936884117125,0.17786187322611163,0.9894736842105263,0.301523656776263
42,logreg_smote,0.033666322878845835,0.17803030303030304,0.9894736842105263,0.30176565008025685
42,logreg_smote,0.033729492476246764,0.17819905213270143,0.9894736842105263,0.302008032128514
42,logreg_smote,0.03388395458717925,0.17836812144212524,0.9894736842105263,0.3022508038585209
42,logreg_smote,0.03388928282185669,0.1785375118708452,0.9894736842105263,0.3024939662107804
42,logreg_smote,0.03425592494746829,0.17870722433460076,0.9894736842105263,0.30273752012882443
42,logreg_smote,0.034670904399945635,0.17887725975261656,0.9894736842105263,0.3029814665592265
42,logreg_smote,0.03499983638351526,0.17904761904761904,0.9894736842105263,0.30322580645161284
42,logreg_smote,0.03507769234652621,0.17921830314585319,0.9894736842105263,0.30347054075867635
42,logreg_smote,0.0351149157187968,0.17938931297709923,0.9894736842105263,0.3037156704361874
42,logreg_smote,0.035156719932645256,0.17860553963705827,0.9842105263157894,0.30234438156831045
42,logreg_smote,0.03520835442747865,0.17877629063097514,0.9842105263157894,0.302588996763754
42,logreg_smote,0.035455421870037064,0.17894736842105263,0.9842105263157894,0.30283400809716604
42,logreg_smote,0.03566242010705812,0.17911877394636017,0.9842105263157894,0.30307941653160453
42,logreg_smote,0.03618148601042468,0.17929050814956854,0.9842105263157894,0.3033252230332522
42,logreg_smote,0.03626812101415243,0.17946257197696738,0.9842105263157894,0.30357142857142855
42,logreg_smote,0.036428519280028326,0.17963496637848222,0.9842105263157894,0.30381803411860275
42,logreg_smote,0.03643106529170829,0.1798076923076923,0.9842105263157894,0.30406504065040646
42,logreg_smote,0.03787796260904446,0.17998075072184794,0.9842105263157894,0.3043124491456468
42,logreg_smote,0.03838051728311896,0.18015414258188825,0.9842105263157894,0.30456026058631924
42,logreg_smote,0.038409052546673206,0.18032786885245902,0.9842105263157894,0.30480847595762023
42,logreg_smote,0.03862758743752341,0.1805019305019305,0.9842105263157894,0.30505709624796085
42,logreg_smote,0.0387022827824924,0.18067632850241547,0.9842105263157894,0.3053061224489796
42,logreg_smote,0.03893080598139674,0.18085106382978725,0.9842105263157894,0.3055555555555556
42,logreg_smote,0.03898711579563386,0.18102613746369797,0.9842105263157894,0.3058053965658218
42,logreg_smote,0.039207335999511726,0.1812015503875969,0.9842105263157894,0.3060556464811784
42,logreg_smote,0.039442718321846246,0.1813773035887488,0.9842105263157894,0.30630630630630634
42,logreg_smote,0.039773430082470584,0.18058252427184465,0.9789473684210527,0.30491803278688523
42,logreg_smote,0.03998826977539016,0.18075801749271136,0.9789473684210527,0.3051681706316653
42,logreg_smote,0.04114505165261134,0.18093385214007782,0.9789473684210527,0.3054187192118227
42,logreg_smote,0.04159158529205092,0.18111002921129504,0.9789473684210527,0.30566967953985213
42,logreg_smote,0.04226018655612273,0.18128654970760233,0.9789473684210527,0.305921052631579
42,logreg_smote,0.04335713657074611,0.18146341463414634,0.9789473684210527,0.3061728395061728
42,logreg_smote,0.04342556776720116,0.181640625,0.9789473684210527,0.3064250411861615
42,logreg_smote,0.043754279532113305,0.18084066471163246,0.9736842105263158,0.30502885408079145
42,logreg_smote,0.04391648289987905,0.18101761252446183,0.9736842105263158,0.30528052805280526
42,logreg_smote,0.04445371957676198,0.1811949069539667,0.9736842105263158,0.305532617671346
42,logreg_smote,0.04565110712239017,0.18137254901960784,0.9736842105263158,0.3057851239669422
42,logreg_smote,0.04784326628939136,0.1815505397448479,0.9736842105263158,0.30603804797353185
42,logreg_smote,0.04820858404674198,0.18172888015717092,0.9736842105263158,0.30629139072847683
42,logreg_smote,0.048320591581077786,0.18190757128810225,0.9736842105263158,0.30654515327257664
42,logreg_smote,0.05054665234310947,0.18208661417322836,0.9736842105263158,0.3067993366500829
42,logreg_smote,0.051548997865857836,0.18226600985221675,0.9736842105263158,0.3070539419087137
42,logreg_smote,0.05182803425086928,0.18244575936883628,0.9736842105263158,0.30730897009966773
42,logreg_smote,0.05237746520272343,0.18262586377097728,0.9736842105263158,0.3075644222776392
42,logreg_smote,0.052545135110361525,0.18280632411067194,0.9736842105263158,0.30782029950083195
42,logreg_smote,0.052620199716873296,0.18298714144411474,0.9736842105263158,0.3080766028309742
42,logreg_smote,0.05265182727126701,0.18316831683168316,0.9736842105263158,0.30833333333333335
42,logreg_smote,0.05282287678661603,0.18334985133795836,0.9736842105263158,0.30859049207673056
42,logreg_smote,0.05283247744554149,0.18353174603174602,0.9736842105263158,0.3088480801335559
42,logreg_smote,0.054205320705297155,0.18371400198609733,0.9736842105263158,0.30910609857978283
42,logreg_smote,0.054400749154602045,0.18389662027833,0.9736842105263158,0.3093645484949833
42,logreg_smote,0.05638767838661799,0.18407960199004975,0.9736842105263158,0.30962343096234307
42,logreg_smote,0.0564843785467049,0.18426294820717132,0.9736842105263158,0.30988274706867674
42,logreg_smote,0.05659776023279874,0.18444666001994017,0.9736842105263158,0.3101424979044426
42,logreg_smote,0.05729453701859186,0.18463073852295409,0.9736842105263158,0.3104026845637584
42,logreg_smote,0.05751434258990947,0.1848151848151848,0.9736842105263158,0.31066330814441645
42,logreg_smote,0.05779352812921922,0.184,0.968421052631579,0.3092436974789916
42,logreg_smote,0.05871007657652548,0.1841841841841842,0.968421052631579,0.30950378469301937
42,logreg_smote,0.058776455322258746,0.1843687374749499,0.968421052631579,0.30976430976430974
42,logreg_smote,0.05947227337281146,0.18455366098294884,0.968421052631579,0.3100252737994945
42,logreg_smote,0.05956410326140557,0.18473895582329317,0.968421052631579,0.3102866779089376
42,logreg_smote,0.059795574353116075,0.1849246231155779,0.968421052631579,0.3105485232067511
42,logreg_smote,0.060149819410843415,0.1851106639839034,0.968421052631579,0.3108108108108108
42,logreg_smote,0.060484722507649025,0.18529707955689828,0.968421052631579,0.3110735418427726
42,logreg_smote,0.06062707938821616,0.18548387096774194,0.968421052631579,0.311336717428088
42,logreg_smote,0.060849212120653036,0.1856710393541877,0.968421052631579,0.31160033869602033
42,logreg_smote,0.060981152581960366,0.18585858585858586,0.968421052631579,0.31186440677966104
42,logreg_smote,0.0610149292876201,0.18604651162790697,0.968421052631579,0.31212892281594573
42,logreg_smote,0.06148831153191326,0.1862348178137652,0.968421052631579,0.31239388794567063
42,logreg_smote,0.061528545140123056,0.18642350557244175,0.968421052631579,0.3126593033135089
42,logreg_smote,0.06160563343055637,0.18661257606490872,0.968421052631579,0.31292517006802717
42,logreg_smote,0.06277823183345416,0.18680203045685279,0.968421052631579,0.3131914893617021
42,logreg_smote,0.06334684765276305,0.18699186991869918,0.968421052631579,0.313458262350937
42,logreg_smote,0.06521086524262824,0.1871820956256358,0.968421052631579,0.3137254901960785
42,logreg_smote,0.06532901171971417,0.18737270875763748,0.968421052631579,0.31399317406143346
42,logreg_smote,0.06540804409669132,0.1875637104994903,0.968421052631579,0.31426131511528604
42,logreg_smote,0.06558288042241789,0.18775510204081633,0.968421052631579,0.3145299145299146
42,logreg_smote,0.0662972400176964,0.18794688457609807,0.968421052631579,0.31479897348160824
42,logreg_smote,0.06735746370208547,0.18813905930470348,0.968421052631579,0.3150684931506849
42,logreg_smote,0.06751172136673016,0.18833162743091095,0.968421052631579,0.31533847472150817
42,logreg_smote,0.06792334698718931,0.1885245901639344,0.968421052631579,0.31560891938250424
42,logreg_smote,0.06794798694573222,0.18871794871794872,0.968421052631579,0.3158798283261803
42,logreg_smote,0.06848435779464222,0.188911704312115,0.968421052631579,0.3161512027491409
42,logreg_smote,0.06886498827614297,0.18910585817060638,0.968421052631579,0.3164230438521066
42,logreg_smote,0.06929411747313279,0.18930041152263374,0.968421052631579,0.31669535283993117
42,logreg_smote,0.06933606851420776,0.18949536560247168,0.968421052631579,0.3169681309216193
42,logreg_smote,0.06942244297004645,0.18969072164948453,0.968421052631579,0.3172413793103448
42,logreg_smote,0.06960937348184829,0.18988648090815274,0.968421052631579,0.31751509922346854
42,logreg_smote,0.07088168703769024,0.19008264462809918,0.968421052631579,0.31778929188255617
42,logreg_smote,0.07113314898061829,0.19027921406411583,0.968421052631579,0.31806395851339675
42,logreg_smote,0.07165089327325161,0.19047619047619047,0.968421052631579,0.3183391003460207
42,logreg_smote,0.07196557536087923,0.19067357512953367,0.968421052631579,0.31861471861471863
42,logreg_smote,0.07210287253675965,0.1908713692946058,0.968421052631579,0.31889081455805884
42,logreg_smote,0.07217606137531787,0.19106957424714435,0.968421052631579,0.3191673894189072
42,logreg_smote,0.07236357110216958,0.19126819126819128,0.968421052631579,0.3194444444444444
42,logreg_smote,0.07238864233714692,0.1914672216441207,0.968421052631579,0.31972198088618586
42,logreg_smote,0.0724560338237522,0.19166666666666668,0.968421052631579,0.32
42,logreg_smote,0.07351098312334967,0.19186652763295098,0.968421052631579,0.32027850304612704
42,logreg_smote,0.07389952115288118,0.19206680584551147,0.968421052631579,0.32055749128919864
42,logreg_smote,0.07423100721009285,0.19122257053291536,0.9631578947368421,0.31909328683522226
42,logreg_smote,0.07445386154677212,0.19142259414225943,0.9631578947368421,0.3193717277486911
42,logreg_smote,0.07508157641056291,0.19162303664921465,0.9631578947368421,0.31965065502183404
42,logreg_smote,0.07515638811312272,0.1918238993710692,0.9631578947368421,0.31993006993006995
42,logreg_smote,0.07518915046089533,0.19202518363064008,0.9631578947368421,0.32020997375328086
42,logreg_smote,0.07520692148229745,0.19222689075630253,0.9631578947368421,0.32049036777583184
42,logreg_smote,0.07564474682086128,0.19242902208201892,0.9631578947368421,0.32077125328659073
42,logreg_smote,0.0763043471562202,0.19263157894736843,0.9631578947368421,0.3210526315789474
42,logreg_smote,0.07632698599005014,0.1928345626975764,0.9631578947368421,0.32133450395083407
42,logreg_smote,0.07712545960262862,0.1930379746835443,0.9631578947368421,0.3216168717047452
42,logreg_smote,0.07751413210997037,0.1932418162618796,0.9631578947368421,0.32189973614775724
42,logreg_smote,0.0775256535743751,0.193446088794926,0.9631578947368421,0.3221830985915493
42,logreg_smote,0.07755520475970691,0.19365079365079366,0.9631578947368421,0.3224669603524229
42,logreg_smote,0.07781680717300804,0.19385593220338984,0.9631578947368421,0.3227513227513228
42,logreg_smote,0.07813377878103596,0.19406150583244963,0.9631578947368421,0.323036187113857
42,logreg_smote,0.07829260995996307,0.1932059447983015,0.9578947368421052,0.3215547703180212
42,logreg_smote,0.07842584124525087,0.19234856535600425,0.9526315789473684,0.3200707338638373
42,logreg_smote,0.07920937943367809,0.1925531914893617,0.9526315789473684,0.3203539823008849
42,logreg_smote,0.07927920026899608,0.19275825346112885,0.9526315789473684,0.320637732506643
42,logreg_smote,0.08055073146916321,0.1929637526652452,0.9526315789473684,0.32092198581560283
42,logreg_smote,0.08152433480425014,0.19316969050160085,0.9526315789473684,0.321206743566992
42,logreg_smote,0.08189575212834689,0.19337606837606838,0.9526315789473684,0.3214920071047957
42,logreg_smote,0.08246982960331935,0.19358288770053475,0.9526315789473684,0.3217777777777778
42,logreg_smote,0.08302087311263998,0.1937901498929336,0.9526315789473684,0.32206405693950174
42,logreg_smote,0.08359797176185506,0.1939978563772776,0.9526315789473684,0.3223508459483526
42,logreg_smote,0.08421189285054817,0.194206008583691,0.9526315789473684,0.3226381461675579
42,logreg_smote,0.08470156836276144,0.19441460794844254,0.9526315789473684,0.32292595896520965
42,logreg_smote,0.08493307795345777,0.19462365591397848,0.9526315789473684,0.3232142857142857
42,logreg_smote,0.08515798217238792,0.19483315392895587,0.9526315789473684,0.323503127792672
42,logreg_smote,0.08528294192867056,0.19504310344827586,0.9526315789473684,0.3237924865831842
42,logreg_smote,0.08534845577325642,0.19525350593311758,0.9526315789473684,0.32408236347358993
42,logreg_smote,0.08568015128963964,0.19546436285097193,0.9526315789473684,0.32437275985663083
42,logreg_smote,0.08581846075258835,0.19567567567567568,0.9526315789473684,0.32466367713004485
42,logreg_smote,0.08634493702507401,0.1958874458874459,0.9526315789473684,0.32495511669658883
42,logreg_smote,0.08662675655466505,0.19609967497291442,0.9526315789473684,0.3252470799640611
42,logreg_smote,0.08725563974370412,0.1963123644251627,0.9526315789473684,0.32553956834532377
42,logreg_smote,0.08735530089642485,0.19543973941368079,0.9473684210526315,0.32403240324032406
42,logreg_smote,0.08931587353119627,0.1956521739130435,0.9473684210526315,0.3243243243243243
42,logreg_smote,0.08956365807166648,0.19477693144722524,0.9421052631578948,0.32281334535617673
42,logreg_smote,0.09080036526543118,0.19498910675381265,0.9421052631578948,0.32310469314079426
42,logreg_smote,0.0911064376855429,0.19520174482006544,0.9421052631578948,0.32339656729900634
42,logreg_smote,0.09126867449153603,0.19541484716157206,0.9421052631578948,0.32368896925858953
42,logreg_smote,0.09213051978116588,0.19453551912568307,0.9368421052631579,0.3221719457013575
42,logreg_smote,0.0927112249301946,0.19474835886214442,0.9368421052631579,0.322463768115942
42,logreg_smote,0.09281752928517766,0.1949616648411829,0.9368421052631579,0.3227561196736174
42,logreg_smote,0.09330265932237033,0.19517543859649122,0.9368421052631579,0.323049001814882
42,logreg_smote,0.09344875599230329,0.19538968166849616,0.9368421052631579,0.32334241598546776
42,logreg_smote,0.0936229130324617,0.1956043956043956,0.9368421052631579,0.32363636363636367
42,logreg_smote,0.09461215176280209,0.19581958195819582,0.9368421052631579,0.32393084622383983
42,logreg_smote,0.09527431477739079,0.1960352422907489,0.9368421052631579,0.3242258652094718
42,logreg_smote,0.09527786763625411,0.19625137816979052,0.9368421052631579,0.32452142206016404
42,logreg_smote,0.0960275084129478,0.19646799116997793,0.9368421052631579,0.3248175182481752
42,logreg_smote,0.09693134598665859,0.19668508287292819,0.9368421052631579,0.32511415525114157
42,logreg_smote,0.09753824620135529,0.19690265486725664,0.9368421052631579,0.3254113345521024
42,logreg_smote,0.09777874172736864,0.19712070874861573,0.9368421052631579,0.32570905763952424
42,logreg_smote,0.09783755554077213,0.1973392461197339,0.9368421052631579,0.326007326007326
42,logreg_smote,0.0982672312523815,0.19755826859045506,0.9368421052631579,0.32630614115490375
42,logreg_smote,0.09866285349132545,0.19777777777777777,0.9368421052631579,0.3266055045871559
42,logreg_smote,0.09880803001829572,0.19799777530589543,0.9368421052631579,0.3269054178145087
42,logreg_smote,0.09916123437527002,0.19821826280623608,0.9368421052631579,0.3272058823529412
42,logreg_smote,0.09946227756026582,0.19843924191750278,0.9368421052631579,0.3275068997240111
42,logreg_smote,0.09947639503821838,0.19866071428571427,0.9368421052631579,0.3278084714548803
42,logreg_smote,0.0998822946855183,0.19888268156424582,0.9368421052631579,0.328110599078341
42,logreg_smote,0.10033052412515205,0.19910514541387025,0.9368421052631579,0.3284132841328413
42,logreg_smote,0.10116180375985195,0.19932810750279956,0.9368421052631579,0.32871652816251157
42,logreg_smote,0.10184962196144348,0.19955156950672645,0.9368421052631579,0.32902033271719033
42,logreg_smote,0.10221637869522623,0.19977553310886645,0.9368421052631579,0.32932469935245146
42,logreg_smote,0.10273687553550728,0.2,0.9368421052631579,0.32962962962962966
42,logreg_smote,0.10275017397539747,0.20022497187851518,0.9368421052631579,0.329935125115848
42,logreg_smote,0.1033767650939953,0.20045045045045046,0.9368421052631579,0.3302411873840445
42,logreg_smote,0.10458747522619749,0.20067643742953778,0.9368421052631579,0.3305478180129991
42,logreg_smote,0.10536266316616401,0.20090293453724606,0.9368421052631579,0.33085501858736055
42,logreg_smote,0.10599406241972331,0.20112994350282487,0.9368421052631579,0.3311627906976744
42,logreg_smote,0.1062722983284104,0.20135746606334842,0.9368421052631579,0.3314711359404097
42,logreg_smote,0.10678777629468861,0.2015855039637599,0.9368421052631579,0.3317800559179869
42,logreg_smote,0.10704933125221798,0.2018140589569161,0.9368421052631579,0.33208955223880593
42,logreg_smote,0.10719749168036276,0.20204313280363223,0.9368421052631579,0.33239962651727356
42,logreg_smote,0.10768007023852431,0.20227272727272727,0.9368421052631579,0.3327102803738317
42,logreg_smote,0.10770501628319447,0.2025028441410694,0.9368421052631579,0.3330215154349859
42,logreg_smote,0.10797683077332319,0.20273348519362186,0.9368421052631579,0.3333333333333333
42,logreg_smote,0.10810535412389428,0.20296465222348917,0.9368421052631579,0.3336457357075914
42,logreg_smote,0.10942104818219943,0.20319634703196346,0.9368421052631579,0.3339587242026266
42,logreg_smote,0.10950387506685631,0.20342857142857143,0.9368421052631579,0.33427230046948353
42,logreg_smote,0.1099061157312861,0.2036613272311213,0.9368421052631579,0.3345864661654135
42,logreg_smote,0.11032449601237092,0.20389461626575028,0.9368421052631579,0.33490122295390407
42,logreg_smote,0.11077547347192467,0.2029816513761468,0.9315789473684211,0.3333333333333333
42,logreg_smote,0.11153845585243209,0.20321469575200918,0.9315789473684211,0.33364750235626767
42,logreg_smote,0.11210438289235121,0.20344827586206896,0.9315789473684211,0.3339622641509434
42,logreg_smote,0.11212223695867493,0.20253164556962025,0.9263157894736842,0.3323890462700661
42,logreg_smote,0.11531060421849659,0.20276497695852536,0.9263157894736842,0.332703213610586
42,logreg_smote,0.11534312083988497,0.2029988465974625,0.9263157894736842,0.33301797540208133
42,logreg_smote,0.11557360005451318,0.20323325635103925,0.9263157894736842,0.3333333333333333
42,logreg_smote,0.1171231923670069,0.20346820809248556,0.9263157894736842,0.333649289099526
42,logreg_smote,0.11717915205010145,0.2037037037037037,0.9263157894736842,0.33396584440227706
42,logreg_smote,0.11801880997463303,0.20393974507531865,0.9263157894736842,0.33428300094966756
42,logreg_smote,0.11863154186855442,0.20301624129930396,0.9210526315789473,0.33269961977186313
42,logreg_smote,0.11893723868970439,0.2032520325203252,0.9210526315789473,0.33301617507136066
42,logreg_smote,0.1193237459391364,0.20348837209302326,0.9210526315789473,0.3333333333333333
42,logreg_smote,0.12129680307164481,0.20372526193247964,0.9210526315789473,0.3336510962821735
42,logreg_smote,0.12136306204728523,0.20396270396270397,0.9210526315789473,0.333969465648855
42,logreg_smote,0.12309397881234392,0.20420070011668612,0.9210526315789473,0.3342884431709647
42,logreg_smote,0.12363002659389581,0.2044392523364486,0.9210526315789473,0.33460803059273425
42,logreg_smote,0.12462386324744015,0.20350877192982456,0.9157894736842105,0.33301435406698565
42,logreg_smote,0.12523916539038396,0.20374707259953162,0.9157894736842105,0.3333333333333333
42,logreg_smote,0.12530452140250464,0.20398593200468934,0.9157894736842105,0.33365292425695114
42,logreg_smote,0.12630961690089507,0.20422535211267606,0.9157894736842105,0.33397312859884837
42,logreg_smote,0.1264793797834201,0.2044653349001175,0.9157894736842105,0.33429394812680113
42,logreg_smote,0.1272355857779947,0.20470588235294118,0.9157894736842105,0.3346153846153846
42,logreg_smote,0.12726349670136655,0.2049469964664311,0.9157894736842105,0.3349374398460058
42,logreg_smote,0.1276336565628721,0.20518867924528303,0.9157894736842105,0.3352601156069364
42,logreg_smote,0.12790051436738772,0.20543093270365997,0.9157894736842105,0.33558341369334616
42,logreg_smote,0.12862107846032908,0.20567375886524822,0.9157894736842105,0.3359073359073359
42,logreg_smote,0.12873008402850392,0.20591715976331362,0.9157894736842105,0.33623188405797105
42,logreg_smote,0.1289310303422475,0.20497630331753555,0.9105263157894737,0.33462282398452614
42,logreg_smote,0.12911890159765085,0.20521945432977462,0.9105263157894737,0.33494675701839305
42,logreg_smote,0.13036816420447464,0.20546318289786222,0.9105263157894737,0.33527131782945735
42,logreg_smote,0.13062424873541087,0.2057074910820452,0.9105263157894737,0.3355965082444229
42,logreg_smote,0.13145245392587512,0.20595238095238094,0.9105263157894737,0.33592233009708733
42,logreg_smote,0.13167286508420506,0.2061978545887962,0.9105263157894737,0.3362487852283771
42,logreg_smote,0.13213666661526519,0.2064439140811456,0.9105263157894737,0.33657587548638135
42,logreg_smote,0.13342080824071753,0.2066905615292712,0.9105263157894737,0.33690360272638753
42,logreg_smote,0.1335360837974362,0.2069377990430622,0.9105263157894737,0.3372319688109162
42,logreg_smote,0.1336507810291581,0.20718562874251498,0.9105263157894737,0.3375609756097561
42,logreg_smote,0.13366367008222257,0.20743405275779375,0.9105263157894737,0.337890625
42,logreg_smote,0.13617231083251546,0.20768307322929172,0.9105263157894737,0.3382209188660802
42,logreg_smote,0.13709554771895827,0.20793269230769232,0.9105263157894737,0.3385518590998043
42,logreg_smote,0.13718220851753307,0.20818291215403129,0.9105263157894737,0.3388834476003918
42,logreg_smote,0.13732618755777473,0.20843373493975903,0.9105263157894737,0.3392156862745098
42,logreg_smote,0.13766925382723266,0.20868516284680338,0.9105263157894737,0.3395485770363101
42,logreg_smote,0.13785108832241505,0.20893719806763286,0.9105263157894737,0.33988212180746563
42,logreg_smote,0.1378668538623723,0.20918984280532044,0.9105263157894737,0.3402163225172075
42,logreg_smote,0.13796266372537974,0.20944309927360774,0.9105263157894737,0.3405511811023622
42,logreg_smote,0.13865579246481205,0.2096969696969697,0.9105263157894737,0.3408866995073892
42,logreg_smote,0.13915123187068454,0.2099514563106796,0.9105263157894737,0.3412228796844181
42,logreg_smote,0.13922652979668415,0.21020656136087484,0.9105263157894737,0.34155972359328723
42,logreg_smote,0.13924882055882748,0.21046228710462286,0.9105263157894737,0.34189723320158105
42,logreg_smote,0.1392496203943556,0.21071863580998781,0.9105263157894737,0.3422354104846686
42,logreg_smote,0.13946407669025504,0.21097560975609755,0.9105263157894737,0.34257425742574255
42,logreg_smote,0.1395949081273716,0.21123321123321123,0.9105263157894737,0.34291377601585726
42,logreg_smote,0.14012007380502928,0.2114914425427873,0.9105263157894737,0.34325396825396826
42,logreg_smote,0.1415738976986475,0.211750305997552,0.9105263157894737,0.34359483614697117
42,logreg_smote,0.141627463721706,0.21200980392156862,0.9105263157894737,0.34393638170974156
42,logreg_smote,0.14166005695104106,0.21226993865030674,0.9105263157894737,0.3442786069651741
42,logreg_smote,0.14377274304980028,0.2113022113022113,0.9052631578947369,0.3426294820717132
42,logreg_smote,0.14403570091715978,0.2115621156211562,0.9052631578947369,0.34297108673978066
42,logreg_smote,0.1452854864804067,0.21182266009852216,0.9052631578947369,0.343313373253493
42,logreg_smote,0.1453604760941878,0.2120838471023428,0.9052631578947369,0.3436563436563437
42,logreg_smote,0.14789472222129202,0.2123456790123457,0.9052631578947369,0.34400000000000003
42,logreg_smote,0.1480858812321242,0.2126081582200247,0.9052631578947369,0.34434434434434436
42,logreg_smote,0.14844457016779128,0.21287128712871287,0.9052631578947369,0.344689378757515
42,logreg_smote,0.15012084030486317,0.21313506815365552,0.9052631578947369,0.34503510531594783
42,logreg_smote,0.1503436217479816,0.21339950372208435,0.9052631578947369,0.3453815261044177
42,logreg_smote,0.15052765598090653,0.2124223602484472,0.9,0.3437185929648241
42,logreg_smote,0.1506210269515397,0.2126865671641791,0.9,0.3440643863179074
42,logreg_smote,0.15198370593719882,0.2129514321295143,0.9,0.3444108761329305
42,logreg_smote,0.15207151455688683,0.21321695760598502,0.9,0.34475806451612895
42,logreg_smote,0.15236338373957714,0.21348314606741572,0.9,0.34510595358224017
42,logreg_smote,0.15284716624192196,0.21375,0.9,0.34545454545454546
42,logreg_smote,0.15334683445252986,0.21401752190237797,0.9,0.34580384226491406
42,logreg_smote,0.15412948735545431,0.21428571428571427,0.9,0.3461538461538461
42,logreg_smote,0.15488940547575758,0.21455457967377667,0.9,0.34650455927051677
42,logreg_smote,0.1550033845256551,0.21482412060301506,0.9,0.34685598377281945
42,logreg_smote,0.15642634913390044,0.21509433962264152,0.9,0.3472081218274112
42,logreg_smote,0.15727181335834642,0.21536523929471033,0.9,0.3475609756097561
42,logreg_smote,0.15785539450460123,0.21563682219419925,0.9,0.34791454730417093
42,logreg_smote,0.15960256805982406,0.2159090909090909,0.9,0.3482688391038697
42,logreg_smote,0.16062261350037374,0.21618204804045513,0.9,0.3486238532110092
42,logreg_smote,0.16072263674767756,0.21645569620253163,0.9,0.3489795918367347
42,logreg_smote,0.1611243678008917,0.21673003802281368,0.9,0.3493360572012257
42,logreg_smote,0.16115462313703827,0.217005076142132,0.9,0.34969325153374237
42,logreg_smote,0.16289355162320396,0.21728081321473952,0.9,0.35005117707267147
42,logreg_smote,0.16331765835026585,0.21755725190839695,0.9,0.3504098360655738
42,logreg_smote,0.1645392246579163,0.2178343949044586,0.9,0.3507692307692307
42,logreg_smote,0.1646996697182873,0.2181122448979592,0.9,0.351129363449692
42,logreg_smote,0.16519931760346807,0.21839080459770116,0.9,0.35149023638232274
42,logreg_smote,0.1670221311394832,0.2186700767263427,0.9,0.35185185185185186
42,logreg_smote,0.16847169095058911,0.21895006402048656,0.9,0.3522142121524202
42,logreg_smote,0.16905173961832126,0.21923076923076923,0.9,0.3525773195876289
42,logreg_smote,0.1702518146700348,0.21951219512195122,0.9,0.3529411764705882
42,logreg_smote,0.170455943198365,0.21979434447300772,0.9,0.353305785123967
42,logreg_smote,0.1704742946851966,0.22007722007722008,0.9,0.35367114788004134
42,logreg_smote,0.17077142698570758,0.22036082474226804,0.9,0.35403726708074534
42,logreg_smote,0.17141656126531926,0.22064516129032258,0.9,0.3544041450777202
42,logreg_smote,0.17352298912980196,0.22093023255813954,0.9,0.35477178423236516
42,logreg_smote,0.17381142709528344,0.22121604139715395,0.9,0.3551401869158879
42,logreg_smote,0.17425869502171756,0.22150259067357514,0.9,0.35550935550935553
42,logreg_smote,0.17452958740385566,0.22178988326848248,0.9,0.35587929240374605
42,logreg_smote,0.1746786401365202,0.22207792207792207,0.9,0.35625
42,logreg_smote,0.17530245162975114,0.2223667100130039,0.9,0.35662148070907196
42,logreg_smote,0.17630175483789462,0.22265625,0.9,0.35699373695198333
42,logreg_smote,0.17649377297588864,0.22294654498044328,0.9,0.35736677115987464
42,logreg_smote,0.17713055960202398,0.22323759791122716,0.9,0.35774058577405854
42,logreg_smote,0.1789107904921367,0.2235294117647059,0.9,0.35811518324607333
42,logreg_smote,0.17915400260986078,0.2238219895287958,0.9,0.3584905660377359
42,logreg_smote,0.18029080461096167,0.22411533420707733,0.9,0.3588667366211962
42,logreg_smote,0.1807362144704001,0.2230971128608924,0.8947368421052632,0.35714285714285715
42,logreg_smote,0.18104285095427125,0.2233902759526938,0.8947368421052632,0.35751840168243953
42,logreg_smote,0.18184341904530923,0.22236842105263158,0.8894736842105263,0.3557894736842105
42,logreg_smote,0.18186930499105475,0.22266139657444006,0.8894736842105263,0.3561643835616438
42,logreg_smote,0.18193084345763222,0.22295514511873352,0.8894736842105263,0.35654008438818563
42,logreg_smote,0.18232496680735227,0.22324966974900926,0.8894736842105263,0.35691657866948256
42,logreg_smote,0.1837348802589759,0.22354497354497355,0.8894736842105263,0.3572938689217759
42,logreg_smote,0.1839173690488736,0.223841059602649,0.8894736842105263,0.3576719576719576
42,logreg_smote,0.1848981538060076,0.22413793103448276,0.8894736842105263,0.3580508474576271
42,logreg_smote,0.18490509759078128,0.2244355909694555,0.8894736842105263,0.3584305408271474
42,logreg_smote,0.18493602412947166,0.2247340425531915,0.8894736842105263,0.35881104033970274
42,logreg_smote,0.18600897254198434,0.22503328894806923,0.8894736842105263,0.359192348565356
42,logreg_smote,0.1861392124548178,0.224,0.8842105263157894,0.35744680851063826
42,logreg_smote,0.18648250826170498,0.22429906542056074,0.8842105263157894,0.3578274760383387
42,logreg_smote,0.18682311379157684,0.22459893048128343,0.8842105263157894,0.3582089552238806
42,logreg_smote,0.18720622082861835,0.2248995983935743,0.8842105263157894,0.35859124866595515
42,logreg_smote,0.1874131225709007,0.225201072386059,0.8842105263157894,0.358974358974359
42,logreg_smote,0.1874949216713253,0.22550335570469798,0.8842105263157894,0.35935828877005344
42,logreg_smote,0.18755806872126207,0.22580645161290322,0.8842105263157894,0.35974304068522484
42,logreg_smote,0.18826774878897004,0.22611036339165544,0.8842105263157894,0.36012861736334406
42,logreg_smote,0.1886504052326994,0.22641509433962265,0.8842105263157894,0.3605150214592275
42,logreg_smote,0.1887983512424261,0.22672064777327935,0.8842105263157894,0.3609022556390978
42,logreg_smote,0.18914742568601023,0.22702702702702704,0.8842105263157894,0.3612903225806452
42,logreg_smote,0.1906818694510787,0.2273342354533153,0.8842105263157894,0.36167922497308935
42,logreg_smote,0.19144691109922699,0.22764227642276422,0.8842105263157894,0.3620689655172413
42,logreg_smote,0.1916986824832274,0.22795115332428764,0.8842105263157894,0.3624595469255663
42,logreg_smote,0.19206727708814045,0.22826086956521738,0.8842105263157894,0.3628509719222462
42,logreg_smote,0.19416558502022604,0.22857142857142856,0.8842105263157894,0.36324324324324325
42,logreg_smote,0.1955901933940498,0.22888283378746593,0.8842105263157894,0.36363636363636365
42,logreg_smote,0.1956952106749777,0.2291950886766712,0.8842105263157894,0.3640303358613217
42,logreg_smote,0.19679586247566794,0.22950819672131148,0.8842105263157894,0.3644251626898048
42,logreg_smote,0.1972485131943489,0.22982216142270862,0.8842105263157894,0.36482084690553745
42,logreg_smote,0.1982540918942057,0.22876712328767124,0.8789473684210526,0.3630434782608696
42,logreg_smote,0.19854333824680626,0.22908093278463648,0.8789473684210526,0.3634385201305767
42,logreg_smote,0.20146170420573087,0.22939560439560439,0.8789473684210526,0.3638344226579521
42,logreg_smote,0.20168590153976382,0.2297111416781293,0.8789473684210526,0.36423118865866955
42,logreg_smote,0.20257785389355543,0.23002754820936638,0.8789473684210526,0.36462882096069865
42,logreg_smote,0.2034394433005775,0.2303448275862069,0.8789473684210526,0.3650273224043716
42,logreg_smote,0.2038322491149825,0.23066298342541436,0.8789473684210526,0.3654266958424507
42,logreg_smote,0.20425686739655144,0.23098201936376211,0.8789473684210526,0.3658269441401972
42,logreg_smote,0.20441370809446965,0.23130193905817176,0.8789473684210526,0.3662280701754386
42,logreg_smote,0.20490721620332644,0.231622746185853,0.8789473684210526,0.36663007683863885
42,logreg_smote,0.20507213600706606,0.23194444444444445,0.8789473684210526,0.36703296703296706
42,logreg_smote,0.20576496924396892,0.23226703755215578,0.8789473684210526,0.36743674367436746
42,logreg_smote,0.2064705033033848,0.23259052924791088,0.8789473684210526,0.36784140969163
42,logreg_smote,0.2078993639184196,0.23291492329149233,0.8789473684210526,0.36824696802646084
42,logreg_smote,0.20880387367456266,0.23324022346368714,0.8789473684210526,0.3686534216335541
42,logreg_smote,0.20894772825694855,0.23356643356643356,0.8789473684210526,0.36906077348066296
42,logreg_smote,0.2090568018448212,0.2338935574229692,0.8789473684210526,0.3694690265486726
42,logreg_smote,0.20910143182784546,0.23422159887798036,0.8789473684210526,0.36987818383167215
42,logreg_smote,0.2096538042223698,0.2345505617977528,0.8789473684210526,0.37028824833702884
42,logreg_smote,0.20985279649192898,0.2348804500703235,0.8789473684210526,0.37069922308546055
42,logreg_smote,0.2099217940955396,0.2352112676056338,0.8789473684210526,0.37111111111111106
42,logreg_smote,0.2114219897330361,0.23413258110014104,0.8736842105263158,0.36929922135706333
42,logreg_smote,0.21199242014213807,0.2344632768361582,0.8736842105263158,0.36971046770601335
42,logreg_smote,0.2143092922536529,0.2347949080622348,0.8736842105263158,0.3701226309921962
42,logreg_smote,0.2148672629328076,0.23512747875354106,0.8736842105263158,0.37053571428571425
42,logreg_smote,0.21622730804776522,0.23546099290780143,0.8736842105263158,0.37094972067039106
42,logreg_smote,0.21660531836923158,0.23579545454545456,0.8736842105263158,0.3713646532438479
42,logreg_smote,0.21665365292759847,0.23470839260312945,0.868421052631579,0.36954087346024633
42,logreg_smote,0.21674628074491356,0.23504273504273504,0.868421052631579,0.36995515695067266
42,logreg_smote,0.21725339149408437,0.23537803138373753,0.868421052631579,0.3703703703703704
42,logreg_smote,0.21866921566838113,0.2357142857142857,0.868421052631579,0.3707865168539326
42,logreg_smote,0.2187563441438708,0.23605150214592274,0.868421052631579,0.3712035995500563
42,logreg_smote,0.2211578351709591,0.23638968481375358,0.868421052631579,0.3716216216216216
42,logreg_smote,0.2216606852616898,0.23672883787661406,0.868421052631579,0.37204058624577224
42,logreg_smote,0.22266164536923694,0.23706896551724138,0.868421052631579,0.3724604966139955
42,logreg_smote,0.2232711434511116,0.23741007194244604,0.868421052631579,0.37288135593220334
42,logreg_smote,0.22403040136450877,0.2377521613832853,0.868421052631579,0.3733031674208145
42,logreg_smote,0.22423150457351448,0.23809523809523808,0.868421052631579,0.37372593431483575
42,logreg_smote,0.2244886345953016,0.2384393063583815,0.868421052631579,0.37414965986394555
42,logreg_smote,0.22736735449465445,0.23878437047756873,0.868421052631579,0.3745743473325766
42,logreg_smote,0.22742969966299434,0.2391304347826087,0.868421052631579,0.37500000000000006
42,logreg_smote,0.22751947694429084,0.23802612481857766,0.8631578947368421,0.3731513083048919
42,logreg_smote,0.22778963028959628,0.23837209302325582,0.8631578947368421,0.3735763097949886
42,logreg_smote,0.22837833805792826,0.23871906841339155,0.8631578947368421,0.37400228050171036
42,logreg_smote,0.22929076191587644,0.239067055393586,0.8631578947368421,0.3744292237442922
42,logreg_smote,0.22973499536203162,0.23941605839416058,0.8631578947368421,0.3748571428571429
42,logreg_smote,0.2297411122959267,0.23830409356725146,0.8578947368421053,0.37299771167048057
42,logreg_smote,0.2330821692780889,0.23865300146412885,0.8578947368421053,0.3734249713631157
42,logreg_smote,0.23496697950667397,0.23900293255131966,0.8578947368421053,0.37385321100917435
42,logreg_smote,0.2361392768543572,0.2393538913362702,0.8578947368421053,0.37428243398392647
42,logreg_smote,0.236696333630519,0.23970588235294119,0.8578947368421053,0.37471264367816093
42,logreg_smote,0.23705318635136896,0.24005891016200295,0.8578947368421053,0.3751438434982739
42,logreg_smote,0.23796511118001656,0.24041297935103245,0.8578947368421053,0.37557603686635943
42,logreg_smote,0.23820606468600902,0.24076809453471196,0.8578947368421053,0.3760092272202999
42,logreg_smote,0.23855003767170851,0.2411242603550296,0.8578947368421053,0.37644341801385683
42,logreg_smote,0.23871088777799587,0.24,0.8526315789473684,0.3745664739884393
42,logreg_smote,0.23916250293272162,0.2403560830860534,0.8526315789473684,0.375
42,logreg_smote,0.23937070458343976,0.24071322436849926,0.8526315789473684,0.37543453070683663
42,logreg_smote,0.24053385011929931,0.24107142857142858,0.8526315789473684,0.37587006960556846
42,logreg_smote,0.2406011222147852,0.2414307004470939,0.8526315789473684,0.3763066202090592
42,logreg_smote,0.24098349731843402,0.2417910447761194,0.8526315789473684,0.37674418604651166
42,logreg_smote,0.24185493459691282,0.242152466367713,0.8526315789473684,0.37718277066356226
42,logreg_smote,0.24265337617482366,0.24251497005988024,0.8526315789473684,0.37762237762237755
42,logreg_smote,0.24281989763064263,0.24287856071964017,0.8526315789473684,0.3780630105017503
42,logreg_smote,0.24297408534885612,0.24324324324324326,0.8526315789473684,0.3785046728971963
42,logreg_smote,0.2430402361216381,0.24360902255639097,0.8526315789473684,0.37894736842105264
42,logreg_smote,0.2453947418267146,0.24397590361445784,0.8526315789473684,0.37939110070257615
42,logreg_smote,0.245544613117997,0.24434389140271492,0.8526315789473684,0.37983587338804214
42,logreg_smote,0.2457701090352637,0.24471299093655588,0.8526315789473684,0.380281690140845
42,logreg_smote,0.2461506599010407,0.24508320726172467,0.8526315789473684,0.38072855464159816
42,logreg_smote,0.24617325814609345,0.24545454545454545,0.8526315789473684,0.38117647058823534
42,logreg_smote,0.246801493342412,0.24582701062215478,0.8526315789473684,0.3816254416961131
42,logreg_smote,0.24755406667072602,0.24620060790273557,0.8526315789473684,0.3820754716981132
42,logreg_smote,0.24791622231149515,0.2465753424657534,0.8526315789473684,0.38252656434474613
42,logreg_smote,0.24904624158135624,0.24695121951219512,0.8526315789473684,0.38297872340425526
42,logreg_smote,0.24987954339983168,0.24732824427480915,0.8526315789473684,0.38343195266272184
42,logreg_smote,0.2502871334789066,0.24770642201834864,0.8526315789473684,0.3838862559241706
42,logreg_smote,0.2538218904147576,0.24808575803981622,0.8526315789473684,0.3843416370106762
42,logreg_smote,0.2546885125426659,0.2469325153374233,0.8473684210526315,0.38242280285035624
42,logreg_smote,0.2557716027181444,0.24731182795698925,0.8473684210526315,0.38287752675386444
42,logreg_smote,0.25583888118480824,0.24769230769230768,0.8473684210526315,0.3833333333333333
42,logreg_smote,0.2561693723250629,0.24807395993836673,0.8473684210526315,0.3837902264600715
42,logreg_smote,0.25697162857411604,0.24845679012345678,0.8473684210526315,0.3842482100238664
42,logreg_smote,0.25718308655172545,0.24884080370942813,0.8473684210526315,0.3847072879330944
42,logreg_smote,0.2600886572022399,0.2476780185758514,0.8421052631578947,0.3827751196172249
42,logreg_smote,0.2625580349951378,0.24806201550387597,0.8421052631578947,0.3832335329341317
42,logreg_smote,0.26259552382948725,0.2484472049689441,0.8421052631578947,0.3836930455635491
42,logreg_smote,0.2625965390637672,0.24883359253499224,0.8421052631578947,0.38415366146458585
42,logreg_smote,0.2635568890462116,0.24922118380062305,0.8421052631578947,0.38461538461538464
42,logreg_smote,0.2673194647623313,0.24960998439937598,0.8421052631578947,0.3850782190132371
42,logreg_smote,0.2673624316567789,0.25,0.8421052631578947,0.3855421686746988
42,logreg_smote,0.26765222654309406,0.25039123630672927,0.8421052631578947,0.38600723763570566
42,logreg_smote,0.2678195603487454,0.2507836990595611,0.8421052631578947,0.38647342995169076
42,logreg_smote,0.2679245605256908,0.25117739403453687,0.8421052631578947,0.38694074969770254
42,logreg_smote,0.2680944042900656,0.25157232704402516,0.8421052631578947,0.387409200968523
42,logreg_smote,0.2713497296159648,0.25196850393700787,0.8421052631578947,0.3878787878787879
42,logreg_smote,0.27138391963489655,0.25236593059936907,0.8421052631578947,0.38834951456310673
42,logreg_smote,0.2720961543935149,0.2527646129541864,0.8421052631578947,0.38882138517618464
42,logreg_smote,0.2732651652625841,0.25316455696202533,0.8421052631578947,0.38929440389294406
42,logreg_smote,0.2733163222342263,0.25356576862123614,0.8421052631578947,0.389768574908648
42,logreg_smote,0.27404853412746133,0.25396825396825395,0.8421052631578947,0.3902439024390244
42,logreg_smote,0.2772028006745102,0.2543720190779014,0.8421052631578947,0.3907203907203906
42,logreg_smote,0.27757349247123386,0.25477707006369427,0.8421052631578947,0.39119804400978
42,logreg_smote,0.2778171718160001,0.2551834130781499,0.8421052631578947,0.39167686658506734
42,logreg_smote,0.2783708932974313,0.25559105431309903,0.8421052631578947,0.39215686274509803
42,logreg_smote,0.27968090943881313,0.256,0.8421052631578947,0.39263803680981596
42,logreg_smote,0.282158520431827,0.2564102564102564,0.8421052631578947,0.39312039312039304
42,logreg_smote,0.2833668634694567,0.2568218298555377,0.8421052631578947,0.3936039360393604
42,logreg_smote,0.2834418984070974,0.2572347266881029,0.8421052631578947,0.3940886699507388
42,logreg_smote,0.2835045296660834,0.2576489533011272,0.8421052631578947,0.3945745992601726
42,logreg_smote,0.28752564568496974,0.25806451612903225,0.8421052631578947,0.3950617283950617
42,logreg_smote,0.28767851015338647,0.25848142164781907,0.8421052631578947,0.39555006180469715
42,logreg_smote,0.2911753539966411,0.25728155339805825,0.8368421052631579,0.3935643564356436
42,logreg_smote,0.2936477482003475,0.2576985413290113,0.8368421052631579,0.3940520446096654
42,logreg_smote,0.29475046027582835,0.25811688311688313,0.8368421052631579,0.39454094292803976
42,logreg_smote,0.2966089919840044,0.25853658536585367,0.8368421052631579,0.3950310559006212
42,logreg_smote,0.29728983751503096,0.25895765472312704,0.8368421052631579,0.3955223880597015
42,logreg_smote,0.29893303363553303,0.25938009787928223,0.8368421052631579,0.3960149439601494
42,logreg_smote,0.2990379124934542,0.25980392156862747,0.8368421052631579,0.39650872817955113
42,logreg_smote,0.29907018597719076,0.2602291325695581,0.8368421052631579,0.39700374531835203
42,logreg_smote,0.30032490004097817,0.260655737704918,0.8368421052631579,0.39749999999999996
42,logreg_smote,0.3007477290211949,0.26108374384236455,0.8368421052631579,0.39799749687108893
42,logreg_smote,0.3011769258064744,0.26151315789473684,0.8368421052631579,0.39849624060150374
42,logreg_smote,0.30121885732716186,0.26194398682042835,0.8368421052631579,0.3989962358845671
42,logreg_smote,0.3014107565865715,0.2623762376237624,0.8368421052631579,0.399497487437186
42,logreg_smote,0.3032720146193233,0.2628099173553719,0.8368421052631579,0.4
42,logreg_smote,0.30435527782131133,0.2632450331125828,0.8368421052631579,0.40050377833753154
42,logreg_smote,0.30597032427624293,0.263681592039801,0.8368421052631579,0.40100882723833553
42,logreg_smote,0.30663170595196165,0.26411960132890366,0.8368421052631579,0.40151515151515155
42,logreg_smote,0.3066750714729005,0.26455906821963393,0.8368421052631579,0.40202275600505694
42,logreg_smote,0.30849203203166575,0.265,0.8368421052631579,0.40253164556962023
42,logreg_smote,0.3086894787237936,0.2654424040066778,0.8368421052631579,0.40304182509505704
42,logreg_smote,0.31156509155012674,0.26588628762541805,0.8368421052631579,0.4035532994923858
42,logreg_smote,0.31485001100061416,0.2663316582914573,0.8368421052631579,0.40406607369758574
42,logreg_smote,0.3195299621601735,0.26677852348993286,0.8368421052631579,0.4045801526717557
42,logreg_smote,0.3199638798156905,0.2672268907563025,0.8368421052631579,0.40509554140127385
42,logreg_smote,0.3208718677913048,0.2676767676767677,0.8368421052631579,0.4056122448979592
42,logreg_smote,0.32193388719277344,0.26812816188870153,0.8368421052631579,0.4061302681992337
42,logreg_smote,0.32483934177751955,0.2668918918918919,0.8315789473684211,0.4040920716112531
42,logreg_smote,0.32497476050302365,0.2673434856175973,0.8315789473684211,0.4046094750320103
42,logreg_smote,0.3250538497818994,0.26610169491525426,0.8263157894736842,0.4025641025641026
42,logreg_smote,0.3252165480126305,0.266553480475382,0.8263157894736842,0.4030808729139923
42,logreg_smote,0.32540459059203064,0.26700680272108845,0.8263157894736842,0.4035989717223651
42,logreg_smote,0.3256181160252158,0.2674616695059625,0.8263157894736842,0.4041184041184041
42,logreg_smote,0.3258272809709246,0.26791808873720135,0.8263157894736842,0.4046391752577319
42,logreg_smote,0.3260490211305883,0.26837606837606837,0.8263157894736842,0.40516129032258064
42,logreg_smote,0.3285983162469903,0.2688356164383562,0.8263157894736842,0.40568475452196384
42,logreg_smote,0.3338147918825954,0.2692967409948542,0.8263157894736842,0.4062095730918499
42,logreg_smote,0.33570676468091193,0.2697594501718213,0.8263157894736842,0.4067357512953368
42,logreg_smote,0.337038682892975,0.270223752151463,0.8263157894736842,0.4072632944228275
42,logreg_smote,0.337153799844931,0.2706896551724138,0.8263157894736842,0.4077922077922078
42,logreg_smote,0.3373326421685339,0.2694300518134715,0.8210526315789474,0.40572171651495453
42,logreg_smote,0.3381872046250151,0.2698961937716263,0.8210526315789474,0.40625
42,logreg_smote,0.3383362061591054,0.2703639514731369,0.8210526315789474,0.4067796610169491
42,logreg_smote,0.3383593190866552,0.2708333333333333,0.8210526315789474,0.4073107049608355
42,logreg_smote,0.3385472372195688,0.271304347826087,0.8210526315789474,0.407843137254902
42,logreg_smote,0.3395425541243109,0.27177700348432055,0.8210526315789474,0.4083769633507854
42,logreg_smote,0.340922912290092,0.27225130890052357,0.8210526315789474,0.4089121887287025
42,logreg_smote,0.3415581294758933,0.2727272727272727,0.8210526315789474,0.4094488188976377
42,logreg_smote,0.3416135518088812,0.2732049036777583,0.8210526315789474,0.4099868593955322
42,logreg_smote,0.3420562915172164,0.2736842105263158,0.8210526315789474,0.4105263157894737
42,logreg_smote,0.3445504955971202,0.2741652021089631,0.8210526315789474,0.4110671936758893
42,logreg_smote,0.34475579834473624,0.2746478873239437,0.8210526315789474,0.4116094986807388
42,logreg_smote,0.34542878775138086,0.2751322751322751,0.8210526315789474,0.4121532364597093
42,logreg_smote,0.3460249247199249,0.2756183745583039,0.8210526315789474,0.4126984126984127
42,logreg_smote,0.34694858396355355,0.2761061946902655,0.8210526315789474,0.41324503311258276
42,logreg_smote,0.34698362100623287,0.2765957446808511,0.8210526315789474,0.41379310344827586
42,logreg_smote,0.34799961633891285,0.27708703374777977,0.8210526315789474,0.4143426294820717
42,logreg_smote,0.3486286871066786,0.2775800711743772,0.8210526315789474,0.4148936170212766
42,logreg_smote,0.3488781562397278,0.27629233511586454,0.8157894736842105,0.41278295605858856
42,logreg_smote,0.34890182300123684,0.2767857142857143,0.8157894736842105,0.41333333333333333
42,logreg_smote,0.34987325438970945,0.2772808586762075,0.8157894736842105,0.4138851802403204
42,logreg_smote,0.3505388622911296,0.27598566308243727,0.8105263157894737,0.411764705882353
42,logreg_smote,0.35169315847354765,0.2764811490125673,0.8105263157894737,0.41231593038821956
42,logreg_smote,0.353683181047314,0.27697841726618705,0.8105263157894737,0.41286863270777485
42,logreg_smote,0.354191734320755,0.2774774774774775,0.8105263157894737,0.4134228187919463
42,logreg_smote,0.3551453273406869,0.2779783393501805,0.8105263157894737,0.4139784946236559
42,logreg_smote,0.35521263018716226,0.27848101265822783,0.8105263157894737,0.41453566621803495
42,logreg_smote,0.3586337664700351,0.27898550724637683,0.8105263157894737,0.41509433962264153
42,logreg_smote,0.3586604935285284,0.279491833030853,0.8105263157894737,0.4156545209176788
42,logreg_smote,0.3600775843439204,0.28,0.8105263157894737,0.4162162162162162
42,logreg_smote,0.3602812353726255,0.28051001821493626,0.8105263157894737,0.41677943166441145
42,logreg_smote,0.3608329835330405,0.28102189781021897,0.8105263157894737,0.4173441734417344
42,logreg_smote,0.36096613819801654,0.28153564899451555,0.8105263157894737,0.41791044776119396
42,logreg_smote,0.3620553518535201,0.28205128205128205,0.8105263157894737,0.4184782608695652
42,logreg_smote,0.3620983966338879,0.28256880733944956,0.8105263157894737,0.41904761904761906
42,logreg_smote,0.36222800311356385,0.28308823529411764,0.8105263157894737,0.4196185286103542
42,logreg_smote,0.3633175768335622,0.283609576427256,0.8105263157894737,0.4201909959072305
42,logreg_smote,0.3636683468360482,0.28413284132841327,0.8105263157894737,0.42076502732240434
42,logreg_smote,0.363786404714564,0.2846580406654344,0.8105263157894737,0.4213406292749658
42,logreg_smote,0.3644780880265657,0.2851851851851852,0.8105263157894737,0.4219178082191781
42,logreg_smote,0.3652591972544087,0.2857142857142857,0.8105263157894737,0.42249657064471874
42,logreg_smote,0.3690802623884379,0.2862453531598513,0.8105263157894737,0.423076923076923
42,logreg_smote,0.3691463110018967,0.28677839851024206,0.8105263157894737,0.42365887207702885
42,logreg_smote,0.37012411190135747,0.2873134328358209,0.8105263157894737,0.4242424242424242
42,logreg_smote,0.37147386538101584,0.28785046728971964,0.8105263157894737,0.4248275862068966
42,logreg_smote,0.3715723675283322,0.2883895131086142,0.8105263157894737,0.42541436464088395
42,logreg_smote,0.37419453238086203,0.28893058161350843,0.8105263157894737,0.42600276625172884
42,logreg_smote,0.3745504179691895,0.2894736842105263,0.8105263157894737,0.42659279778393344
42,logreg_smote,0.37455743814549963,0.2900188323917137,0.8105263157894737,0.4271844660194174
42,logreg_smote,0.3746004885860602,0.29056603773584905,0.8105263157894737,0.4277777777777777
42,logreg_smote,0.37666385264752295,0.29111531190926276,0.8105263157894737,0.4283727399165508
42,logreg_smote,0.3772911282477982,0.2916666666666667,0.8105263157894737,0.4289693593314764
42,logreg_smote,0.3773185322893455,0.2922201138519924,0.8105263157894737,0.42956764295676425
42,logreg_smote,0.3781094174828124,0.29277566539923955,0.8105263157894737,0.4301675977653631
42,logreg_smote,0.378436126848871,0.29333333333333333,0.8105263157894737,0.4307692307692308
42,logreg_smote,0.3788794631467477,0.29389312977099236,0.8105263157894737,0.43137254901960786
42,logreg_smote,0.3808543821489473,0.2944550669216061,0.8105263157894737,0.4319775596072931
42,logreg_smote,0.38098047258265305,0.2950191570881226,0.8105263157894737,0.43258426966292135
42,logreg_smote,0.38163228760087153,0.29558541266794625,0.8105263157894737,0.4331926863572433
42,logreg_smote,0.38217158755893565,0.29615384615384616,0.8105263157894737,0.4338028169014085
42,logreg_smote,0.3834147472587735,0.29672447013487474,0.8105263157894737,0.43441466854724964
42,logreg_smote,0.38343430906581005,0.2972972972972973,0.8105263157894737,0.43502824858757067
42,logreg_smote,0.3849356174301803,0.2978723404255319,0.8105263157894737,0.4356435643564356
42,logreg_smote,0.3852820858253531,0.29844961240310075,0.8105263157894737,0.4362606232294617
42,logreg_smote,0.3892367652461456,0.29902912621359223,0.8105263157894737,0.43687943262411344
42,logreg_smote,0.38990546496148987,0.29961089494163423,0.8105263157894737,0.4375
42,logreg_smote,0.39031018562255027,0.2982456140350877,0.8052631578947368,0.4352773826458037
42,logreg_smote,0.39176740175840036,0.298828125,0.8052631578947368,0.43589743589743585
42,logreg_smote,0.3931470562512757,0.299412915851272,0.8052631578947368,0.4365192582025677
42,logreg_smote,0.3944197238103242,0.3,0.8052631578947368,0.43714285714285717
42,logreg_smote,0.3946676231270361,0.3005893909626719,0.8052631578947368,0.4377682403433476
42,logreg_smote,0.3971582644557841,0.30118110236220474,0.8052631578947368,0.4383954154727794
42,logreg_smote,0.397339325347497,0.30177514792899407,0.8052631578947368,0.4390243902439024
42,logreg_smote,0.3984258104186017,0.30237154150197626,0.8052631578947368,0.4396551724137931
42,logreg_smote,0.39921825253297394,0.30297029702970296,0.8052631578947368,0.44028776978417267
42,logreg_smote,0.4016720167371988,0.30357142857142855,0.8052631578947368,0.4409221902017291
42,logreg_smote,0.4028883290601591,0.30218687872763417,0.8,0.4386724386724386
42,logreg_smote,0.40354571891527097,0.30278884462151395,0.8,0.4393063583815029
42,logreg_smote,0.4043118045600967,0.3033932135728543,0.8,0.4399421128798843
42,logreg_smote,0.4047921621234026,0.304,0.8,0.44057971014492747
42,logreg_smote,0.40586706187428523,0.3046092184368738,0.8,0.4412191582002903
42,logreg_smote,0.40663301697751636,0.30522088353413657,0.8,0.4418604651162791
42,logreg_smote,0.40681309893793927,0.3038229376257545,0.7947368421052632,0.4395924308588064
42,logreg_smote,0.40823172438332717,0.30443548387096775,0.7947368421052632,0.4402332361516035
42,logreg_smote,0.40909644070283185,0.30505050505050507,0.7947368421052632,0.4408759124087592
42,logreg_smote,0.4096784062283187,0.305668016194332,0.7947368421052632,0.4415204678362573
42,logreg_smote,0.4110514163931931,0.30425963488843816,0.7894736842105263,0.43923865300146414
42,logreg_smote,0.4110644102716753,0.30284552845528456,0.7842105263157895,0.43695014662756604
42,logreg_smote,0.41253826155855955,0.3034623217922607,0.7842105263157895,0.4375917767988252
42,logreg_smote,0.41326383942182493,0.3040816326530612,0.7842105263157895,0.4382352941176471
42,logreg_smote,0.4157879674268949,0.3047034764826176,0.7842105263157895,0.4388807069219441
42,logreg_smote,0.41633838809120444,0.305327868852459,0.7842105263157895,0.43952802359882004
42,logreg_smote,0.416516077292227,0.3059548254620123,0.7842105263157895,0.4401772525849335
42,logreg_smote,0.4170731560166082,0.3065843621399177,0.7842105263157895,0.44082840236686394
42,logreg_smote,0.4186927579966159,0.30721649484536084,0.7842105263157895,0.4414814814814815
42,logreg_smote,0.4188006872328307,0.30785123966942146,0.7842105263157895,0.4421364985163204
42,logreg_smote,0.42093073222871474,0.3084886128364389,0.7842105263157895,0.44279346210995535
42,logreg_smote,0.42141389174698934,0.3091286307053942,0.7842105263157895,0.44345238095238093
42,logreg_smote,0.4214828482811836,0.3097713097713098,0.7842105263157895,0.444113263785395
42,logreg_smote,0.4270560396320459,0.3104166666666667,0.7842105263157895,0.44477611940298506
42,logreg_smote,0.4271040080674993,0.31106471816283926,0.7842105263157895,0.445440956651719
42,logreg_smote,0.4272313152712916,0.3117154811715481,0.7842105263157895,0.44610778443113774
42,logreg_smote,0.4274156092848109,0.31236897274633124,0.7842105263157895,0.44677661169415295
42,logreg_smote,0.43099161073384656,0.3130252100840336,0.7842105263157895,0.44744744744744747
42,logreg_smote,0.43172177228752434,0.31157894736842107,0.7789473684210526,0.4451127819548872
42,logreg_smote,0.4320008472830905,0.31223628691983124,0.7789473684210526,0.44578313253012053
42,logreg_smote,0.43217896801558,0.3128964059196617,0.7789473684210526,0.44645550527903466
42,logreg_smote,0.4332901814914323,0.3135593220338983,0.7789473684210526,0.4471299093655589
42,logreg_smote,0.43419513054850084,0.31422505307855625,0.7789473684210526,0.44780635400907715
42,logreg_smote,0.4350215168775559,0.3148936170212766,0.7789473684210526,0.4484848484848485
42,logreg_smote,0.4356131295720378,0.31556503198294245,0.7789473684210526,0.44916540212443096
42,logreg_smote,0.4372031161013833,0.3162393162393162,0.7789473684210526,0.4498480243161094
42,logreg_smote,0.4390398378975434,0.3169164882226981,0.7789473684210526,0.4505327245053273
42,logreg_smote,0.4397013761035462,0.31759656652360513,0.7789473684210526,0.45121951219512196
42,logreg_smote,0.4409710763469391,0.31827956989247314,0.7789473684210526,0.45190839694656487
42,logreg_smote,0.441224280504471,0.31896551724137934,0.7789473684210526,0.45259938837920494
42,logreg_smote,0.442674695281108,0.31965442764578833,0.7789473684210526,0.45329249617151607
42,logreg_smote,0.4430184991829457,0.3203463203463203,0.7789473684210526,0.4539877300613496
42,logreg_smote,0.4431951367691214,0.3210412147505423,0.7789473684210526,0.4546850998463901
42,logreg_smote,0.4445522431469618,0.31956521739130433,0.7736842105263158,0.4523076923076923
42,logreg_smote,0.4445543447814184,0.3202614379084967,0.7736842105263158,0.45300462249614787
42,logreg_smote,0.44573492312336926,0.32096069868995636,0.7736842105263158,0.45370370370370366
42,logreg_smote,0.4462970293374993,0.32166301969365424,0.7736842105263158,0.454404945904173
42,logreg_smote,0.4466498612709059,0.3223684210526316,0.7736842105263158,0.4551083591331269
42,logreg_smote,0.4495642156620496,0.3230769230769231,0.7736842105263158,0.4558139534883721
42,logreg_smote,0.4511504818440615,0.3237885462555066,0.7736842105263158,0.4565217391304348
42,logreg_smote,0.45229716317198837,0.32229580573951433,0.7684210526315789,0.4541213063763607
42,logreg_smote,0.45364148264489834,0.3230088495575221,0.7684210526315789,0.45482866043613707
42,logreg_smote,0.4563728341294118,0.3237250554323725,0.7684210526315789,0.45553822152886114
42,logreg_smote,0.45790858975629056,0.3244444444444444,0.7684210526315789,0.45625000000000004
42,logreg_smote,0.4597899842910854,0.32516703786191536,0.7684210526315789,0.4569640062597809
42,logreg_smote,0.460157626029934,0.32589285714285715,0.7684210526315789,0.45768025078369906
42,logreg_smote,0.461228549225345,0.32662192393736017,0.7684210526315789,0.45839874411302983
42,logreg_smote,0.4633108653540961,0.3273542600896861,0.7684210526315789,0.45911949685534587
42,logreg_smote,0.4635961005170747,0.32808988764044944,0.7684210526315789,0.4598425196850393
42,logreg_smote,0.46438483231936645,0.32882882882882886,0.7684210526315789,0.4605678233438486
42,logreg_smote,0.46473460094273394,0.3295711060948081,0.7684210526315789,0.4612954186413901
42,logreg_smote,0.4663421721583795,0.33031674208144796,0.7684210526315789,0.4620253164556962
42,logreg_smote,0.4670977063017962,0.3310657596371882,0.7684210526315789,0.4627575277337559
42,logreg_smote,0.4679584272461923,0.33181818181818185,0.7684210526315789,0.4634920634920635
42,logreg_smote,0.46810015003963196,0.3325740318906606,0.7684210526315789,0.4642289348171701
42,logreg_smote,0.4684181780560822,0.3310502283105023,0.7631578947368421,0.46178343949044587
42,logreg_smote,0.46920406316011976,0.3318077803203661,0.7631578947368421,0.46251993620414666
42,logreg_smote,0.46943752487718643,0.33256880733944955,0.7631578947368421,0.463258785942492
42,logreg_smote,0.47075977072894404,0.3333333333333333,0.7631578947368421,0.46399999999999997
42,logreg_smote,0.4719748129557441,0.33410138248847926,0.7631578947368421,0.4647435897435898
42,logreg_smote,0.47392116316431,0.3348729792147806,0.7631578947368421,0.46548956661316215
42,logreg_smote,0.47442064845150994,0.3333333333333333,0.7578947368421053,0.4630225080385852
42,logreg_smote,0.47462726487659207,0.33410672853828305,0.7578947368421053,0.46376811594202905
42,logreg_smote,0.4747265426886975,0.33488372093023255,0.7578947368421053,0.4645161290322581
42,logreg_smote,0.47525610882140495,0.3356643356643357,0.7578947368421053,0.46526655896607433
42,logreg_smote,0.4755986945325014,0.3364485981308411,0.7578947368421053,0.4660194174757282
42,logreg_smote,0.47662518147606625,0.3372365339578454,0.7578947368421053,0.46677471636953
42,logreg_smote,0.477291501734582,0.3380281690140845,0.7578947368421053,0.4675324675324675
42,logreg_smote,0.47838094928914604,0.3388235294117647,0.7578947368421053,0.46829268292682924
42,logreg_smote,0.48137688978035786,0.33962264150943394,0.7578947368421053,0.46905537459283386
42,logreg_smote,0.48217260597581857,0.3404255319148936,0.7578947368421053,0.4698205546492659
42,logreg_smote,0.4823425592013532,0.3412322274881517,0.7578947368421053,0.47058823529411764
42,logreg_smote,0.48340856105399826,0.342042755344418,0.7578947368421053,0.4713584288052373
42,logreg_smote,0.4837265209429389,0.34285714285714286,0.7578947368421053,0.4721311475409836
42,logreg_smote,0.48381681766397433,0.3436754176610978,0.7578947368421053,0.4729064039408867
42,logreg_smote,0.485632206624356,0.3444976076555024,0.7578947368421053,0.4736842105263157
42,logreg_smote,0.48726550256650397,0.34292565947242204,0.7526315789473684,0.471169686985173
42,logreg_smote,0.4878529690048407,0.34375,0.7526315789473684,0.471947194719472
42,logreg_smote,0.4882058798146746,0.344578313253012,0.7526315789473684,0.47272727272727266
42,logreg_smote,0.4906174518191263,0.34541062801932365,0.7526315789473684,0.4735099337748343
42,logreg_smote,0.49089199208505924,0.34624697336561744,0.7526315789473684,0.4742951907131012
42,logreg_smote,0.4912839586266774,0.3470873786407767,0.7526315789473684,0.4750830564784053
42,logreg_smote,0.49377727903855095,0.34793187347931875,0.7526315789473684,0.47587354409317806
42,logreg_smote,0.494404507222879,0.348780487804878,0.7526315789473684,0.4766666666666666
42,logreg_smote,0.4948797542978841,0.34963325183374083,0.7526315789473684,0.47746243739565947
42,logreg_smote,0.49534076533573196,0.35049019607843135,0.7526315789473684,0.4782608695652174
42,logreg_smote,0.49588724463642875,0.3488943488943489,0.7473684210526316,0.47571189279731996
42,logreg_smote,0.49686490598794936,0.3497536945812808,0.7473684210526316,0.476510067114094
42,logreg_smote,0.4969150342913806,0.3506172839506173,0.7473684210526316,0.4773109243697479
42,logreg_smote,0.4972353036554444,0.35148514851485146,0.7473684210526316,0.47811447811447805
42,logreg_smote,0.49834892526546287,0.3523573200992556,0.7473684210526316,0.47892074198988194
42,logreg_smote,0.49868630111737167,0.35323383084577115,0.7473684210526316,0.47972972972972977
42,logreg_smote,0.49880372053975336,0.3541147132169576,0.7473684210526316,0.4805414551607445
42,logreg_smote,0.5009991612002941,0.355,0.7473684210526316,0.48135593220338974
42,logreg_smote,0.5010802467472834,0.3558897243107769,0.7473684210526316,0.4821731748726656
42,logreg_smote,0.5015142129383497,0.35678391959798994,0.7473684210526316,0.48299319727891155
42,logreg_smote,0.5029307221402408,0.35516372795969775,0.7421052631578947,0.4804088586030664
42,logreg_smote,0.5041480783485744,0.3560606060606061,0.7421052631578947,0.4812286689419795
42,logreg_smote,0.5041699075297336,0.3569620253164557,0.7421052631578947,0.48205128205128206
42,logreg_smote,0.504929702306098,0.35786802030456855,0.7421052631578947,0.48287671232876717
42,logreg_smote,0.5058247675934179,0.35877862595419846,0.7421052631578947,0.483704974271012
42,logreg_smote,0.5080563216726942,0.3596938775510204,0.7421052631578947,0.4845360824742268
42,logreg_smote,0.5086839287655816,0.36061381074168797,0.7421052631578947,0.4853700516351118
42,logreg_smote,0.5088072358171631,0.36153846153846153,0.7421052631578947,0.4862068965517241
42,logreg_smote,0.5089251647678255,0.35989717223650386,0.7368421052631579,0.48359240069084625
42,logreg_smote,0.5098548894641795,0.36082474226804123,0.7368421052631579,0.4844290657439446
42,logreg_smote,0.5103272748524127,0.35917312661498707,0.7315789473684211,0.4818024263431542
42,logreg_smote,0.512087854413266,0.3601036269430052,0.7315789473684211,0.48263888888888895
42,logreg_smote,0.5123817219836302,0.36103896103896105,0.7315789473684211,0.4834782608695653
42,logreg_smote,0.5123905858979518,0.3619791666666667,0.7315789473684211,0.4843205574912892
42,logreg_smote,0.5128001566202678,0.3629242819843342,0.7315789473684211,0.4851657940663176
42,logreg_smote,0.5129425485873929,0.36387434554973824,0.7315789473684211,0.4860139860139861
42,logreg_smote,0.5129875181174665,0.3648293963254593,0.7315789473684211,0.48686514886164634
42,logreg_smote,0.5141565201345047,0.36578947368421055,0.7315789473684211,0.487719298245614
42,logreg_smote,0.5151829625683357,0.36675461741424803,0.7315789473684211,0.4885764499121266
42,logreg_smote,0.5158325574474457,0.36772486772486773,0.7315789473684211,0.4894366197183099
42,logreg_smote,0.517647805517585,0.3687002652519894,0.7315789473684211,0.490299823633157
42,logreg_smote,0.5188750289871146,0.3696808510638298,0.7315789473684211,0.49116607773851595
42,logreg_smote,0.5207559470735744,0.37066666666666664,0.7315789473684211,0.49203539823008846
42,logreg_smote,0.522317896811258,0.3689839572192513,0.7263157894736842,0.48936170212765956
42,logreg_smote,0.5233198098152514,0.3699731903485255,0.7263157894736842,0.4902309058614565
42,logreg_smote,0.523547607096521,0.3709677419354839,0.7263157894736842,0.49110320284697506
42,logreg_smote,0.5238468234958679,0.3719676549865229,0.7263157894736842,0.4919786096256684
42,logreg_smote,0.523940367027046,0.372972972972973,0.7263157894736842,0.49285714285714294
42,logreg_smote,0.5246957177292844,0.3712737127371274,0.7210526315789474,0.49016100178890887
42,logreg_smote,0.5248145218212401,0.37228260869565216,0.7210526315789474,0.49103942652329746
42,logreg_smote,0.5266146434469519,0.37329700272479566,0.7210526315789474,0.4919210053859964
42,logreg_smote,0.526880186444343,0.3743169398907104,0.7210526315789474,0.49280575539568344
42,logreg_smote,0.5283595331252001,0.37534246575342467,0.7210526315789474,0.49369369369369365
42,logreg_smote,0.5300250994824265,0.37637362637362637,0.7210526315789474,0.49458483754512633
42,logreg_smote,0.5316363944376441,0.3774104683195592,0.7210526315789474,0.4954792043399639
42,logreg_smote,0.5318998051466447,0.3756906077348066,0.7157894736842105,0.4927536231884058
42,logreg_smote,0.5326977612610531,0.3739612188365651,0.7105263157894737,0.4900181488203267
42,logreg_smote,0.5339038352819152,0.375,0.7105263157894737,0.49090909090909096
42,logreg_smote,0.5355839664953296,0.37604456824512533,0.7105263157894737,0.4918032786885246
42,logreg_smote,0.5359811915772756,0.3770949720670391,0.7105263157894737,0.4927007299270073
42,logreg_smote,0.5370806309380357,0.37815126050420167,0.7105263157894737,0.493601462522852
42,logreg_smote,0.5406424677029996,0.3792134831460674,0.7105263157894737,0.4945054945054945
42,logreg_smote,0.544097258931725,0.38028169014084506,0.7105263157894737,0.4954128440366972
42,logreg_smote,0.5456853716859243,0.3813559322033898,0.7105263157894737,0.4963235294117646
42,logreg_smote,0.5459101618606085,0.38243626062322944,0.7105263157894737,0.49723756906077343
42,logreg_smote,0.5462156543817632,0.3835227272727273,0.7105263157894737,0.4981549815498155
42,logreg_smote,0.5462481232094252,0.3817663817663818,0.7052631578947368,0.49537892791127536
42,logreg_smote,0.5464898168253964,0.38285714285714284,0.7052631578947368,0.4962962962962963
42,logreg_smote,0.5470394313434139,0.3839541547277937,0.7052631578947368,0.49721706864564
42,logreg_smote,0.5474373098478155,0.3850574712643678,0.7052631578947368,0.4981412639405205
42,logreg_smote,0.5481483353108026,0.38328530259365995,0.7,0.49534450651769085
42,logreg_smote,0.5481641656386508,0.38439306358381503,0.7,0.49626865671641784
42,logreg_smote,0.5483554728010684,0.3855072463768116,0.7,0.49719626168224296
42,logreg_smote,0.5493004950402328,0.3866279069767442,0.7,0.4981273408239701
42,logreg_smote,0.5496051847214821,0.3877551020408163,0.7,0.49906191369606
42,logreg_smote,0.5501189671837173,0.3888888888888889,0.7,0.5
42,logreg_smote,0.5508481140102078,0.3870967741935484,0.6947368421052632,0.4971751412429379
42,logreg_smote,0.5520874934769546,0.38529411764705884,0.6894736842105263,0.49433962264150944
42,logreg_smote,0.5546922031380741,0.3864306784660767,0.6894736842105263,0.4952741020793952
42,logreg_smote,0.5547847563223582,0.3875739644970414,0.6894736842105263,0.49621212121212116
42,logreg_smote,0.556674941628281,0.3857566765578635,0.6842105263157895,0.493358633776091
42,logreg_smote,0.5572379985895068,0.3869047619047619,0.6842105263157895,0.494296577946768
42,logreg_smote,0.5574774376550605,0.3880597014925373,0.6842105263157895,0.4952380952380952
42,logreg_smote,0.5600959057705821,0.38922155688622756,0.6842105263157895,0.4961832061068703
42,logreg_smote,0.5602381606086827,0.39039039039039036,0.6842105263157895,0.49713193116634796
42,logreg_smote,0.5608073607633062,0.39156626506024095,0.6842105263157895,0.49808429118773956
42,logreg_smote,0.5613106542198681,0.39274924471299094,0.6842105263157895,0.49904030710172753
42,logreg_smote,0.5632691561837688,0.39090909090909093,0.6789473684210526,0.49615384615384617
42,logreg_smote,0.5636165414106278,0.39209726443769,0.6789473684210526,0.4971098265895954
42,logreg_smote,0.5658483600931125,0.3902439024390244,0.6736842105263158,0.4942084942084942
42,logreg_smote,0.5694533056127878,0.39143730886850153,0.6736842105263158,0.4951644100580271
42,logreg_smote,0.5699565826706368,0.39263803680981596,0.6736842105263158,0.49612403100775193
42,logreg_smote,0.5703790610764268,0.39384615384615385,0.6736842105263158,0.4970873786407767
42,logreg_smote,0.5711360767414344,0.39197530864197533,0.6684210526315789,0.49416342412451364
42,logreg_smote,0.571356016597401,0.3931888544891641,0.6684210526315789,0.49512670565302136
42,logreg_smote,0.5719949341073812,0.391304347826087,0.6631578947368421,0.49218749999999994
42,logreg_smote,0.572564584243747,0.3894080996884735,0.6578947368421053,0.4892367906066537
42,logreg_smote,0.5748292945107397,0.390625,0.6578947368421053,0.4901960784313726
42,logreg_smote,0.5752166200859431,0.39184952978056425,0.6578947368421053,0.49115913555992147
42,logreg_smote,0.5754691510515101,0.39308176100628933,0.6578947368421053,0.49212598425196846
42,logreg_smote,0.5768112205777968,0.3911671924290221,0.6526315789473685,0.4891518737672584
42,logreg_smote,0.5768437660184719,0.3924050632911392,0.6526315789473685,0.49011857707509876
42,logreg_smote,0.5771504382452689,0.3904761904761905,0.6473684210526316,0.4871287128712872
42,logreg_smote,0.5782878232730579,0.39171974522292996,0.6473684210526316,0.4880952380952381
42,logreg_smote,0.5785850555195298,0.3929712460063898,0.6473684210526316,0.4890656063618291
42,logreg_smote,0.5807303535636216,0.3942307692307692,0.6473684210526316,0.49003984063745015
42,logreg_smote,0.5816823510658964,0.3954983922829582,0.6473684210526316,0.4910179640718562
42,logreg_smote,0.5847689132212948,0.3967741935483871,0.6473684210526316,0.4920000000000001
42,logreg_smote,0.5849373290267783,0.39805825242718446,0.6473684210526316,0.49298597194388777
42,logreg_smote,0.585622131019141,0.39935064935064934,0.6473684210526316,0.4939759036144578
42,logreg_smote,0.5856598370560752,0.3973941368078176,0.6421052631578947,0.49094567404426565
42,logreg_smote,0.5865658536457091,0.39869281045751637,0.6421052631578947,0.49193548387096764
42,logreg_smote,0.5865775497982313,0.4,0.6421052631578947,0.49292929292929294
42,logreg_smote,0.5892704082983734,0.40131578947368424,0.6421052631578947,0.4939271255060729
42,logreg_smote,0.5926313000574959,0.40264026402640263,0.6421052631578947,0.49492900608519275
42,logreg_smote,0.5936118207144218,0.40397350993377484,0.6421052631578947,0.4959349593495935
42,logreg_smote,0.5936289070757348,0.4053156146179402,0.6421052631578947,0.49694501018329934
42,logreg_smote,0.5938267959444443,0.4066666666666667,0.6421052631578947,0.49795918367346936
42,logreg_smote,0.5949382622939392,0.4080267558528428,0.6421052631578947,0.4989775051124744
42,logreg_smote,0.5966904402515656,0.40939597315436244,0.6421052631578947,0.5
42,logreg_smote,0.5974904115671998,0.4107744107744108,0.6421052631578947,0.5010266940451746
42,logreg_smote,0.6000319774877124,0.41216216216216217,0.6421052631578947,0.5020576131687243
42,logreg_smote,0.602166413842616,0.4135593220338983,0.6421052631578947,0.5030927835051546
42,logreg_smote,0.6021824404132925,0.41496598639455784,0.6421052631578947,0.5041322314049587
42,logreg_smote,0.6032339398617305,0.41638225255972694,0.6421052631578947,0.505175983436853
42,logreg_smote,0.6032790135632976,0.4178082191780822,0.6421052631578947,0.5062240663900416
42,logreg_smote,0.6038284147260801,0.41924398625429554,0.6421052631578947,0.5072765072765073
42,logreg_smote,0.6049866553289712,0.4206896551724138,0.6421052631578947,0.5083333333333333
42,logreg_smote,0.6052863145295493,0.42214532871972316,0.6421052631578947,0.5093945720250521
42,logreg_smote,0.6055223702057192,0.4236111111111111,0.6421052631578947,0.5104602510460251
42,logreg_smote,0.6057719429028539,0.42160278745644597,0.6368421052631579,0.5073375262054507
42,logreg_smote,0.6062614505217293,0.4230769230769231,0.6368421052631579,0.5084033613445378
42,logreg_smote,0.6065880835202976,0.4245614035087719,0.6368421052631579,0.5094736842105263
42,logreg_smote,0.6083567614530369,0.4225352112676056,0.631578947368421,0.5063291139240506
42,logreg_smote,0.6097859780135894,0.42402826855123676,0.631578947368421,0.507399577167019
42,logreg_smote,0.6103666750109678,0.425531914893617,0.631578947368421,0.5084745762711865
42,logreg_smote,0.6140748380431388,0.42704626334519574,0.631578947368421,0.5095541401273886
42,logreg_smote,0.6154826942051541,0.42857142857142855,0.631578947368421,0.5106382978723404
42,logreg_smote,0.6160221279233498,0.43010752688172044,0.631578947368421,0.511727078891258
42,logreg_smote,0.6208488559594849,0.4316546762589928,0.631578947368421,0.5128205128205128
42,logreg_smote,0.6221012538709644,0.4296028880866426,0.6263157894736842,0.5096359743040686
42,logreg_smote,0.622122806383656,0.427536231884058,0.6210526315789474,0.5064377682403434
42,logreg_smote,0.6230034087638343,0.4290909090909091,0.6210526315789474,0.5075268817204301
42,logreg_smote,0.6251538594299537,0.4306569343065693,0.6210526315789474,0.5086206896551724
42,logreg_smote,0.625249204840321,0.43223443223443225,0.6210526315789474,0.5097192224622031
42,logreg_smote,0.6270394492805718,0.4338235294117647,0.6210526315789474,0.5108225108225108
42,logreg_smote,0.6271366066846559,0.4354243542435424,0.6210526315789474,0.5119305856832972
42,logreg_smote,0.6279973978895649,0.43333333333333335,0.6157894736842106,0.508695652173913
42,logreg_smote,0.6288762118954541,0.4349442379182156,0.6157894736842106,0.5098039215686274
42,logreg_smote,0.6300124267623556,0.43656716417910446,0.6157894736842106,0.5109170305676856
42,logreg_smote,0.6336376618805604,0.43820224719101125,0.6157894736842106,0.5120350109409191
42,logreg_smote,0.6340863434530664,0.4398496240601504,0.6157894736842106,0.5131578947368421
42,logreg_smote,0.6353236644495727,0.44150943396226416,0.6157894736842106,0.5142857142857142
42,logreg_smote,0.6354298269230835,0.4393939393939394,0.6105263157894737,0.5110132158590308
42,logreg_smote,0.6355358612195285,0.4372623574144487,0.6052631578947368,0.5077262693156733
42,logreg_smote,0.6357580359016445,0.4389312977099237,0.6052631578947368,0.5088495575221239
42,logreg_smote,0.6360570428546396,0.44061302681992337,0.6052631578947368,0.5099778270509977
42,logreg_smote,0.6380161391526751,0.4423076923076923,0.6052631578947368,0.5111111111111111
42,logreg_smote,0.6394117645352742,0.444015444015444,0.6052631578947368,0.5122494432071268
42,logreg_smote,0.6403306548138047,0.44573643410852715,0.6052631578947368,0.5133928571428572
42,logreg_smote,0.6447658882888666,0.4474708171206226,0.6052631578947368,0.5145413870246085
42,logreg_smote,0.6450091984109285,0.44921875,0.6052631578947368,0.515695067264574
42,logreg_smote,0.6456559932987204,0.45098039215686275,0.6052631578947368,0.5168539325842696
42,logreg_smote,0.6463657740754678,0.452755905511811,0.6052631578947368,0.5180180180180181
42,logreg_smote,0.6472042934858806,0.45454545454545453,0.6052631578947368,0.5191873589164786
42,logreg_smote,0.6479260431751404,0.45634920634920634,0.6052631578947368,0.5203619909502262
42,logreg_smote,0.6485076101278094,0.4581673306772908,0.6052631578947368,0.5215419501133787
42,logreg_smote,0.6489997749404119,0.46,0.6052631578947368,0.5227272727272727
42,logreg_smote,0.6492349426730146,0.46184738955823296,0.6052631578947368,0.5239179954441913
42,logreg_smote,0.6505017049795384,0.4637096774193548,0.6052631578947368,0.5251141552511416
42,logreg_smote,0.6521866607732119,0.46153846153846156,0.6,0.5217391304347826
42,logreg_smote,0.6524102884013588,0.4634146341463415,0.6,0.5229357798165137
42,logreg_smote,0.6565076425038625,0.46122448979591835,0.5947368421052631,0.5195402298850574
42,logreg_smote,0.6577037518920918,0.46311475409836067,0.5947368421052631,0.5207373271889402
42,logreg_smote,0.6588488808321497,0.4609053497942387,0.5894736842105263,0.5173210161662818
42,logreg_smote,0.661931370002724,0.4628099173553719,0.5894736842105263,0.5185185185185186
42,logreg_smote,0.6628368654831168,0.46473029045643155,0.5894736842105263,0.5197215777262181
42,logreg_smote,0.6639612339559829,0.4666666666666667,0.5894736842105263,0.5209302325581395
42,logreg_smote,0.6677872906987992,0.4686192468619247,0.5894736842105263,0.5221445221445221
42,logreg_smote,0.6695335357548787,0.47058823529411764,0.5894736842105263,0.5233644859813084
42,logreg_smote,0.6704298614560649,0.46835443037974683,0.5842105263157895,0.5199063231850116
42,logreg_smote,0.6706210425754773,0.4703389830508475,0.5842105263157895,0.5211267605633803
42,logreg_smote,0.6710840378917504,0.46808510638297873,0.5789473684210527,0.5176470588235293
42,logreg_smote,0.6716135616640267,0.4700854700854701,0.5789473684210527,0.5188679245283019
42,logreg_smote,0.6722107412099148,0.4678111587982833,0.5736842105263158,0.5153664302600472
42,logreg_smote,0.6740440972323342,0.4698275862068966,0.5736842105263158,0.5165876777251185
42,logreg_smote,0.67659020098556,0.47186147186147187,0.5736842105263158,0.517814726840855
42,logreg_smote,0.6772262961893369,0.47391304347826085,0.5736842105263158,0.5190476190476191
42,logreg_smote,0.6776683587469844,0.4759825327510917,0.5736842105263158,0.5202863961813843
42,logreg_smote,0.6784438743892384,0.4780701754385965,0.5736842105263158,0.5215311004784688
42,logreg_smote,0.6799609740963289,0.4801762114537445,0.5736842105263158,0.5227817745803357
42,logreg_smote,0.6805230627615023,0.4823008849557522,0.5736842105263158,0.5240384615384616
42,logreg_smote,0.680751184578771,0.48,0.5684210526315789,0.5204819277108433
42,logreg_smote,0.6808511634424138,0.48214285714285715,0.5684210526315789,0.5217391304347826
42,logreg_smote,0.6810455995878123,0.4798206278026906,0.5631578947368421,0.5181598062953995
42,logreg_smote,0.6815282764145685,0.4774774774774775,0.5578947368421052,0.5145631067961165
42,logreg_smote,0.6817602815839455,0.4796380090497738,0.5578947368421052,0.5158150851581509
42,logreg_smote,0.6821760867772305,0.4818181818181818,0.5578947368421052,0.5170731707317072
42,logreg_smote,0.683609249325544,0.4794520547945205,0.5526315789473685,0.5134474327628362
42,logreg_smote,0.6844093703508392,0.47706422018348627,0.5473684210526316,0.5098039215686274
42,logreg_smote,0.6847711114863365,0.4792626728110599,0.5473684210526316,0.511056511056511
42,logreg_smote,0.6851125678016547,0.48148148148148145,0.5473684210526316,0.5123152709359606
42,logreg_smote,0.6852558266498397,0.4790697674418605,0.5421052631578948,0.5086419753086421
42,logreg_smote,0.6853277370038288,0.48130841121495327,0.5421052631578948,0.5099009900990099
42,logreg_smote,0.6860977480044081,0.4835680751173709,0.5421052631578948,0.5111662531017369
42,logreg_smote,0.6864183211095368,0.4858490566037736,0.5421052631578948,0.5124378109452736
42,logreg_smote,0.6875104898345515,0.4881516587677725,0.5421052631578948,0.5137157107231921
42,logreg_smote,0.6879161901399871,0.4857142857142857,0.5368421052631579,0.51
42,logreg_smote,0.6895478935755883,0.4880382775119617,0.5368421052631579,0.5112781954887218
42,logreg_smote,0.6896456130006301,0.49038461538461536,0.5368421052631579,0.5125628140703519
42,logreg_smote,0.6904606985267581,0.48792270531400966,0.531578947368421,0.508816120906801
42,logreg_smote,0.691772042542782,0.4854368932038835,0.5263157894736842,0.505050505050505
42,logreg_smote,0.6926068871975715,0.4878048780487805,0.5263157894736842,0.5063291139240507
42,logreg_smote,0.6932769760782331,0.49019607843137253,0.5263157894736842,0.5076142131979695
42,logreg_smote,0.6934787384157709,0.49261083743842365,0.5263157894736842,0.5089058524173028
42,logreg_smote,0.6944397289024371,0.4900990099009901,0.5210526315789473,0.5051020408163264
42,logreg_smote,0.6949789704929294,0.4925373134328358,0.5210526315789473,0.5063938618925831
42,logreg_smote,0.6950269238315253,0.495,0.5210526315789473,0.5076923076923077
42,logreg_smote,0.6951498820617353,0.49748743718592964,0.5210526315789473,0.5089974293059125
42,logreg_smote,0.6953495028814023,0.5,0.5210526315789473,0.5103092783505154
42,logreg_smote,0.6985886542083058,0.5025380710659898,0.5210526315789473,0.5116279069767442
42,logreg_smote,0.7006620654645775,0.5,0.5157894736842106,0.5077720207253886
42,logreg_smote,0.7008545153436054,0.5025641025641026,0.5157894736842106,0.5090909090909091
42,logreg_smote,0.7014072077919662,0.5051546391752577,0.5157894736842106,0.5104166666666667
42,logreg_smote,0.7014419764157105,0.5077720207253886,0.5157894736842106,0.5117493472584856
42,logreg_smote,0.7017887253850672,0.5052083333333334,0.5105263157894737,0.5078534031413612
42,logreg_smote,0.7030769000533913,0.5078534031413613,0.5105263157894737,0.5091863517060368
42,logreg_smote,0.7047554499668205,0.5105263157894737,0.5105263157894737,0.5105263157894737
42,logreg_smote,0.7063471411450664,0.5132275132275133,0.5105263157894737,0.511873350923483
42,logreg_smote,0.7071071653913772,0.5159574468085106,0.5105263157894737,0.5132275132275133
42,logreg_smote,0.7083718832389299,0.5187165775401069,0.5105263157894737,0.5145888594164456
42,logreg_smote,0.7083752513362269,0.521505376344086,0.5105263157894737,0.5159574468085106
42,logreg_smote,0.7107768906055597,0.5243243243243243,0.5105263157894737,0.5173333333333334
42,logreg_smote,0.7115455849333859,0.5271739130434783,0.5105263157894737,0.518716577540107
42,logreg_smote,0.715663653804547,0.5300546448087432,0.5105263157894737,0.5201072386058982
42,logreg_smote,0.7166612281997226,0.5274725274725275,0.5052631578947369,0.5161290322580645
42,logreg_smote,0.7179973423094576,0.5303867403314917,0.5052631578947369,0.5175202156334232
42,logreg_smote,0.718968814812634,0.5333333333333333,0.5052631578947369,0.5189189189189188
42,logreg_smote,0.7191597781356863,0.5363128491620112,0.5052631578947369,0.5203252032520325
42,logreg_smote,0.7194050755095381,0.5393258426966292,0.5052631578947369,0.5217391304347827
42,logreg_smote,0.7206648507916028,0.5423728813559322,0.5052631578947369,0.5231607629427792
42,logreg_smote,0.7207993641390742,0.5454545454545454,0.5052631578947369,0.5245901639344263
42,logreg_smote,0.7212469060101377,0.5428571428571428,0.5,0.5205479452054795
42,logreg_smote,0.7213224445159796,0.5459770114942529,0.5,0.521978021978022
42,logreg_smote,0.7218145893261542,0.5433526011560693,0.49473684210526314,0.5179063360881543
42,logreg_smote,0.7225773209021491,0.5465116279069767,0.49473684210526314,0.5193370165745858
42,logreg_smote,0.7231597113383526,0.5497076023391813,0.49473684210526314,0.5207756232686981
42,logreg_smote,0.7239374399720886,0.5529411764705883,0.49473684210526314,0.5222222222222223
42,logreg_smote,0.7243259283478137,0.5562130177514792,0.49473684210526314,0.5236768802228412
42,logreg_smote,0.7261810066958475,0.5595238095238095,0.49473684210526314,0.5251396648044693
42,logreg_smote,0.726818300236449,0.562874251497006,0.49473684210526314,0.5266106442577031
42,logreg_smote,0.7271201941227875,0.5662650602409639,0.49473684210526314,0.5280898876404494
42,logreg_smote,0.727896459845799,0.5636363636363636,0.48947368421052634,0.523943661971831
42,logreg_smote,0.7294813090080586,0.5670731707317073,0.48947368421052634,0.5254237288135594
42,logreg_smote,0.731196831727087,0.5705521472392638,0.48947368421052634,0.5269121813031162
42,logreg_smote,0.7312386226044784,0.5740740740740741,0.48947368421052634,0.5284090909090908
42,logreg_smote,0.7314870707644998,0.577639751552795,0.48947368421052634,0.5299145299145299
42,logreg_smote,0.7319106616724633,0.58125,0.48947368421052634,0.5314285714285715
42,logreg_smote,0.7330471771792593,0.5786163522012578,0.4842105263157895,0.5272206303724928
42,logreg_smote,0.7356898893668335,0.5759493670886076,0.4789473684210526,0.5229885057471264
42,logreg_smote,0.7380565691586769,0.5732484076433121,0.47368421052631576,0.5187319884726224
42,logreg_smote,0.7449024138913842,0.5769230769230769,0.47368421052631576,0.5202312138728323
42,logreg_smote,0.748235630725294,0.5806451612903226,0.47368421052631576,0.5217391304347826
42,logreg_smote,0.7487656352802279,0.5844155844155844,0.47368421052631576,0.5232558139534883
42,logreg_smote,0.7509409620500068,0.5882352941176471,0.47368421052631576,0.5247813411078717
42,logreg_smote,0.7515078769349507,0.5855263157894737,0.46842105263157896,0.5204678362573099
42,logreg_smote,0.752474539153328,0.5894039735099338,0.46842105263157896,0.5219941348973607
42,logreg_smote,0.7528602119518297,0.5933333333333334,0.46842105263157896,0.5235294117647059
42,logreg_smote,0.7529595576043678,0.5906040268456376,0.4631578947368421,0.5191740412979351
42,logreg_smote,0.7560317213196879,0.5945945945945946,0.4631578947368421,0.5207100591715976
42,logreg_smote,0.7567812160299847,0.5986394557823129,0.4631578947368421,0.5222551928783383
42,logreg_smote,0.758273526720213,0.6027397260273972,0.4631578947368421,0.5238095238095238
42,logreg_smote,0.7611122178288133,0.6,0.45789473684210524,0.5194029850746268
42,logreg_smote,0.7612275754790073,0.5972222222222222,0.45263157894736844,0.5149700598802395
42,logreg_smote,0.7615094810344718,0.5944055944055944,0.4473684210526316,0.5105105105105104
42,logreg_smote,0.7631095104674509,0.5915492957746479,0.4421052631578947,0.5060240963855422
42,logreg_smote,0.7632653147733343,0.5957446808510638,0.4421052631578947,0.5075528700906344
42,logreg_smote,0.7650975462905945,0.5928571428571429,0.4368421052631579,0.503030303030303
42,logreg_smote,0.7680668202206521,0.5971223021582733,0.4368421052631579,0.5045592705167172
42,logreg_smote,0.769081848152978,0.5942028985507246,0.43157894736842106,0.5
42,logreg_smote,0.7695650417150929,0.5985401459854015,0.43157894736842106,0.5015290519877676
42,logreg_smote,0.7696513860403763,0.5955882352941176,0.4263157894736842,0.4969325153374234
42,logreg_smote,0.7701093967805827,0.6,0.4263157894736842,0.4984615384615385
42,logreg_smote,0.7719406047179874,0.5970149253731343,0.42105263157894735,0.4938271604938272
42,logreg_smote,0.7727773710020814,0.5939849624060151,0.41578947368421054,0.48916408668730654
42,logreg_smote,0.776198865973136,0.5909090909090909,0.4105263157894737,0.484472049689441
42,logreg_smote,0.7762405462607889,0.5954198473282443,0.4105263157894737,0.48598130841121495
42,logreg_smote,0.7768717810603091,0.5923076923076923,0.4052631578947368,0.48124999999999996
42,logreg_smote,0.778684198015926,0.5968992248062015,0.4052631578947368,0.48275862068965514
42,logreg_smote,0.7789028712134707,0.6015625,0.4052631578947368,0.48427672955974843
42,logreg_smote,0.7792104909145514,0.6062992125984252,0.4052631578947368,0.48580441640378547
42,logreg_smote,0.7806312634502411,0.6031746031746031,0.4,0.4810126582278481
42,logreg_smote,0.7812219384419484,0.608,0.4,0.48253968253968255
42,logreg_smote,0.7813593167577819,0.6129032258064516,0.4,0.4840764331210191
42,logreg_smote,0.7814830794184221,0.6178861788617886,0.4,0.48562300319488816
42,logreg_smote,0.7815319527633722,0.6147540983606558,0.39473684210526316,0.4807692307692308
42,logreg_smote,0.7819786918698027,0.6198347107438017,0.39473684210526316,0.48231511254019294
42,logreg_smote,0.7820032523514738,0.625,0.39473684210526316,0.48387096774193544
42,logreg_smote,0.782345970230096,0.6302521008403361,0.39473684210526316,0.48543689320388345
42,logreg_smote,0.7829769053736505,0.6271186440677966,0.3894736842105263,0.4805194805194805
42,logreg_smote,0.7834481204120843,0.6239316239316239,0.38421052631578945,0.47557003257328984
42,logreg_smote,0.7841852802516608,0.6206896551724138,0.37894736842105264,0.4705882352941177
42,logreg_smote,0.7851041723843656,0.6173913043478261,0.3736842105263158,0.4655737704918032
42,logreg_smote,0.7851572726093371,0.6140350877192983,0.3684210526315789,0.46052631578947373
42,logreg_smote,0.7865539924356978,0.6194690265486725,0.3684210526315789,0.46204620462046203
42,logreg_smote,0.7865616438784366,0.625,0.3684210526315789,0.46357615894039733
42,logreg_smote,0.7895987038688914,0.6216216216216216,0.3631578947368421,0.4584717607973422
42,logreg_smote,0.7896971288861099,0.6272727272727273,0.3631578947368421,0.46
42,logreg_smote,0.7919067535512622,0.6238532110091743,0.35789473684210527,0.45484949832775917
42,logreg_smote,0.7925314614534759,0.6296296296296297,0.35789473684210527,0.4563758389261745
42,logreg_smote,0.7939880343026602,0.6261682242990654,0.3526315789473684,0.4511784511784511
42,logreg_smote,0.7944179984487931,0.6320754716981132,0.3526315789473684,0.4527027027027027
42,logreg_smote,0.7948271777243632,0.638095238095238,0.3526315789473684,0.4542372881355932
42,logreg_smote,0.7955183025323087,0.6442307692307693,0.3526315789473684,0.4557823129251701
42,logreg_smote,0.7957611177967668,0.6407766990291263,0.3473684210526316,0.45051194539249145
42,logreg_smote,0.7966165091732814,0.6372549019607843,0.34210526315789475,0.4452054794520548
42,logreg_smote,0.7974992847127989,0.6435643564356436,0.34210526315789475,0.4467353951890034
42,logreg_smote,0.8007412182487536,0.64,0.3368421052631579,0.4413793103448276
42,logreg_smote,0.8059994916052149,0.6363636363636364,0.33157894736842103,0.43598615916955014
42,logreg_smote,0.8076823281241611,0.6326530612244898,0.3263157894736842,0.4305555555555556
42,logreg_smote,0.8084600915772913,0.6391752577319587,0.3263157894736842,0.43205574912891986
42,logreg_smote,0.8101779367403341,0.6458333333333334,0.3263157894736842,0.4335664335664336
42,logreg_smote,0.8117649471742555,0.6421052631578947,0.32105263157894737,0.4280701754385965
42,logreg_smote,0.8127303100022526,0.648936170212766,0.32105263157894737,0.4295774647887324
42,logreg_smote,0.815573408057588,0.6451612903225806,0.3157894736842105,0.4240282685512367
42,logreg_smote,0.8161416279842197,0.6413043478260869,0.3105263157894737,0.41843971631205673
42,logreg_smote,0.8166653709589696,0.6373626373626373,0.30526315789473685,0.4128113879003559
42,logreg_smote,0.8184593624294906,0.6333333333333333,0.3,0.4071428571428571
42,logreg_smote,0.8191710963738179,0.6292134831460674,0.29473684210526313,0.40143369175627236
42,logreg_smote,0.8205423647671091,0.625,0.2894736842105263,0.3956834532374101
42,logreg_smote,0.8215198649498595,0.6206896551724138,0.28421052631578947,0.3898916967509025
42,logreg_smote,0.8215962156141631,0.627906976744186,0.28421052631578947,0.3913043478260869
42,logreg_smote,0.8220035799870155,0.6235294117647059,0.2789473684210526,0.38545454545454544
42,logreg_smote,0.8225922212888063,0.6309523809523809,0.2789473684210526,0.3868613138686131
42,logreg_smote,0.8235116367642336,0.6385542168674698,0.2789473684210526,0.38827838827838823
42,logreg_smote,0.8241766031655725,0.6341463414634146,0.2736842105263158,0.3823529411764706
42,logreg_smote,0.8246373707632612,0.6419753086419753,0.2736842105263158,0.3837638376383764
42,logreg_smote,0.8248899925574711,0.6375,0.26842105263157895,0.37777777777777777
42,logreg_smote,0.8295104584393963,0.6455696202531646,0.26842105263157895,0.379182156133829
42,logreg_smote,0.8327477709196223,0.6410256410256411,0.2631578947368421,0.3731343283582089
42,logreg_smote,0.8329211921929165,0.6493506493506493,0.2631578947368421,0.37453183520599254
42,logreg_smote,0.8340813628827304,0.6447368421052632,0.2578947368421053,0.3684210526315789
42,logreg_smote,0.8443026472193765,0.64,0.25263157894736843,0.3622641509433962
42,logreg_smote,0.845321632265834,0.6486486486486487,0.25263157894736843,0.36363636363636365
42,logreg_smote,0.8507000422526723,0.6575342465753424,0.25263157894736843,0.36501901140684406
42,logreg_smote,0.8525044272958446,0.6527777777777778,0.24736842105263157,0.35877862595419846
42,logreg_smote,0.8528284225973018,0.647887323943662,0.24210526315789474,0.3524904214559387
42,logreg_smote,0.8531806022772127,0.6571428571428571,0.24210526315789474,0.35384615384615387
42,logreg_smote,0.853316394254656,0.6521739130434783,0.23684210526315788,0.3474903474903475
42,logreg_smote,0.8538924430622099,0.6617647058823529,0.23684210526315788,0.34883720930232553
42,logreg_smote,0.8565911669296612,0.6567164179104478,0.23157894736842105,0.3424124513618677
42,logreg_smote,0.8572935302244438,0.6515151515151515,0.22631578947368422,0.3359375
42,logreg_smote,0.8595343171880191,0.6461538461538462,0.22105263157894736,0.3294117647058823
42,logreg_smote,0.8598745318134415,0.65625,0.22105263157894736,0.3307086614173228
42,logreg_smote,0.8614329773584324,0.6666666666666666,0.22105263157894736,0.3320158102766798
42,logreg_smote,0.8615238280525531,0.6774193548387096,0.22105263157894736,0.3333333333333333
42,logreg_smote,0.8632818902589574,0.6885245901639344,0.22105263157894736,0.3346613545816733
42,logreg_smote,0.8641197795679567,0.6833333333333333,0.21578947368421053,0.328
42,logreg_smote,0.864593179868199,0.6779661016949152,0.21052631578947367,0.32128514056224894
42,logreg_smote,0.8671541801865519,0.6896551724137931,0.21052631578947367,0.3225806451612903
42,logreg_smote,0.8697671784651689,0.6842105263157895,0.20526315789473684,0.3157894736842105
42,logreg_smote,0.8717789667357411,0.6964285714285714,0.20526315789473684,0.3170731707317073
42,logreg_smote,0.8767311929325102,0.7090909090909091,0.20526315789473684,0.3183673469387755
42,logreg_smote,0.8775475108384834,0.7037037037037037,0.2,0.3114754098360656
42,logreg_smote,0.8788567618373042,0.6981132075471698,0.19473684210526315,0.3045267489711934
42,logreg_smote,0.8793581887311752,0.7115384615384616,0.19473684210526315,0.30578512396694213
42,logreg_smote,0.8800041922943099,0.7254901960784313,0.19473684210526315,0.30705394190871366
42,logreg_smote,0.8845929684201888,0.72,0.18947368421052632,0.3
42,logreg_smote,0.8875829337898603,0.7142857142857143,0.18421052631578946,0.2928870292887029
42,logreg_smote,0.8891971331672786,0.7083333333333334,0.17894736842105263,0.2857142857142857
42,logreg_smote,0.8971692252534587,0.7021276595744681,0.1736842105263158,0.2784810126582279
42,logreg_smote,0.8973012086814326,0.6956521739130435,0.16842105263157894,0.2711864406779661
42,logreg_smote,0.8976772989426491,0.6888888888888889,0.1631578947368421,0.26382978723404255
42,logreg_smote,0.8979990198448244,0.7045454545454546,0.1631578947368421,0.26495726495726496
42,logreg_smote,0.8983453835865544,0.7209302325581395,0.1631578947368421,0.26609442060085836
42,logreg_smote,0.9013243137176851,0.7142857142857143,0.15789473684210525,0.25862068965517243
42,logreg_smote,0.9018679523192213,0.7317073170731707,0.15789473684210525,0.2597402597402597
42,logreg_smote,0.9025037371473413,0.75,0.15789473684210525,0.2608695652173913
42,logreg_smote,0.9037602331029659,0.7435897435897436,0.15263157894736842,0.25327510917030566
42,logreg_smote,0.9047227221373552,0.7368421052631579,0.14736842105263157,0.24561403508771926
42,logreg_smote,0.9051600123742382,0.7567567567567568,0.14736842105263157,0.24669603524229072
42,logreg_smote,0.9069405887726698,0.7777777777777778,0.14736842105263157,0.247787610619469
42,logreg_smote,0.9140073975971861,0.7714285714285715,0.14210526315789473,0.24
42,logreg_smote,0.9160530818821163,0.7941176470588235,0.14210526315789473,0.24107142857142858
42,logreg_smote,0.9172643058098356,0.7878787878787878,0.1368421052631579,0.2331838565022422
42,logreg_smote,0.9190387993165,0.8125,0.1368421052631579,0.23423423423423426
42,logreg_smote,0.9203466924770509,0.8064516129032258,0.13157894736842105,0.22624434389140272
42,logreg_smote,0.9212615018331055,0.8,0.12631578947368421,0.2181818181818182
42,logreg_smote,0.9220200896827676,0.8275862068965517,0.12631578947368421,0.2191780821917808
42,logreg_smote,0.9223557618481281,0.8214285714285714,0.12105263157894737,0.2110091743119266
42,logreg_smote,0.923295577931095,0.8148148148148148,0.11578947368421053,0.20276497695852536
42,logreg_smote,0.92337104176293,0.8076923076923077,0.11052631578947368,0.19444444444444445
42,logreg_smote,0.9243675844890012,0.8,0.10526315789473684,0.18604651162790697
42,logreg_smote,0.9248299939349351,0.7916666666666666,0.1,0.17757009345794392
42,logreg_smote,0.9278679532754073,0.782608695652174,0.09473684210526316,0.16901408450704225
42,logreg_smote,0.9311124888763105,0.7727272727272727,0.08947368421052632,0.16037735849056606
42,logreg_smote,0.9357457818064304,0.7619047619047619,0.08421052631578947,0.15165876777251186
42,logreg_smote,0.9369585899970186,0.75,0.07894736842105263,0.14285714285714285
42,logreg_smote,0.9488405982460817,0.7894736842105263,0.07894736842105263,0.1435406698564593
42,logreg_smote,0.9510477859920193,0.7777777777777778,0.07368421052631578,0.1346153846153846
42,logreg_smote,0.9548525434994439,0.7647058823529411,0.06842105263157895,0.12560386473429952
42,logreg_smote,0.9556923274204354,0.8125,0.06842105263157895,0.12621359223300974
42,logreg_smote,0.9620456008982244,0.8,0.06315789473684211,0.11707317073170732
42,logreg_smote,0.9626027744281572,0.7857142857142857,0.05789473684210526,0.10784313725490197
42,logreg_smote,0.9653250950940355,0.7692307692307693,0.05263157894736842,0.09852216748768472
42,logreg_smote,0.9658995514731491,0.75,0.04736842105263158,0.0891089108910891
42,logreg_smote,0.9672140159300487,0.7272727272727273,0.042105263157894736,0.07960199004975124
42,logreg_smote,0.9676010269864775,0.7,0.03684210526315789,0.06999999999999999
42,logreg_smote,0.9691285234027911,0.6666666666666666,0.031578947368421054,0.06030150753768845
42,logreg_smote,0.9715261922730668,0.625,0.02631578947368421,0.050505050505050504
42,logreg_smote,0.9748047040549759,0.7142857142857143,0.02631578947368421,0.050761421319796954
42,logreg_smote,0.9758255624950009,0.6666666666666666,0.021052631578947368,0.04081632653061225
42,logreg_smote,0.9758644702059295,0.6,0.015789473684210527,0.03076923076923077
42,logreg_smote,0.9761426971841745,0.75,0.015789473684210527,0.03092783505154639
42,logreg_smote,0.9801956839507657,0.6666666666666666,0.010526315789473684,0.020725388601036267
42,logreg_smote,0.9808133876245307,1.0,0.010526315789473684,0.020833333333333332
42,logreg_smote,0.985210759781389,1.0,0.005263157894736842,0.010471204188481674
42,xgboost_smote,8.276258995465469e-06,0.16156462585034015,1.0,0.2781844802342606
42,xgboost_smote,1.7093499991460703e-05,0.16170212765957448,1.0,0.2783882783882784
42,xgboost_smote,1.729248288029339e-05,0.16183986371379896,1.0,0.2785923753665689
42,xgboost_smote,2.1221871065790765e-05,0.16197783461210571,1.0,0.27879677182685253
42,xgboost_smote,2.142746961908415e-05,0.1621160409556314,1.0,0.2790014684287812
42,xgboost_smote,2.8623029720620252e-05,0.16225448334756618,1.0,0.27920646583394565
42,xgboost_smote,2.9157756216591224e-05,0.1623931623931624,1.0,0.27941176470588236
42,xgboost_smote,2.9437596822390333e-05,0.16253207869974337,1.0,0.27961736571008095
42,xgboost_smote,2.9734439522144385e-05,0.16267123287671234,1.0,0.27982326951399117
42,xgboost_smote,3.233380266465247e-05,0.16281062553556128,1.0,0.2800294767870302
42,xgboost_smote,3.694725455716252e-05,0.16295025728987994,1.0,0.28023598820059
42,xgboost_smote,3.8028545532142743e-05,0.1630901287553648,1.0,0.28044280442804426
42,xgboost_smote,3.819117773673497e-05,0.16323024054982818,1.0,0.28064992614475626
42,xgboost_smote,4.052684744237922e-05,0.16337059329320722,1.0,0.2808573540280857
42,xgboost_smote,4.2097686673514545e-05,0.16351118760757316,1.0,0.28106508875739644
42,xgboost_smote,5.206698187976144e-05,0.1636520241171404,1.0,0.28127313101406365
42,xgboost_smote,5.241881081019528e-05,0.1629310344827586,0.9947368421052631,0.28
42,xgboost_smote,5.491267438628711e-05,0.1630716134598792,0.9947368421052631,0.2802075611564122
42,xgboost_smote,5.821848753839731e-05,0.16321243523316062,0.9947368421052631,0.28041543026706234
42,xgboost_smote,6.067402500775643e-05,0.1633535004321521,0.9947368421052631,0.2806236080178174
42,xgboost_smote,6.358309474308044e-05,0.16349480968858132,0.9947368421052631,0.28083209509658247
42,xgboost_smote,6.407558248611167e-05,0.16363636363636364,0.9947368421052631,0.2810408921933086
42,xgboost_smote,6.416509859263897e-05,0.1637781629116118,0.9947368421052631,0.28125
42,xgboost_smote,7.39994939067401e-05,0.16392020815264527,0.9947368421052631,0.2814594192107223
42,xgboost_smote,7.507139525841922e-05,0.1640625,0.9947368421052631,0.2816691505216095
42,xgboost_smote,8.03892471594736e-05,0.16420503909643788,0.9947368421052631,0.2818791946308725
42,xgboost_smote,8.36964463815093e-05,0.16434782608695653,0.9947368421052631,0.28208955223880594
42,xgboost_smote,8.660339517518878e-05,0.16449086161879894,0.9947368421052631,0.28230022404779687
42,xgboost_smote,8.70203657541424e-05,0.16463414634146342,0.9947368421052631,0.2825112107623319
42,xgboost_smote,9.006636537378654e-05,0.16477768090671316,0.9947368421052631,0.2827225130890052
42,xgboost_smote,9.04953558347188e-05,0.1649214659685864,0.9947368421052631,0.28293413173652693
42,xgboost_smote,9.444181341677904e-05,0.16506550218340613,0.9947368421052631,0.28314606741573034
42,xgboost_smote,9.484993643127382e-05,0.1652097902097902,0.9947368421052631,0.28335832083958024
42,xgboost_smote,0.00010786487837322056,0.16535433070866143,0.9947368421052631,0.2835708927231808
42,xgboost_smote,0.00011539394472492859,0.16549912434325745,0.9947368421052631,0.28378378378378377
42,xgboost_smote,0.00011771619756473228,0.1656441717791411,0.9947368421052631,0.28399699474079637
42,xgboost_smote,0.00012045881157973781,0.16578947368421051,0.9947368421052631,0.28421052631578947
42,xgboost_smote,0.00012353138299658895,0.16593503072870938,0.9947368421052631,0.28442437923250563
42,xgboost_smote,0.000125966063933447,0.16608084358523725,0.9947368421052631,0.2846385542168675
42,xgboost_smote,0.0001263992307940498,0.1662269129287599,0.9947368421052631,0.28485305199698574
42,xgboost_smote,0.00012878146662842482,0.16637323943661972,0.9947368421052631,0.2850678733031674
42,xgboost_smote,0.0001296548143727705,0.16651982378854627,0.9947368421052631,0.28528301886792456
42,xgboost_smote,0.00013542531814891845,0.16666666666666666,0.9947368421052631,0.2854984894259818
42,xgboost_smote,0.00013875898730475456,0.16681376875551632,0.9947368421052631,0.28571428571428575
42,xgboost_smote,0.00014365382958203554,0.16696113074204946,0.9947368421052631,0.28593040847201207
42,xgboost_smote,0.00014655169798061252,0.16710875331564987,0.9947368421052631,0.2861468584405753
42,xgboost_smote,0.0001504932006355375,0.1672566371681416,0.9947368421052631,0.2863636363636364
42,xgboost_smote,0.00015305104898288846,0.16740478299379982,0.9947368421052631,0.28658074298711145
42,xgboost_smote,0.00015553279081359506,0.1675531914893617,0.9947368421052631,0.2867981790591806
42,xgboost_smote,0.00015579299360979348,0.16770186335403728,0.9947368421052631,0.2870159453302962
42,xgboost_smote,0.0001574142079334706,0.16785079928952043,0.9947368421052631,0.2872340425531915
42,xgboost_smote,0.0001620397815713659,0.168,0.9947368421052631,0.28745247148288977
42,xgboost_smote,0.00016577649512328207,0.16814946619217083,0.9947368421052631,0.28767123287671237
42,xgboost_smote,0.00016755764954723418,0.1682991985752449,0.9947368421052631,0.2878903274942879
42,xgboost_smote,0.00016877260350156575,0.16844919786096257,0.9947368421052631,0.288109756097561
42,xgboost_smote,0.00017019601364154369,0.16859946476360393,0.9947368421052631,0.28832951945080093
42,xgboost_smote,0.0001720979780657217,0.16875,0.9947368421052631,0.2885496183206107
42,xgboost_smote,0.00017725431825965643,0.16890080428954424,0.9947368421052631,0.2887700534759358
42,xgboost_smote,0.0001845440419856459,0.16905187835420393,0.9947368421052631,0.28899082568807344
42,xgboost_smote,0.000191449566045776,0.1692032229185318,0.9947368421052631,0.28921193573068094
42,xgboost_smote,0.00019147932471241802,0.1693548387096774,0.9947368421052631,0.28943338437978555
42,xgboost_smote,0.0001955782645381987,0.16950672645739912,0.9947368421052631,0.2896551724137931
42,xgboost_smote,0.00019645708380267024,0.1696588868940754,0.9947368421052631,0.2898773006134969
42,xgboost_smote,0.00020054988272022456,0.16981132075471697,0.9947368421052631,0.29009976976208746
42,xgboost_smote,0.00020087120356038213,0.16996402877697842,0.9947368421052631,0.2903225806451613
42,xgboost_smote,0.00020668006618507206,0.1701170117011701,0.9947368421052631,0.29054573405073014
42,xgboost_smote,0.0002080536214634776,0.17027027027027028,0.9947368421052631,0.2907692307692308
42,xgboost_smote,0.00021095122792758048,0.1704238052299369,0.9947368421052631,0.29099307159353344
42,xgboost_smote,0.00021196740271989256,0.17057761732851986,0.9947368421052631,0.29121725731895226
42,xgboost_smote,0.00021415078663267195,0.17073170731707318,0.9947368421052631,0.2914417887432537
42,xgboost_smote,0.0002158674760721624,0.17088607594936708,0.9947368421052631,0.29166666666666663
42,xgboost_smote,0.00021663781080860645,0.17104072398190046,0.9947368421052631,0.2918918918918919
42,xgboost_smote,0.0002166491758543998,0.17119565217391305,0.9947368421052631,0.29211746522411125
42,xgboost_smote,0.00022234447533264756,0.17135086128739802,0.9947368421052631,0.2923433874709977
42,xgboost_smote,0.00022850188543088734,0.17150635208711434,0.9947368421052631,0.29256965944272445
42,xgboost_smote,0.00024026552273426205,0.17166212534059946,0.9947368421052631,0.2927962819519752
42,xgboost_smote,0.00024335115449503064,0.17181818181818181,0.9947368421052631,0.2930232558139535
42,xgboost_smote,0.00024749443400651217,0.17197452229299362,0.9947368421052631,0.2932505818463925
42,xgboost_smote,0.00025497336173430085,0.1721311475409836,0.9947368421052631,0.2934782608695652
42,xgboost_smote,0.0002586285409051925,0.1722880583409298,0.9947368421052631,0.2937062937062937
42,xgboost_smote,0.00026094913482666016,0.17244525547445255,0.9947368421052631,0.29393468118195953
42,xgboost_smote,0.00026261311722919345,0.17168949771689498,0.9894736842105263,0.2926070038910506
42,xgboost_smote,0.00027180611505173147,0.17184643510054845,0.9894736842105263,0.2928348909657321
42,xgboost_smote,0.0002749376290012151,0.17200365965233302,0.9894736842105263,0.2930631332813718
42,xgboost_smote,0.0002791124570649117,0.17216117216117216,0.9894736842105263,0.29329173166926675
42,xgboost_smote,0.0002835533523466438,0.17231897341888175,0.9894736842105263,0.2935206869633099
42,xgboost_smote,0.0002844354894477874,0.1724770642201835,0.9894736842105263,0.29374999999999996
42,xgboost_smote,0.0002854964404832572,0.17263544536271808,0.9894736842105263,0.29397967161845184
42,xgboost_smote,0.0002869596646632999,0.17279411764705882,0.9894736842105263,0.29420970266040686
42,xgboost_smote,0.0002923459105659276,0.17295308187672492,0.9894736842105263,0.29444009397024273
42,xgboost_smote,0.0002941811690106988,0.1731123388581952,0.9894736842105263,0.29467084639498436
42,xgboost_smote,0.0002980411518365145,0.17327188940092167,0.9894736842105263,0.2949019607843137
42,xgboost_smote,0.00029855218599550426,0.17343173431734318,0.9894736842105263,0.29513343799058084
42,xgboost_smote,0.0003072444233112037,0.17359187442289936,0.9894736842105263,0.2953652788688138
42,xgboost_smote,0.00030808302108198404,0.17375231053604437,0.9894736842105263,0.29559748427672955
42,xgboost_smote,0.00032204206218011677,0.17391304347826086,0.9894736842105263,0.2958300550747443
42,xgboost_smote,0.00032216732506640255,0.17407407407407408,0.9894736842105263,0.29606299212598425
42,xgboost_smote,0.00032565806759521365,0.17330861909175163,0.9842105263157894,0.29472025216706066
42,xgboost_smote,0.00033813685877248645,0.17346938775510204,0.9842105263157894,0.29495268138801256
42,xgboost_smote,0.0003493433468975127,0.17363045496750232,0.9842105263157894,0.2951854775059195
42,xgboost_smote,0.0003514072741381824,0.1737918215613383,0.9842105263157894,0.29541864139020535
42,xgboost_smote,0.00035387318348512053,0.173953488372093,0.9842105263157894,0.29565217391304344
42,xgboost_smote,0.0003539673052728176,0.17411545623836128,0.9842105263157894,0.2958860759493671
42,xgboost_smote,0.00035891259904019535,0.17427772600186392,0.9842105263157894,0.2961203483768804
42,xgboost_smote,0.00036887559690512717,0.17444029850746268,0.9842105263157894,0.2963549920760697
42,xgboost_smote,0.0003700544766616076,0.1746031746031746,0.9842105263157894,0.29659000793021406
42,xgboost_smote,0.00037643490941263735,0.17476635514018693,0.9842105263157894,0.2968253968253968
42,xgboost_smote,0.0003779238904826343,0.17492984097287184,0.9842105263157894,0.29706115965051627
42,xgboost_smote,0.00037941368645988405,0.1750936329588015,0.9842105263157894,0.29729729729729726
42,xgboost_smote,0.00038130045868456364,0.17432052483598875,0.9789473684210527,0.29594272076372313
42,xgboost_smote,0.00038248003693297505,0.17448405253283303,0.9789473684210527,0.29617834394904463
42,xgboost_smote,0.00038279572618193924,0.17464788732394365,0.9789473684210527,0.296414342629482
42,xgboost_smote,0.0003828063199762255,0.17481203007518797,0.9789473684210527,0.29665071770334933
42,xgboost_smote,0.00038337145815603435,0.17497648165569143,0.9789473684210527,0.29688747007182764
42,xgboost_smote,0.00038600267725996673,0.17419962335216574,0.9736842105263158,0.29552715654952083
42,xgboost_smote,0.0003918725124094635,0.17436380772855797,0.9736842105263158,0.29576338928856916
42,xgboost_smote,0.00039237437886185944,0.17452830188679244,0.9736842105263158,0.296
42,xgboost_smote,0.00039258369361050427,0.17469310670443816,0.9736842105263158,0.2962369895916733
42,xgboost_smote,0.0004093887109775096,0.17485822306238186,0.9736842105263158,0.2964743589743589
42,xgboost_smote,0.00041394660365767777,0.1750236518448439,0.9736842105263158,0.2967121090617482
42,xgboost_smote,0.0004157173971179873,0.17518939393939395,0.9736842105263158,0.2969502407704655
42,xgboost_smote,0.0004168167943134904,0.17535545023696683,0.9736842105263158,0.2971887550200803
42,xgboost_smote,0.0004172761691734195,0.17552182163187854,0.9736842105263158,0.29742765273311894
42,xgboost_smote,0.00041994781349785626,0.17568850902184235,0.9736842105263158,0.29766693483507645
42,xgboost_smote,0.00042125312029384077,0.1758555133079848,0.9736842105263158,0.2979066022544284
42,xgboost_smote,0.0004218864778522402,0.17602283539486205,0.9736842105263158,0.29814665592264306
42,xgboost_smote,0.0004232824721839279,0.1761904761904762,0.9736842105263158,0.29838709677419356
42,xgboost_smote,0.0004294186073821038,0.17635843660629172,0.9736842105263158,0.2986279257465698
42,xgboost_smote,0.00043111873674206436,0.1765267175572519,0.9736842105263158,0.29886914378029084
42,xgboost_smote,0.0004372226831037551,0.1766953199617956,0.9736842105263158,0.2991107518189167
42,xgboost_smote,0.00044093228643760085,0.17686424474187382,0.9736842105263158,0.2993527508090615
42,xgboost_smote,0.00044703049934469163,0.17703349282296652,0.9736842105263158,0.29959514170040485
42,xgboost_smote,0.00044793690904043615,0.1772030651340996,0.9736842105263158,0.29983792544570503
42,xgboost_smote,0.0004488009144552052,0.17737296260786195,0.9736842105263158,0.30008110300081103
42,xgboost_smote,0.00044994527706876397,0.17754318618042225,0.9736842105263158,0.30032467532467527
42,xgboost_smote,0.0004555902851279825,0.1777137367915466,0.9736842105263158,0.30056864337936634
42,xgboost_smote,0.0004591743345372379,0.1778846153846154,0.9736842105263158,0.3008130081300813
42,xgboost_smote,0.0004623970598913729,0.17805582290664101,0.9736842105263158,0.3010577705451587
42,xgboost_smote,0.0004828446835745126,0.17822736030828518,0.9736842105263158,0.30130293159609123
42,xgboost_smote,0.0004927670233882964,0.17743490838958534,0.968421052631579,0.299918500407498
42,xgboost_smote,0.0004941977094858885,0.1776061776061776,0.968421052631579,0.30016313213703105
42,xgboost_smote,0.0004980751546099782,0.17777777777777778,0.968421052631579,0.30040816326530617
42,xgboost_smote,0.00049886031774804,0.17794970986460348,0.968421052631579,0.3006535947712418
42,xgboost_smote,0.000499928486533463,0.1781219748305905,0.968421052631579,0.30089942763695826
42,xgboost_smote,0.000500286987517029,0.17829457364341086,0.968421052631579,0.30114566284779054
42,xgboost_smote,0.0005040600663051009,0.1784675072744908,0.968421052631579,0.30139230139230144
42,xgboost_smote,0.0005052373744547367,0.1786407766990291,0.968421052631579,0.30163934426229505
42,xgboost_smote,0.0005068677710369229,0.17881438289601556,0.968421052631579,0.30188679245283023
42,xgboost_smote,0.0005201859166845679,0.17898832684824903,0.968421052631579,0.3021346469622332
42,xgboost_smote,0.0005203520995564759,0.17916260954235638,0.968421052631579,0.30238290879211177
42,xgboost_smote,0.0005217049038037658,0.1793372319688109,0.968421052631579,0.3026315789473684
42,xgboost_smote,0.0005303758080117404,0.1795121951219512,0.968421052631579,0.3028806584362139
42,xgboost_smote,0.0005336699541658163,0.1796875,0.968421052631579,0.30313014827018125
42,xgboost_smote,0.0005351856234483421,0.1798631476050831,0.968421052631579,0.30338004946413855
42,xgboost_smote,0.0005431664758361876,0.18003913894324852,0.968421052631579,0.3036303630363036
42,xgboost_smote,0.0005644839257001877,0.1802154750244858,0.968421052631579,0.3038810900082576
42,xgboost_smote,0.0005645299679599702,0.1803921568627451,0.968421052631579,0.3041322314049587
42,xgboost_smote,0.0005697457818314433,0.18056918547595682,0.968421052631579,0.304383788254756
42,xgboost_smote,0.0005727526149712503,0.1807465618860511,0.968421052631579,0.304635761589404
42,xgboost_smote,0.000582005362957716,0.18092428711897737,0.968421052631579,0.3048881524440762
42,xgboost_smote,0.0005857475916855037,0.18110236220472442,0.968421052631579,0.30514096185737977
42,xgboost_smote,0.0005901522235944867,0.1812807881773399,0.968421052631579,0.30539419087136926
42,xgboost_smote,0.0005920747644267976,0.1814595660749507,0.968421052631579,0.3056478405315615
42,xgboost_smote,0.0005926399026066065,0.18163869693978282,0.968421052631579,0.3059019118869493
42,xgboost_smote,0.0006103101186454296,0.18181818181818182,0.968421052631579,0.30615640599001664
42,xgboost_smote,0.0006127977976575494,0.18199802176063304,0.968421052631579,0.3064113238967527
42,xgboost_smote,0.0006271166494116187,0.18217821782178217,0.968421052631579,0.30666666666666664
42,xgboost_smote,0.0006312889163382351,0.1823587710604559,0.968421052631579,0.30692243536280234
42,xgboost_smote,0.0006547202938236296,0.18253968253968253,0.968421052631579,0.3071786310517529
42,xgboost_smote,0.0006677528144791722,0.182720953326713,0.968421052631579,0.30743525480367584
42,xgboost_smote,0.0006727357977069914,0.18290258449304175,0.968421052631579,0.3076923076923077
42,xgboost_smote,0.0006755784852430224,0.18308457711442785,0.968421052631579,0.3079497907949791
42,xgboost_smote,0.000676317373290658,0.18326693227091634,0.968421052631579,0.3082077051926298
42,xgboost_smote,0.0006767355371266603,0.18344965104685942,0.968421052631579,0.308466051969824
42,xgboost_smote,0.0006769148749299347,0.18363273453093812,0.968421052631579,0.3087248322147651
42,xgboost_smote,0.0006788254831917584,0.1838161838161838,0.968421052631579,0.3089840470193115
42,xgboost_smote,0.0006811710773035884,0.184,0.968421052631579,0.3092436974789916
42,xgboost_smote,0.0006818498368375003,0.1841841841841842,0.968421052631579,0.30950378469301937
42,xgboost_smote,0.0006875087274238467,0.1843687374749499,0.968421052631579,0.30976430976430974
42,xgboost_smote,0.0006952062831260264,0.18455366098294884,0.968421052631579,0.3100252737994945
42,xgboost_smote,0.00070793746272102,0.18373493975903615,0.9631578947368421,0.3086003372681282
42,xgboost_smote,0.000716308830305934,0.1829145728643216,0.9578947368421052,0.3071729957805907
42,xgboost_smote,0.0007208078168332577,0.18309859154929578,0.9578947368421052,0.3074324324324324
42,xgboost_smote,0.000724266457837075,0.18328298086606243,0.9578947368421052,0.30769230769230765
42,xgboost_smote,0.000724633748177439,0.18346774193548387,0.9578947368421052,0.3079526226734349
42,xgboost_smote,0.0007250233320519328,0.18365287588294651,0.9578947368421052,0.3082133784928027
42,xgboost_smote,0.0007453655707649887,0.18383838383838383,0.9578947368421052,0.30847457627118646
42,xgboost_smote,0.0007466296083293855,0.18402426693629928,0.9578947368421052,0.3087362171331637
42,xgboost_smote,0.0007542353123426437,0.18421052631578946,0.9578947368421052,0.3089983022071307
42,xgboost_smote,0.0007596065406687558,0.18439716312056736,0.9578947368421052,0.30926083262531856
42,xgboost_smote,0.0007628585444763303,0.1845841784989858,0.9578947368421052,0.30952380952380953
42,xgboost_smote,0.000769445498008281,0.1847715736040609,0.9578947368421052,0.3097872340425532
42,xgboost_smote,0.0007742546731606126,0.18495934959349594,0.9578947368421052,0.3100511073253833
42,xgboost_smote,0.0007834500283934176,0.18514750762970497,0.9578947368421052,0.3103154305200341
42,xgboost_smote,0.0007844779174774885,0.18533604887983707,0.9578947368421052,0.31058020477815695
42,xgboost_smote,0.0007915304158814251,0.18552497451580022,0.9578947368421052,0.3108454312553373
42,xgboost_smote,0.0007993504987098277,0.1846938775510204,0.9526315789473684,0.30940170940170936
42,xgboost_smote,0.0008173963869921863,0.18488253319713993,0.9526315789473684,0.30966638152266895
42,xgboost_smote,0.0008216504356823862,0.18507157464212678,0.9526315789473684,0.30993150684931503
42,xgboost_smote,0.0008332088473252952,0.18526100307062435,0.9526315789473684,0.31019708654670086
42,xgboost_smote,0.0008367402479052544,0.18545081967213115,0.9526315789473684,0.31046312178387653
42,xgboost_smote,0.0008434773772023618,0.18564102564102564,0.9526315789473684,0.3107296137339056
42,xgboost_smote,0.0008512597414664924,0.18583162217659138,0.9526315789473684,0.3109965635738832
42,xgboost_smote,0.000853598234243691,0.18602261048304214,0.9526315789473684,0.3112639724849527
42,xgboost_smote,0.000870707503054291,0.18621399176954734,0.9526315789473684,0.31153184165232356
42,xgboost_smote,0.0008781821234151721,0.18640576725025745,0.9526315789473684,0.31180017226528856
42,xgboost_smote,0.0008838885114528239,0.1865979381443299,0.9526315789473684,0.3120689655172414
42,xgboost_smote,0.0008858314249664545,0.1867905056759546,0.9526315789473684,0.31233822260569455
42,xgboost_smote,0.0008858880610205233,0.18698347107438015,0.9526315789473684,0.312607944732297
42,xgboost_smote,0.0008926598238758743,0.18717683557394002,0.9526315789473684,0.31287813310285223
42,xgboost_smote,0.0008930830517783761,0.1873706004140787,0.9526315789473684,0.31314878892733566
42,xgboost_smote,0.0009002240258269012,0.18756476683937823,0.9526315789473684,0.31341991341991343
42,xgboost_smote,0.0009003286832012236,0.18775933609958506,0.9526315789473684,0.31369150779896016
42,xgboost_smote,0.0009006105829030275,0.18795430944963656,0.9526315789473684,0.3139635732870772
42,xgboost_smote,0.0009030336514115334,0.18814968814968816,0.9526315789473684,0.3142361111111111
42,xgboost_smote,0.0009184171794913709,0.18834547346514047,0.9526315789473684,0.31450912250217194
42,xgboost_smote,0.0009223128436133265,0.18854166666666666,0.9526315789473684,0.31478260869565217
42,xgboost_smote,0.0009267732384614646,0.18873826903023982,0.9526315789473684,0.31505657093124456
42,xgboost_smote,0.0009310441091656685,0.18893528183716074,0.9526315789473684,0.3153310104529617
42,xgboost_smote,0.0009406444150954485,0.1891327063740857,0.9526315789473684,0.31560592850915437
42,xgboost_smote,0.0009429186466149986,0.1893305439330544,0.9526315789473684,0.3158813263525305
42,xgboost_smote,0.0009483845788054168,0.18952879581151832,0.9526315789473684,0.31615720524017465
42,xgboost_smote,0.0009532856056466699,0.18972746331236898,0.9526315789473684,0.31643356643356646
42,xgboost_smote,0.000962559599429369,0.18992654774396642,0.9526315789473684,0.31671041119860016
42,xgboost_smote,0.0009863154264166951,0.19012605042016806,0.9526315789473684,0.3169877408056042
42,xgboost_smote,0.0009964548517018557,0.19032597266035753,0.9526315789473684,0.31726555652936017
42,xgboost_smote,0.000999333569779992,0.19052631578947368,0.9526315789473684,0.3175438596491228
42,xgboost_smote,0.001013753586448729,0.19072708113804004,0.9526315789473684,0.31782265144863914
42,xgboost_smote,0.0010147265857085586,0.1909282700421941,0.9526315789473684,0.3181019332161687
42,xgboost_smote,0.0010190231259912252,0.191129883843717,0.9526315789473684,0.31838170624450307
42,xgboost_smote,0.0010218288516625762,0.19133192389006343,0.9526315789473684,0.31866197183098594
42,xgboost_smote,0.0010224671568721533,0.19153439153439153,0.9526315789473684,0.31894273127753303
42,xgboost_smote,0.0010335594415664673,0.1917372881355932,0.9526315789473684,0.3192239858906526
42,xgboost_smote,0.0010515922913327813,0.1919406150583245,0.9526315789473684,0.3195057369814651
42,xgboost_smote,0.0010700123384594917,0.1921443736730361,0.9526315789473684,0.31978798586572443
42,xgboost_smote,0.0010768345091491938,0.19234856535600425,0.9526315789473684,0.3200707338638373
42,xgboost_smote,0.0011046113213524222,0.1925531914893617,0.9526315789473684,0.3203539823008849
42,xgboost_smote,0.001112776342779398,0.19275825346112885,0.9526315789473684,0.320637732506643
42,xgboost_smote,0.0011164156021550298,0.1929637526652452,0.9526315789473684,0.32092198581560283
42,xgboost_smote,0.0011179248103871942,0.19316969050160085,0.9526315789473684,0.321206743566992
42,xgboost_smote,0.0011218874715268612,0.19337606837606838,0.9526315789473684,0.3214920071047957
42,xgboost_smote,0.0011221092427149415,0.19358288770053475,0.9526315789473684,0.3217777777777778
42,xgboost_smote,0.0011233123950660229,0.1937901498929336,0.9526315789473684,0.32206405693950174
42,xgboost_smote,0.00113069755025208,0.1939978563772776,0.9526315789473684,0.3223508459483526
42,xgboost_smote,0.0011405189288780093,0.194206008583691,0.9526315789473684,0.3226381461675579
42,xgboost_smote,0.0011489114258438349,0.19441460794844254,0.9526315789473684,0.32292595896520965
42,xgboost_smote,0.0011778005864471197,0.1935483870967742,0.9473684210526315,0.32142857142857145
42,xgboost_smote,0.0011809550924226642,0.193756727664155,0.9473684210526315,0.32171581769436997
42,xgboost_smote,0.0011840690858662128,0.1939655172413793,0.9473684210526315,0.3220035778175313
42,xgboost_smote,0.0012021689908578992,0.1941747572815534,0.9473684210526315,0.32229185317815573
42,xgboost_smote,0.001207974855788052,0.19438444924406048,0.9473684210526315,0.3225806451612903
42,xgboost_smote,0.001211780239827931,0.1945945945945946,0.9473684210526315,0.32286995515695066
42,xgboost_smote,0.0012139265891164541,0.19480519480519481,0.9473684210526315,0.32315978456014366
42,xgboost_smote,0.0012188153341412544,0.19501625135427952,0.9473684210526315,0.32345013477088946
42,xgboost_smote,0.0012292570900171995,0.19522776572668113,0.9473684210526315,0.3237410071942446
42,xgboost_smote,0.0012347425799816847,0.19543973941368079,0.9473684210526315,0.32403240324032406
42,xgboost_smote,0.0012435740791261196,0.1956521739130435,0.9473684210526315,0.3243243243243243
42,xgboost_smote,0.0012758978409692645,0.19586507072905332,0.9473684210526315,0.3246167718665464
42,xgboost_smote,0.0012791667832061648,0.19607843137254902,0.9473684210526315,0.3249097472924187
42,xgboost_smote,0.0012869407655671239,0.19629225736095965,0.9473684210526315,0.3252032520325203
42,xgboost_smote,0.0012885462492704391,0.1965065502183406,0.9473684210526315,0.32549728752260393
42,xgboost_smote,0.0012915412662550807,0.19672131147540983,0.9473684210526315,0.32579185520361986
42,xgboost_smote,0.0012920795707032084,0.19693654266958424,0.9473684210526315,0.3260869565217391
42,xgboost_smote,0.0012969971867278218,0.19715224534501644,0.9473684210526315,0.3263825929283771
42,xgboost_smote,0.0013033522991463542,0.1962719298245614,0.9421052631578948,0.3248638838475499
42,xgboost_smote,0.0013040445046499372,0.1964873765093304,0.9421052631578948,0.32515894641235243
42,xgboost_smote,0.0013105826219543815,0.1967032967032967,0.9421052631578948,0.32545454545454544
42,xgboost_smote,0.0013109409483149648,0.19691969196919692,0.9421052631578948,0.3257506824385806
42,xgboost_smote,0.0013110757572576404,0.197136563876652,0.9421052631578948,0.32604735883424407
42,xgboost_smote,0.0013200042303651571,0.19735391400220506,0.9421052631578948,0.32634457611668183
42,xgboost_smote,0.0013304719468578696,0.19646799116997793,0.9368421052631579,0.3248175182481752
42,xgboost_smote,0.001341761089861393,0.19668508287292819,0.9368421052631579,0.32511415525114157
42,xgboost_smote,0.0013489446137100458,0.19690265486725664,0.9368421052631579,0.3254113345521024
42,xgboost_smote,0.0013658154057338834,0.19712070874861573,0.9368421052631579,0.32570905763952424
42,xgboost_smote,0.001370880170725286,0.1973392461197339,0.9368421052631579,0.326007326007326
42,xgboost_smote,0.0013937046751379967,0.19755826859045506,0.9368421052631579,0.32630614115490375
42,xgboost_smote,0.0014130843337625265,0.19777777777777777,0.9368421052631579,0.3266055045871559
42,xgboost_smote,0.001415384584106505,0.19799777530589543,0.9368421052631579,0.3269054178145087
42,xgboost_smote,0.0014279241440817714,0.19821826280623608,0.9368421052631579,0.3272058823529412
42,xgboost_smote,0.0014317325549200177,0.19843924191750278,0.9368421052631579,0.3275068997240111
42,xgboost_smote,0.0014344750670716166,0.19866071428571427,0.9368421052631579,0.3278084714548803
42,xgboost_smote,0.0014412358868867159,0.19888268156424582,0.9368421052631579,0.328110599078341
42,xgboost_smote,0.001457825070247054,0.19910514541387025,0.9368421052631579,0.3284132841328413
42,xgboost_smote,0.0014702820917591453,0.19932810750279956,0.9368421052631579,0.32871652816251157
42,xgboost_smote,0.0014920613029971719,0.19955156950672645,0.9368421052631579,0.32902033271719033
42,xgboost_smote,0.0015139392344281077,0.19977553310886645,0.9368421052631579,0.32932469935245146
42,xgboost_smote,0.0015147532103583217,0.2,0.9368421052631579,0.32962962962962966
42,xgboost_smote,0.001522539067082107,0.20022497187851518,0.9368421052631579,0.329935125115848
42,xgboost_smote,0.0015328505542129278,0.20045045045045046,0.9368421052631579,0.3302411873840445
42,xgboost_smote,0.0015393581707030535,0.20067643742953778,0.9368421052631579,0.3305478180129991
42,xgboost_smote,0.0015414056833833456,0.20090293453724606,0.9368421052631579,0.33085501858736055
42,xgboost_smote,0.0015477585839107633,0.20112994350282487,0.9368421052631579,0.3311627906976744
42,xgboost_smote,0.0015549977542832494,0.20135746606334842,0.9368421052631579,0.3314711359404097
42,xgboost_smote,0.0015661712968721986,0.2015855039637599,0.9368421052631579,0.3317800559179869
42,xgboost_smote,0.0015688572311773896,0.2018140589569161,0.9368421052631579,0.33208955223880593
42,xgboost_smote,0.001570645603351295,0.20204313280363223,0.9368421052631579,0.33239962651727356
42,xgboost_smote,0.001589766819961369,0.20113636363636364,0.9315789473684211,0.33084112149532713
42,xgboost_smote,0.001629729405976832,0.20136518771331058,0.9315789473684211,0.33115060804490176
42,xgboost_smote,0.0016567758284509182,0.20159453302961275,0.9315789473684211,0.3314606741573034
42,xgboost_smote,0.0016823906917124987,0.20182440136830102,0.9315789473684211,0.3317713214620431
42,xgboost_smote,0.001686750678345561,0.20205479452054795,0.9315789473684211,0.3320825515947467
42,xgboost_smote,0.001695546554401517,0.2022857142857143,0.9315789473684211,0.33239436619718304
42,xgboost_smote,0.0017054902855306864,0.20251716247139587,0.9315789473684211,0.3327067669172932
42,xgboost_smote,0.0017311860574409366,0.2027491408934708,0.9315789473684211,0.33301975540921924
42,xgboost_smote,0.0017530657351016998,0.2029816513761468,0.9315789473684211,0.3333333333333333
42,xgboost_smote,0.001772081945091486,0.20321469575200918,0.9315789473684211,0.33364750235626767
42,xgboost_smote,0.0017782110953703523,0.20344827586206896,0.9315789473684211,0.3339622641509434
42,xgboost_smote,0.001786577282473445,0.20368239355581128,0.9315789473684211,0.3342776203966006
42,xgboost_smote,0.0017897144425660372,0.20391705069124424,0.9315789473684211,0.334593572778828
42,xgboost_smote,0.0018368493765592575,0.2041522491349481,0.9315789473684211,0.33491012298959316
42,xgboost_smote,0.001878047245554626,0.20323325635103925,0.9263157894736842,0.3333333333333333
42,xgboost_smote,0.0018783127889037132,0.20346820809248556,0.9263157894736842,0.333649289099526
42,xgboost_smote,0.0018842833815142512,0.2037037037037037,0.9263157894736842,0.33396584440227706
42,xgboost_smote,0.001888931612484157,0.20393974507531865,0.9263157894736842,0.33428300094966756
42,xgboost_smote,0.0018947076750919223,0.20417633410672853,0.9263157894736842,0.3346007604562737
42,xgboost_smote,0.0019010341493412852,0.20441347270615565,0.9263157894736842,0.33491912464319695
42,xgboost_smote,0.001911332830786705,0.20465116279069767,0.9263157894736842,0.3352380952380952
42,xgboost_smote,0.0019295436795800924,0.2048894062863795,0.9263157894736842,0.33555767397521447
42,xgboost_smote,0.0019722916185855865,0.20512820512820512,0.9263157894736842,0.33587786259541985
42,xgboost_smote,0.001989285461604595,0.20536756126021002,0.9263157894736842,0.33619866284622735
42,xgboost_smote,0.001994505524635315,0.205607476635514,0.9263157894736842,0.3365200764818356
42,xgboost_smote,0.002040525432676077,0.20584795321637428,0.9263157894736842,0.33684210526315783
42,xgboost_smote,0.0020584380254149437,0.20608899297423888,0.9263157894736842,0.3371647509578544
42,xgboost_smote,0.0020607018377631903,0.2063305978898007,0.9263157894736842,0.3374880153403643
42,xgboost_smote,0.0020630655344575644,0.20657276995305165,0.9263157894736842,0.3378119001919386
42,xgboost_smote,0.00208437186665833,0.20681551116333724,0.9263157894736842,0.33813640730067246
42,xgboost_smote,0.002084482926875353,0.20705882352941177,0.9263157894736842,0.3384615384615385
42,xgboost_smote,0.0021059117279946804,0.20730270906949352,0.9263157894736842,0.33878729547641967
42,xgboost_smote,0.002142572309821844,0.20754716981132076,0.9263157894736842,0.33911368015414256
42,xgboost_smote,0.0021445252932608128,0.2077922077922078,0.9263157894736842,0.3394406943105111
42,xgboost_smote,0.0021534068509936333,0.20803782505910165,0.9263157894736842,0.33976833976833976
42,xgboost_smote,0.0021699797362089157,0.20828402366863905,0.9263157894736842,0.34009661835748795
42,xgboost_smote,0.002175963018089533,0.20734597156398105,0.9210526315789473,0.33849129593810445
42,xgboost_smote,0.00221582455560565,0.20759193357058126,0.9210526315789473,0.33881897386253634
42,xgboost_smote,0.0022195091005414724,0.20783847980997625,0.9210526315789473,0.3391472868217054
42,xgboost_smote,0.002225075848400593,0.2080856123662307,0.9210526315789473,0.3394762366634336
42,xgboost_smote,0.0022823980543762445,0.20833333333333334,0.9210526315789473,0.3398058252427185
42,xgboost_smote,0.0022896488662809134,0.20858164481525626,0.9210526315789473,0.3401360544217687
42,xgboost_smote,0.0022925701923668385,0.20883054892601433,0.9210526315789473,0.3404669260700389
42,xgboost_smote,0.0023154655937105417,0.20908004778972522,0.9210526315789473,0.34079844206426485
42,xgboost_smote,0.0023236367851495743,0.20933014354066987,0.9210526315789473,0.34113060428849906
42,xgboost_smote,0.002329707844182849,0.20958083832335328,0.9210526315789473,0.3414634146341463
42,xgboost_smote,0.0023449778091162443,0.20983213429256595,0.9210526315789473,0.341796875
42,xgboost_smote,0.0023496453650295734,0.21008403361344538,0.9210526315789473,0.34213098729227764
42,xgboost_smote,0.00235243933275342,0.21033653846153846,0.9210526315789473,0.3424657534246575
42,xgboost_smote,0.002372919814661145,0.21058965102286403,0.9210526315789473,0.34280117531831544
42,xgboost_smote,0.0023746294900774956,0.21084337349397592,0.9210526315789473,0.34313725490196084
42,xgboost_smote,0.0023797296453267336,0.21109770808202655,0.9210526315789473,0.3434739941118744
42,xgboost_smote,0.0023832109291106462,0.2113526570048309,0.9210526315789473,0.34381139489194495
42,xgboost_smote,0.0024042788427323103,0.21160822249093109,0.9210526315789473,0.344149459193707
42,xgboost_smote,0.0024103056639432907,0.211864406779661,0.9210526315789473,0.34448818897637795
42,xgboost_smote,0.002417906653136015,0.21212121212121213,0.9210526315789473,0.3448275862068966
42,xgboost_smote,0.0024227697867900133,0.21237864077669902,0.9210526315789473,0.34516765285996054
42,xgboost_smote,0.0024418483953922987,0.212636695018226,0.9210526315789473,0.3455083909180652
42,xgboost_smote,0.0024766335263848305,0.21289537712895376,0.9210526315789473,0.3458498023715415
42,xgboost_smote,0.0025254341308027506,0.21315468940316687,0.9210526315789473,0.34619188921859545
42,xgboost_smote,0.002530129160732031,0.21341463414634146,0.9210526315789473,0.34653465346534656
42,xgboost_smote,0.002549487166106701,0.21367521367521367,0.9210526315789473,0.3468780971258672
42,xgboost_smote,0.002553266007453203,0.2139364303178484,0.9210526315789473,0.3472222222222222
42,xgboost_smote,0.002557742642238736,0.21297429620563035,0.9157894736842105,0.3455809334657398
42,xgboost_smote,0.0025683247949928045,0.21323529411764705,0.9157894736842105,0.3459244532803181
42,xgboost_smote,0.002587685128673911,0.2134969325153374,0.9157894736842105,0.34626865671641793
42,xgboost_smote,0.00260544684715569,0.21375921375921375,0.9157894736842105,0.3466135458167331
42,xgboost_smote,0.002606902038678527,0.2140221402214022,0.9157894736842105,0.34695912263210366
42,xgboost_smote,0.002641428029164672,0.21428571428571427,0.9157894736842105,0.3473053892215569
42,xgboost_smote,0.002650150330737233,0.21454993834771888,0.9157894736842105,0.34765234765234765
42,xgboost_smote,0.0026576081290841103,0.21481481481481482,0.9157894736842105,0.34800000000000003
42,xgboost_smote,0.0026878577191382647,0.21508034610630408,0.9157894736842105,0.3483483483483484
42,xgboost_smote,0.0027121789753437042,0.21534653465346534,0.9157894736842105,0.3486973947895792
42,xgboost_smote,0.0028232624754309654,0.21561338289962825,0.9157894736842105,0.3490471414242728
42,xgboost_smote,0.0028249663300812244,0.21588089330024815,0.9157894736842105,0.3493975903614458
42,xgboost_smote,0.002853281795978546,0.21614906832298136,0.9157894736842105,0.34974874371859294
42,xgboost_smote,0.0029083595145493746,0.21641791044776118,0.9157894736842105,0.35010060362173034
42,xgboost_smote,0.0029263324104249477,0.21668742216687423,0.9157894736842105,0.3504531722054381
42,xgboost_smote,0.0029288267251104116,0.2169576059850374,0.9157894736842105,0.35080645161290325
42,xgboost_smote,0.002966562518849969,0.21722846441947566,0.9157894736842105,0.35116044399596363
42,xgboost_smote,0.002993027912452817,0.2175,0.9157894736842105,0.3515151515151515
42,xgboost_smote,0.0029952642507851124,0.21777221526908636,0.9157894736842105,0.35187057633973706
42,xgboost_smote,0.0030144767370074987,0.21804511278195488,0.9157894736842105,0.3522267206477733
42,xgboost_smote,0.0030145568307489157,0.21831869510664995,0.9157894736842105,0.3525835866261398
42,xgboost_smote,0.003015723777934909,0.2185929648241206,0.9157894736842105,0.35294117647058826
42,xgboost_smote,0.003019380383193493,0.21761006289308177,0.9105263157894737,0.35126903553299493
42,xgboost_smote,0.0030310365837067366,0.21662468513853905,0.9052631578947369,0.34959349593495936
42,xgboost_smote,0.0030428420286625624,0.21563682219419925,0.9,0.34791454730417093
42,xgboost_smote,0.0030485449824482203,0.2159090909090909,0.9,0.3482688391038697
42,xgboost_smote,0.003091910621151328,0.21618204804045513,0.9,0.3486238532110092
42,xgboost_smote,0.0031443408224731684,0.21645569620253163,0.9,0.3489795918367347
42,xgboost_smote,0.0031501243356615305,0.21673003802281368,0.9,0.3493360572012257
42,xgboost_smote,0.003153799334540963,0.217005076142132,0.9,0.34969325153374237
42,xgboost_smote,0.003158471081405878,0.21728081321473952,0.9,0.35005117707267147
42,xgboost_smote,0.0031738863326609135,0.21755725190839695,0.9,0.3504098360655738
42,xgboost_smote,0.003206388559192419,0.2178343949044586,0.9,0.3507692307692307
42,xgboost_smote,0.003228472312912345,0.21683673469387754,0.8947368421052632,0.34907597535934287
42,xgboost_smote,0.0032555211801081896,0.21711366538952745,0.8947368421052632,0.3494347379239465
42,xgboost_smote,0.003261048113927245,0.21739130434782608,0.8947368421052632,0.34979423868312753
42,xgboost_smote,0.0032717243302613497,0.2176696542893726,0.8947368421052632,0.3501544799176107
42,xgboost_smote,0.003278017044067383,0.21794871794871795,0.8947368421052632,0.3505154639175258
42,xgboost_smote,0.003303593024611473,0.21694480102695765,0.8894736842105263,0.34881320949432404
42,xgboost_smote,0.0033177996519953012,0.21722365038560412,0.8894736842105263,0.34917355371900827
42,xgboost_smote,0.0033231303095817566,0.2175032175032175,0.8894736842105263,0.3495346432264736
42,xgboost_smote,0.0033328908029943705,0.21778350515463918,0.8894736842105263,0.34989648033126297
42,xgboost_smote,0.003338931128382683,0.21806451612903227,0.8894736842105263,0.35025906735751294
42,xgboost_smote,0.0033398468513041735,0.21705426356589147,0.8842105263157894,0.34854771784232363
42,xgboost_smote,0.0033785768318921328,0.21733505821474774,0.8842105263157894,0.3489096573208723
42,xgboost_smote,0.0033959553111344576,0.21761658031088082,0.8842105263157894,0.34927234927234924
42,xgboost_smote,0.0034179920330643654,0.2178988326848249,0.8842105263157894,0.34963579604578565
42,xgboost_smote,0.003462250344455242,0.21818181818181817,0.8842105263157894,0.35
42,xgboost_smote,0.003469886025413871,0.21846553966189858,0.8842105263157894,0.35036496350364965
42,xgboost_smote,0.0034709691535681486,0.21875,0.8842105263157894,0.3507306889352818
42,xgboost_smote,0.0034751000348478556,0.21773142112125163,0.8789473684210526,0.3490073145245559
42,xgboost_smote,0.0034994804300367832,0.21801566579634465,0.8789473684210526,0.3493723849372385
42,xgboost_smote,0.003513205796480179,0.21830065359477124,0.8789473684210526,0.34973821989528797
42,xgboost_smote,0.003527489025145769,0.21858638743455497,0.8789473684210526,0.350104821802935
42,xgboost_smote,0.0035581598058342934,0.21887287024901703,0.8789473684210526,0.3504721930745016
42,xgboost_smote,0.0036018930841237307,0.21916010498687663,0.8789473684210526,0.35084033613445376
42,xgboost_smote,0.0036661827471107244,0.21944809461235218,0.8789473684210526,0.3512092534174553
42,xgboost_smote,0.003675381885841489,0.21973684210526315,0.8789473684210526,0.35157894736842105
42,xgboost_smote,0.003707355121150613,0.22002635046113306,0.8789473684210526,0.3519494204425711
42,xgboost_smote,0.003710417076945305,0.22031662269129287,0.8789473684210526,0.35232067510548526
42,xgboost_smote,0.0037166785914450884,0.22060766182298547,0.8789473684210526,0.35269271383315737
42,xgboost_smote,0.00372507655993104,0.2208994708994709,0.8789473684210526,0.35306553911205074
42,xgboost_smote,0.0037586961407214403,0.22119205298013245,0.8789473684210526,0.35343915343915344
42,xgboost_smote,0.0037661506794393063,0.22148541114058357,0.8789473684210526,0.3538135593220339
42,xgboost_smote,0.003767709480598569,0.22177954847277556,0.8789473684210526,0.35418875927889715
42,xgboost_smote,0.00376908085308969,0.2220744680851064,0.8789473684210526,0.35456475583864117
42,xgboost_smote,0.0038712681271135807,0.22237017310252996,0.8789473684210526,0.35494155154091395
42,xgboost_smote,0.0039031084161251783,0.22266666666666668,0.8789473684210526,0.3553191489361702
42,xgboost_smote,0.003926299978047609,0.22296395193591456,0.8789473684210526,0.35569755058572955
42,xgboost_smote,0.003933779429644346,0.2232620320855615,0.8789473684210526,0.3560767590618337
42,xgboost_smote,0.003935128916054964,0.2222222222222222,0.8736842105263158,0.3543223052294557
42,xgboost_smote,0.003942329436540604,0.2225201072386059,0.8736842105263158,0.3547008547008548
42,xgboost_smote,0.003962529823184013,0.22281879194630871,0.8736842105263158,0.35508021390374334
42,xgboost_smote,0.00396974990144372,0.22311827956989247,0.8736842105263158,0.3554603854389722
42,xgboost_smote,0.003973488695919514,0.2234185733512786,0.8736842105263158,0.3558413719185423
42,xgboost_smote,0.003974511753767729,0.22371967654986524,0.8736842105263158,0.3562231759656653
42,xgboost_smote,0.003976785112172365,0.22402159244264508,0.8736842105263158,0.35660580021482274
42,xgboost_smote,0.003994590137153864,0.22432432432432434,0.8736842105263158,0.356989247311828
42,xgboost_smote,0.0040440731681883335,0.22462787550744248,0.8736842105263158,0.3573735199138859
42,xgboost_smote,0.004065943416208029,0.22493224932249323,0.8736842105263158,0.35775862068965514
42,xgboost_smote,0.004071601200848818,0.22523744911804613,0.8736842105263158,0.3581445523193096
42,xgboost_smote,0.004079299978911877,0.22554347826086957,0.8736842105263158,0.35853131749460043
42,xgboost_smote,0.0040956344455480576,0.22585034013605443,0.8736842105263158,0.35891891891891897
42,xgboost_smote,0.004150660242885351,0.22615803814713897,0.8736842105263158,0.3593073593073593
42,xgboost_smote,0.004166529048234224,0.22510231923601637,0.868421052631579,0.3575297941495124
42,xgboost_smote,0.004181348253041506,0.22540983606557377,0.868421052631579,0.35791757049891537
42,xgboost_smote,0.004193857777863741,0.22571819425444598,0.868421052631579,0.3583061889250815
42,xgboost_smote,0.004218160640448332,0.22602739726027396,0.868421052631579,0.358695652173913
42,xgboost_smote,0.0042292894795536995,0.22633744855967078,0.868421052631579,0.35908596300326445
42,xgboost_smote,0.004244762472808361,0.22664835164835165,0.868421052631579,0.35947712418300654
42,xgboost_smote,0.004251265432685614,0.22696011004126548,0.868421052631579,0.35986913849509267
42,xgboost_smote,0.004311851691454649,0.22727272727272727,0.868421052631579,0.36026200873362446
42,xgboost_smote,0.004358463454991579,0.22758620689655173,0.868421052631579,0.36065573770491804
42,xgboost_smote,0.00435981061309576,0.22790055248618785,0.868421052631579,0.36105032822757105
42,xgboost_smote,0.004422894679009914,0.22821576763485477,0.868421052631579,0.36144578313253006
42,xgboost_smote,0.00442888867110014,0.22714681440443213,0.8631578947368421,0.3596491228070175
42,xgboost_smote,0.0044795130379498005,0.2274618585298197,0.8631578947368421,0.36004390779363343
42,xgboost_smote,0.004509516526013613,0.22777777777777777,0.8631578947368421,0.36043956043956044
42,xgboost_smote,0.004520678427070379,0.22809457579972184,0.8631578947368421,0.36083608360836084
42,xgboost_smote,0.004540409427136183,0.22841225626740946,0.8631578947368421,0.3612334801762114
42,xgboost_smote,0.004545224830508232,0.22873082287308227,0.8631578947368421,0.36163175303197354
42,xgboost_smote,0.004679936449974775,0.22905027932960895,0.8631578947368421,0.3620309050772627
42,xgboost_smote,0.004685076419264078,0.22937062937062938,0.8631578947368421,0.3624309392265193
42,xgboost_smote,0.004728263709694147,0.22969187675070027,0.8631578947368421,0.3628318584070796
42,xgboost_smote,0.004754067398607731,0.2300140252454418,0.8631578947368421,0.3632336655592469
42,xgboost_smote,0.004755748435854912,0.2303370786516854,0.8631578947368421,0.36363636363636365
42,xgboost_smote,0.004780648276209831,0.23066104078762306,0.8631578947368421,0.36403995560488345
42,xgboost_smote,0.004836453124880791,0.23098591549295774,0.8631578947368421,0.3644444444444445
42,xgboost_smote,0.004929398652166128,0.231311706629055,0.8631578947368421,0.3648498331479421
42,xgboost_smote,0.004942731931805611,0.23163841807909605,0.8631578947368421,0.36525612472160357
42,xgboost_smote,0.004957536235451698,0.23196605374823195,0.8631578947368421,0.3656633221850613
42,xgboost_smote,0.004976972471922636,0.23229461756373937,0.8631578947368421,0.3660714285714286
42,xgboost_smote,0.005006277933716774,0.2326241134751773,0.8631578947368421,0.36648044692737436
42,xgboost_smote,0.005035874433815479,0.23295454545454544,0.8631578947368421,0.3668903803131991
42,xgboost_smote,0.005053233355283737,0.2332859174964438,0.8631578947368421,0.3673012318029115
42,xgboost_smote,0.005113435443490744,0.2336182336182336,0.8631578947368421,0.36771300448430494
42,xgboost_smote,0.005159364081919193,0.23252496433666192,0.8578947368421053,0.3658810325476992
42,xgboost_smote,0.005173780024051666,0.23285714285714285,0.8578947368421053,0.3662921348314606
42,xgboost_smote,0.005210339091718197,0.23319027181688126,0.8578947368421053,0.36670416197975253
42,xgboost_smote,0.005269133485853672,0.23209169054441262,0.8526315789473684,0.3648648648648649
42,xgboost_smote,0.005406646057963371,0.23242467718794835,0.8526315789473684,0.3652762119503946
42,xgboost_smote,0.005414359737187624,0.23275862068965517,0.8526315789473684,0.36568848758465006
42,xgboost_smote,0.005444457288831472,0.23309352517985613,0.8526315789473684,0.3661016949152543
42,xgboost_smote,0.0054552811197936535,0.2334293948126801,0.8526315789473684,0.36651583710407243
42,xgboost_smote,0.005501624662429094,0.23376623376623376,0.8526315789473684,0.3669309173272933
42,xgboost_smote,0.005504239350557327,0.23265895953757226,0.8473684210526315,0.36507936507936506
42,xgboost_smote,0.005513105541467667,0.23299565846599132,0.8473684210526315,0.3654937570942111
42,xgboost_smote,0.005544708576053381,0.23333333333333334,0.8473684210526315,0.3659090909090909
42,xgboost_smote,0.005557820200920105,0.23367198838896952,0.8473684210526315,0.36632536973833907
42,xgboost_smote,0.00557314557954669,0.23255813953488372,0.8421052631578947,0.3644646924829157
42,xgboost_smote,0.005632724612951279,0.2314410480349345,0.8368421052631579,0.36259977194982895
42,xgboost_smote,0.005703294649720192,0.23177842565597667,0.8368421052631579,0.363013698630137
42,xgboost_smote,0.005748719908297062,0.2321167883211679,0.8368421052631579,0.3634285714285714
42,xgboost_smote,0.005769049283117056,0.2324561403508772,0.8368421052631579,0.36384439359267734
42,xgboost_smote,0.005795189179480076,0.23133235724743778,0.8315789473684211,0.3619702176403207
42,xgboost_smote,0.005829212721437216,0.2316715542521994,0.8315789473684211,0.3623853211009175
42,xgboost_smote,0.005874729715287685,0.23201174743024963,0.8315789473684211,0.3628013777267509
42,xgboost_smote,0.005888857413083315,0.2323529411764706,0.8315789473684211,0.3632183908045977
42,xgboost_smote,0.0058913929387927055,0.23269513991163476,0.8315789473684211,0.36363636363636365
42,xgboost_smote,0.005961376708000898,0.23303834808259588,0.8315789473684211,0.36405529953917054
42,xgboost_smote,0.006028228439390659,0.23338257016248154,0.8315789473684211,0.3644752018454441
42,xgboost_smote,0.006092769559472799,0.23372781065088757,0.8315789473684211,0.3648960739030023
42,xgboost_smote,0.0062035322189331055,0.23407407407407407,0.8315789473684211,0.36531791907514455
42,xgboost_smote,0.006265708710998297,0.2344213649851632,0.8315789473684211,0.36574074074074076
42,xgboost_smote,0.0063049946911633015,0.23476968796433878,0.8315789473684211,0.36616454229432216
42,xgboost_smote,0.0063586970791220665,0.23511904761904762,0.8315789473684211,0.3665893271461717
42,xgboost_smote,0.006383564788848162,0.23397913561847988,0.8263157894736842,0.36469221835075494
42,xgboost_smote,0.00647007068619132,0.23432835820895523,0.8263157894736842,0.36511627906976746
42,xgboost_smote,0.006516316439956427,0.23467862481315396,0.8263157894736842,0.36554132712456344
42,xgboost_smote,0.006543479394167662,0.23502994011976047,0.8263157894736842,0.36596736596736595
42,xgboost_smote,0.006656149867922068,0.2353823088455772,0.8263157894736842,0.3663943990665111
42,xgboost_smote,0.006695285439491272,0.23573573573573572,0.8263157894736842,0.366822429906542
42,xgboost_smote,0.006715580355376005,0.23609022556390977,0.8263157894736842,0.36725146198830405
42,xgboost_smote,0.006773827131837606,0.23644578313253012,0.8263157894736842,0.36768149882903983
42,xgboost_smote,0.006857646629214287,0.2368024132730015,0.8263157894736842,0.3681125439624854
42,xgboost_smote,0.006888717412948608,0.23716012084592145,0.8263157894736842,0.3685446009389671
42,xgboost_smote,0.006933333817869425,0.23751891074130105,0.8263157894736842,0.3689776733254994
42,xgboost_smote,0.0069703045301139355,0.23787878787878788,0.8263157894736842,0.3694117647058824
42,xgboost_smote,0.006978812161833048,0.23823975720789076,0.8263157894736842,0.36984687868080096
42,xgboost_smote,0.006985489744693041,0.23860182370820668,0.8263157894736842,0.37028301886792453
42,xgboost_smote,0.0069886562414467335,0.2389649923896499,0.8263157894736842,0.3707201889020071
42,xgboost_smote,0.007020655553787947,0.23932926829268292,0.8263157894736842,0.3711583924349881
42,xgboost_smote,0.007056558504700661,0.23969465648854962,0.8263157894736842,0.3715976331360947
42,xgboost_smote,0.0071399216540157795,0.2400611620795107,0.8263157894736842,0.37203791469194314
42,xgboost_smote,0.007192017510533333,0.24042879019908117,0.8263157894736842,0.37247924080664296
42,xgboost_smote,0.007264971267431974,0.24079754601226994,0.8263157894736842,0.37292161520190026
42,xgboost_smote,0.00728424871340394,0.2411674347158218,0.8263157894736842,0.3733650416171225
42,xgboost_smote,0.0073012844659388065,0.24153846153846154,0.8263157894736842,0.37380952380952376
42,xgboost_smote,0.007319098804146051,0.24191063174114022,0.8263157894736842,0.3742550655542312
42,xgboost_smote,0.007337271235883236,0.24228395061728394,0.8263157894736842,0.3747016706443914
42,xgboost_smote,0.007405473850667477,0.2426584234930448,0.8263157894736842,0.3751493428912784
42,xgboost_smote,0.007443745620548725,0.24303405572755418,0.8263157894736842,0.37559808612440193
42,xgboost_smote,0.007517173886299133,0.2434108527131783,0.8263157894736842,0.37604790419161677
42,xgboost_smote,0.007526211440563202,0.24378881987577639,0.8263157894736842,0.3764988009592326
42,xgboost_smote,0.007580999750643969,0.24416796267496113,0.8263157894736842,0.3769507803121248
42,xgboost_smote,0.007587352301925421,0.24299065420560748,0.8210526315789474,0.375
42,xgboost_smote,0.007589011453092098,0.24336973478939158,0.8210526315789474,0.37545126353790614
42,xgboost_smote,0.007643366698175669,0.24375,0.8210526315789474,0.3759036144578313
42,xgboost_smote,0.0077952006831765175,0.24413145539906103,0.8210526315789474,0.376357056694813
42,xgboost_smote,0.007816576398909092,0.2445141065830721,0.8210526315789474,0.3768115942028985
42,xgboost_smote,0.007909199222922325,0.24489795918367346,0.8210526315789474,0.37726723095526
42,xgboost_smote,0.007967201992869377,0.24528301886792453,0.8210526315789474,0.37772397094430993
42,xgboost_smote,0.008060104213654995,0.24566929133858267,0.8210526315789474,0.37818181818181823
42,xgboost_smote,0.00813458301126957,0.24605678233438485,0.8210526315789474,0.3786407766990292
42,xgboost_smote,0.008151952177286148,0.24644549763033174,0.8210526315789474,0.37910085054678005
42,xgboost_smote,0.00818958692252636,0.2468354430379747,0.8210526315789474,0.3795620437956204
42,xgboost_smote,0.008273831568658352,0.24722662440570523,0.8210526315789474,0.3800243605359318
42,xgboost_smote,0.008308200165629387,0.24761904761904763,0.8210526315789474,0.38048780487804884
42,xgboost_smote,0.008487309329211712,0.2480127186009539,0.8210526315789474,0.38095238095238093
42,xgboost_smote,0.008557585999369621,0.2484076433121019,0.8210526315789474,0.38141809290953543
42,xgboost_smote,0.008614974096417427,0.24880382775119617,0.8210526315789474,0.3818849449204406
42,xgboost_smote,0.008653495460748672,0.24920127795527156,0.8210526315789474,0.38235294117647056
42,xgboost_smote,0.008680305443704128,0.2496,0.8210526315789474,0.38282208588957056
42,xgboost_smote,0.00871251244097948,0.25,0.8210526315789474,0.38329238329238335
42,xgboost_smote,0.00873500294983387,0.2504012841091493,0.8210526315789474,0.3837638376383764
42,xgboost_smote,0.008746033534407616,0.2508038585209003,0.8210526315789474,0.3842364532019704
42,xgboost_smote,0.008816054090857506,0.25120772946859904,0.8210526315789474,0.3847102342786683
42,xgboost_smote,0.008871308527886868,0.25161290322580643,0.8210526315789474,0.38518518518518513
42,xgboost_smote,0.00888088159263134,0.2520193861066236,0.8210526315789474,0.3856613102595797
42,xgboost_smote,0.008882762864232063,0.2524271844660194,0.8210526315789474,0.38613861386138615
42,xgboost_smote,0.008935547433793545,0.25283630470016205,0.8210526315789474,0.3866171003717472
42,xgboost_smote,0.00895614828914404,0.25162337662337664,0.8157894736842105,0.38461538461538464
42,xgboost_smote,0.00896952860057354,0.25203252032520324,0.8157894736842105,0.3850931677018633
42,xgboost_smote,0.009033195674419403,0.250814332247557,0.8105263157894737,0.38308457711442784
42,xgboost_smote,0.009065080434083939,0.25122349102773245,0.8105263157894737,0.3835616438356164
42,xgboost_smote,0.00908611062914133,0.25163398692810457,0.8105263157894737,0.38403990024937656
42,xgboost_smote,0.009185015223920345,0.2520458265139116,0.8105263157894737,0.3845193508114856
42,xgboost_smote,0.009305396117269993,0.25245901639344265,0.8105263157894737,0.385
42,xgboost_smote,0.009441781789064407,0.25287356321839083,0.8105263157894737,0.3854818523153943
42,xgboost_smote,0.009463392198085785,0.2532894736842105,0.8105263157894737,0.38596491228070173
42,xgboost_smote,0.009524513967335224,0.25370675453047775,0.8105263157894737,0.3864491844416562
42,xgboost_smote,0.009550970047712326,0.25412541254125415,0.8105263157894737,0.38693467336683424
42,xgboost_smote,0.009572948329150677,0.2545454545454545,0.8105263157894737,0.3874213836477987
42,xgboost_smote,0.009680683724582195,0.25496688741721857,0.8105263157894737,0.3879093198992444
42,xgboost_smote,0.009684844873845577,0.25538971807628524,0.8105263157894737,0.3883984867591425
42,xgboost_smote,0.00977367628365755,0.2558139534883721,0.8105263157894737,0.3888888888888889
42,xgboost_smote,0.009798280894756317,0.2562396006655574,0.8105263157894737,0.3893805309734513
42,xgboost_smote,0.00984853133559227,0.25666666666666665,0.8105263157894737,0.38987341772151896
42,xgboost_smote,0.009894521906971931,0.2570951585976628,0.8105263157894737,0.39036755386565275
42,xgboost_smote,0.009909229353070259,0.25752508361204013,0.8105263157894737,0.39086294416243655
42,xgboost_smote,0.009911821223795414,0.25795644891122277,0.8105263157894737,0.3913595933926302
42,xgboost_smote,0.010005311109125614,0.25838926174496646,0.8105263157894737,0.39185750636132316
42,xgboost_smote,0.010163986124098301,0.25882352941176473,0.8105263157894737,0.39235668789808914
42,xgboost_smote,0.010202879086136818,0.25925925925925924,0.8105263157894737,0.39285714285714285
42,xgboost_smote,0.010244718752801418,0.2596964586846543,0.8105263157894737,0.3933588761174968
42,xgboost_smote,0.010338695719838142,0.26013513513513514,0.8105263157894737,0.3938618925831202
42,xgboost_smote,0.010362306609749794,0.26057529610829105,0.8105263157894737,0.39436619718309857
42,xgboost_smote,0.010429483838379383,0.26101694915254237,0.8105263157894737,0.39487179487179486
42,xgboost_smote,0.010465899482369423,0.2614601018675722,0.8105263157894737,0.3953786906290116
42,xgboost_smote,0.010510612279176712,0.2619047619047619,0.8105263157894737,0.3958868894601542
42,xgboost_smote,0.010568858124315739,0.262350936967632,0.8105263157894737,0.3963963963963964
42,xgboost_smote,0.010574549436569214,0.2627986348122867,0.8105263157894737,0.3969072164948454
42,xgboost_smote,0.010660629719495773,0.26324786324786326,0.8105263157894737,0.39741935483870966
42,xgboost_smote,0.010663244873285294,0.2636986301369863,0.8105263157894737,0.3979328165374677
42,xgboost_smote,0.010670868679881096,0.2624356775300172,0.8052631578947368,0.39586028460543343
42,xgboost_smote,0.010776522569358349,0.26288659793814434,0.8052631578947368,0.3963730569948187
42,xgboost_smote,0.01080371718853712,0.2633390705679862,0.8052631578947368,0.3968871595330739
42,xgboost_smote,0.010885084047913551,0.2637931034482759,0.8052631578947368,0.39740259740259737
42,xgboost_smote,0.010953624732792377,0.26424870466321243,0.8052631578947368,0.39791937581274384
42,xgboost_smote,0.011087991297245026,0.2647058823529412,0.8052631578947368,0.3984375
42,xgboost_smote,0.01116458885371685,0.2651646447140381,0.8052631578947368,0.3989569752281616
42,xgboost_smote,0.011192365549504757,0.265625,0.8052631578947368,0.3994778067885117
42,xgboost_smote,0.011269303038716316,0.26608695652173914,0.8052631578947368,0.4
42,xgboost_smote,0.011503561399877071,0.2665505226480836,0.8052631578947368,0.40052356020942403
42,xgboost_smote,0.011546378023922443,0.2670157068062827,0.8052631578947368,0.40104849279161203
42,xgboost_smote,0.011555823497474194,0.2674825174825175,0.8052631578947368,0.4015748031496063
42,xgboost_smote,0.011592350900173187,0.2679509632224168,0.8052631578947368,0.4021024967148489
42,xgboost_smote,0.011637397110462189,0.26842105263157895,0.8052631578947368,0.4026315789473684
42,xgboost_smote,0.01165300514549017,0.2671353251318102,0.8,0.40052700922266143
42,xgboost_smote,0.011676759459078312,0.2658450704225352,0.7947368421052632,0.3984168865435356
42,xgboost_smote,0.011708476580679417,0.26631393298059963,0.7947368421052632,0.39894319682959045
42,xgboost_smote,0.0117107555270195,0.2667844522968198,0.7947368421052632,0.3994708994708994
42,xgboost_smote,0.01172353234142065,0.26548672566371684,0.7894736842105263,0.3973509933774835
42,xgboost_smote,0.011734354309737682,0.26595744680851063,0.7894736842105263,0.3978779840848806
42,xgboost_smote,0.011813783086836338,0.2664298401420959,0.7894736842105263,0.398406374501992
42,xgboost_smote,0.012026689946651459,0.2669039145907473,0.7894736842105263,0.39893617021276595
42,xgboost_smote,0.012080946937203407,0.26737967914438504,0.7894736842105263,0.3994673768308922
42,xgboost_smote,0.012087908573448658,0.26785714285714285,0.7894736842105263,0.4
42,xgboost_smote,0.012092812918126583,0.26654740608228983,0.7842105263157895,0.3978638184245661
42,xgboost_smote,0.012103117071092129,0.2670250896057348,0.7842105263157895,0.3983957219251338
42,xgboost_smote,0.012226846069097519,0.26750448833034113,0.7842105263157895,0.39892904953145913
42,xgboost_smote,0.012392180040478706,0.26798561151079137,0.7842105263157895,0.3994638069705094
42,xgboost_smote,0.012392996810376644,0.26846846846846845,0.7842105263157895,0.39999999999999997
42,xgboost_smote,0.012396207079291344,0.26895306859205775,0.7842105263157895,0.40053763440860213
42,xgboost_smote,0.012438255362212658,0.2694394213381555,0.7842105263157895,0.4010767160161508
42,xgboost_smote,0.012598768807947636,0.26992753623188404,0.7842105263157895,0.40161725067385445
42,xgboost_smote,0.012606317177414894,0.27041742286751363,0.7842105263157895,0.40215924426450744
42,xgboost_smote,0.012833586893975735,0.27090909090909093,0.7842105263157895,0.4027027027027027
42,xgboost_smote,0.0128367580473423,0.27140255009107467,0.7842105263157895,0.40324763193504737
42,xgboost_smote,0.01299173291772604,0.2718978102189781,0.7842105263157895,0.4037940379403794
42,xgboost_smote,0.013116598129272461,0.27239488117001825,0.7842105263157895,0.40434192672998637
42,xgboost_smote,0.013126149773597717,0.27289377289377287,0.7842105263157895,0.40489130434782605
42,xgboost_smote,0.01312797237187624,0.27155963302752295,0.7789473684210526,0.4027210884353742
42,xgboost_smote,0.013258376158773899,0.27205882352941174,0.7789473684210526,0.4032697547683924
42,xgboost_smote,0.01350988820195198,0.27255985267034993,0.7789473684210526,0.4038199181446112
42,xgboost_smote,0.013717724941670895,0.2730627306273063,0.7789473684210526,0.40437158469945356
42,xgboost_smote,0.0137493209913373,0.27171903881700554,0.7736842105263158,0.40218878248974005
42,xgboost_smote,0.013766155578196049,0.2722222222222222,0.7736842105263158,0.40273972602739727
42,xgboost_smote,0.013777314685285091,0.2727272727272727,0.7736842105263158,0.40329218106995884
42,xgboost_smote,0.013777710497379303,0.2732342007434944,0.7736842105263158,0.4038461538461538
42,xgboost_smote,0.013903601095080376,0.2737430167597765,0.7736842105263158,0.4044016506189821
42,xgboost_smote,0.014064095914363861,0.27238805970149255,0.7684210526315789,0.4022038567493113
42,xgboost_smote,0.014339105226099491,0.27289719626168224,0.7684210526315789,0.4027586206896552
42,xgboost_smote,0.014407651498913765,0.27153558052434457,0.7631578947368421,0.4005524861878453
42,xgboost_smote,0.01446253340691328,0.27204502814258913,0.7631578947368421,0.40110650069156295
42,xgboost_smote,0.01453043706715107,0.2725563909774436,0.7631578947368421,0.4016620498614958
42,xgboost_smote,0.014546573162078857,0.2730696798493409,0.7631578947368421,0.40221914008321774
42,xgboost_smote,0.014566991478204727,0.27358490566037735,0.7631578947368421,0.4027777777777778
42,xgboost_smote,0.014590173028409481,0.2741020793950851,0.7631578947368421,0.4033379694019471
42,xgboost_smote,0.014627136290073395,0.2746212121212121,0.7631578947368421,0.403899721448468
42,xgboost_smote,0.014747467823326588,0.27514231499051234,0.7631578947368421,0.404463040446304
42,xgboost_smote,0.014898097142577171,0.27566539923954375,0.7631578947368421,0.40502793296089384
42,xgboost_smote,0.015129576437175274,0.2761904761904762,0.7631578947368421,0.4055944055944056
42,xgboost_smote,0.015627635642886162,0.2767175572519084,0.7631578947368421,0.40616246498599434
42,xgboost_smote,0.015657804906368256,0.27724665391969405,0.7631578947368421,0.40673211781206164
42,xgboost_smote,0.015684261918067932,0.2777777777777778,0.7631578947368421,0.4073033707865169
42,xgboost_smote,0.015700753778219223,0.2783109404990403,0.7631578947368421,0.4078762306610408
42,xgboost_smote,0.01604444347321987,0.27884615384615385,0.7631578947368421,0.4084507042253521
42,xgboost_smote,0.01608319766819477,0.279383429672447,0.7631578947368421,0.4090267983074753
42,xgboost_smote,0.016098584979772568,0.2799227799227799,0.7631578947368421,0.40960451977401124
42,xgboost_smote,0.016348576173186302,0.2804642166344294,0.7631578947368421,0.41018387553041014
42,xgboost_smote,0.01640164852142334,0.2810077519379845,0.7631578947368421,0.4107648725212465
42,xgboost_smote,0.016482507809996605,0.2815533980582524,0.7631578947368421,0.41134751773049644
42,xgboost_smote,0.016535812988877296,0.2821011673151751,0.7631578947368421,0.4119318181818182
42,xgboost_smote,0.01667628064751625,0.2826510721247563,0.7631578947368421,0.4125177809388336
42,xgboost_smote,0.016692858189344406,0.28125,0.7578947368421053,0.4102564102564102
42,xgboost_smote,0.01672760397195816,0.28180039138943247,0.7578947368421053,0.4108416547788873
42,xgboost_smote,0.016820546239614487,0.2823529411764706,0.7578947368421053,0.4114285714285714
42,xgboost_smote,0.017009099945425987,0.2829076620825147,0.7578947368421053,0.41201716738197425
42,xgboost_smote,0.01710527576506138,0.28346456692913385,0.7578947368421053,0.41260744985673353
42,xgboost_smote,0.017162352800369263,0.28402366863905326,0.7578947368421053,0.4131994261119082
42,xgboost_smote,0.017322849482297897,0.2845849802371542,0.7578947368421053,0.41379310344827586
42,xgboost_smote,0.017578324303030968,0.2851485148514851,0.7578947368421053,0.4143884892086331
42,xgboost_smote,0.017826084047555923,0.2857142857142857,0.7578947368421053,0.414985590778098
42,xgboost_smote,0.01802520826458931,0.28429423459244535,0.7526315789473684,0.41269841269841273
42,xgboost_smote,0.018028102815151215,0.2848605577689243,0.7526315789473684,0.41329479768786126
42,xgboost_smote,0.018061354756355286,0.28542914171656686,0.7526315789473684,0.4138929088277858
42,xgboost_smote,0.018431084230542183,0.286,0.7526315789473684,0.41449275362318844
42,xgboost_smote,0.018541283905506134,0.2845691382765531,0.7473684210526316,0.4121915820029028
42,xgboost_smote,0.01854441687464714,0.285140562248996,0.7473684210526316,0.41279069767441856
42,xgboost_smote,0.018844209611415863,0.2857142857142857,0.7473684210526316,0.413391557496361
42,xgboost_smote,0.019094618037343025,0.2842741935483871,0.7421052631578947,0.41107871720116623
42,xgboost_smote,0.019181497395038605,0.2828282828282828,0.7368421052631579,0.40875912408759124
42,xgboost_smote,0.019497813656926155,0.2834008097165992,0.7368421052631579,0.40935672514619886
42,xgboost_smote,0.019761143252253532,0.2839756592292089,0.7368421052631579,0.4099560761346998
42,xgboost_smote,0.01984086073935032,0.2845528455284553,0.7368421052631579,0.41055718475073316
42,xgboost_smote,0.020302746444940567,0.285132382892057,0.7368421052631579,0.4111600587371512
42,xgboost_smote,0.020657064393162727,0.2857142857142857,0.7368421052631579,0.4117647058823529
42,xgboost_smote,0.02071821130812168,0.28629856850715746,0.7368421052631579,0.4123711340206186
42,xgboost_smote,0.020897919312119484,0.28688524590163933,0.7368421052631579,0.4129793510324483
42,xgboost_smote,0.021002154797315598,0.2874743326488706,0.7368421052631579,0.413589364844904
42,xgboost_smote,0.021176857873797417,0.2880658436213992,0.7368421052631579,0.4142011834319527
42,xgboost_smote,0.02117755077779293,0.28865979381443296,0.7368421052631579,0.41481481481481475
42,xgboost_smote,0.021277090534567833,0.2892561983471074,0.7368421052631579,0.4154302670623145
42,xgboost_smote,0.02179659903049469,0.2898550724637681,0.7368421052631579,0.4160475482912333
42,xgboost_smote,0.021830327808856964,0.29045643153526973,0.7368421052631579,0.41666666666666674
42,xgboost_smote,0.021968048065900803,0.2910602910602911,0.7368421052631579,0.4172876304023846
42,xgboost_smote,0.022417763248085976,0.2916666666666667,0.7368421052631579,0.41791044776119407
42,xgboost_smote,0.022574635222554207,0.29227557411273486,0.7368421052631579,0.41853512705530643
42,xgboost_smote,0.023326950147747993,0.2928870292887029,0.7368421052631579,0.4191616766467065
42,xgboost_smote,0.023436948657035828,0.29350104821802936,0.7368421052631579,0.4197901049475263
42,xgboost_smote,0.02364717423915863,0.29411764705882354,0.7368421052631579,0.42042042042042044
42,xgboost_smote,0.025005267933011055,0.29473684210526313,0.7368421052631579,0.42105263157894735
42,xgboost_smote,0.0250378604978323,0.29535864978902954,0.7368421052631579,0.42168674698795183
42,xgboost_smote,0.025044787675142288,0.2959830866807611,0.7368421052631579,0.4223227752639518
42,xgboost_smote,0.02537042647600174,0.2966101694915254,0.7368421052631579,0.4229607250755287
42,xgboost_smote,0.025442875921726227,0.29723991507430997,0.7368421052631579,0.4236006051437216
42,xgboost_smote,0.0257533211261034,0.2978723404255319,0.7368421052631579,0.4242424242424243
42,xgboost_smote,0.02583274245262146,0.29850746268656714,0.7368421052631579,0.42488619119878596
42,xgboost_smote,0.025886092334985733,0.29914529914529914,0.7368421052631579,0.425531914893617
42,xgboost_smote,0.025894125923514366,0.29978586723768735,0.7368421052631579,0.4261796042617961
42,xgboost_smote,0.025977160781621933,0.30042918454935624,0.7368421052631579,0.4268292682926829
42,xgboost_smote,0.02610906772315502,0.3010752688172043,0.7368421052631579,0.4274809160305343
42,xgboost_smote,0.02720857411623001,0.3017241379310345,0.7368421052631579,0.4281345565749236
42,xgboost_smote,0.027304012328386307,0.3023758099352052,0.7368421052631579,0.4287901990811638
42,xgboost_smote,0.02731010690331459,0.30303030303030304,0.7368421052631579,0.42944785276073616
42,xgboost_smote,0.02764657326042652,0.3036876355748373,0.7368421052631579,0.43010752688172044
42,xgboost_smote,0.027670256793498993,0.30217391304347824,0.7315789473684211,0.4276923076923077
42,xgboost_smote,0.027814926579594612,0.3028322440087146,0.7315789473684211,0.42835130970724195
42,xgboost_smote,0.027850333601236343,0.3034934497816594,0.7315789473684211,0.42901234567901236
42,xgboost_smote,0.02807781472802162,0.3041575492341357,0.7315789473684211,0.42967542503863987
42,xgboost_smote,0.0287852194160223,0.3026315789473684,0.7263157894736842,0.42724458204334365
42,xgboost_smote,0.02894645929336548,0.3010989010989011,0.7210526315789474,0.42480620155038756
42,xgboost_smote,0.029120326042175293,0.30176211453744495,0.7210526315789474,0.42546583850931674
42,xgboost_smote,0.02936253324151039,0.30242825607064017,0.7210526315789474,0.4261275272161742
42,xgboost_smote,0.02947959117591381,0.3030973451327434,0.7210526315789474,0.42679127725856697
42,xgboost_smote,0.029546787962317467,0.30376940133037694,0.7210526315789474,0.4274570982839314
42,xgboost_smote,0.029828688129782677,0.30444444444444446,0.7210526315789474,0.42812500000000003
42,xgboost_smote,0.029992442578077316,0.3051224944320713,0.7210526315789474,0.4287949921752739
42,xgboost_smote,0.030163252726197243,0.30580357142857145,0.7210526315789474,0.4294670846394985
42,xgboost_smote,0.03040260076522827,0.30648769574944074,0.7210526315789474,0.43014128728414447
42,xgboost_smote,0.030735153704881668,0.3071748878923767,0.7210526315789474,0.4308176100628931
42,xgboost_smote,0.030827229842543602,0.30786516853932583,0.7210526315789474,0.43149606299212595
42,xgboost_smote,0.03083181567490101,0.30855855855855857,0.7210526315789474,0.43217665615141954
42,xgboost_smote,0.030959391966462135,0.309255079006772,0.7210526315789474,0.4328593996840442
42,xgboost_smote,0.031048906967043877,0.30995475113122173,0.7210526315789474,0.43354430379746833
42,xgboost_smote,0.03112686052918434,0.31065759637188206,0.7210526315789474,0.43423137876386686
42,xgboost_smote,0.03117486648261547,0.31136363636363634,0.7210526315789474,0.4349206349206349
42,xgboost_smote,0.031661681830883026,0.3120728929384966,0.7210526315789474,0.43561208267090623
42,xgboost_smote,0.031994111835956573,0.3127853881278539,0.7210526315789474,0.43630573248407645
42,xgboost_smote,0.03259472921490669,0.3135011441647597,0.7210526315789474,0.4370015948963317
42,xgboost_smote,0.03274530917406082,0.31422018348623854,0.7210526315789474,0.4376996805111821
42,xgboost_smote,0.03287326171994209,0.31494252873563217,0.7210526315789474,0.43839999999999996
42,xgboost_smote,0.03289914131164551,0.315668202764977,0.7210526315789474,0.4391025641025641
42,xgboost_smote,0.03311639651656151,0.3163972286374134,0.7210526315789474,0.4398073836276083
42,xgboost_smote,0.033199064433574677,0.31712962962962965,0.7210526315789474,0.44051446945337625
42,xgboost_smote,0.03332245349884033,0.31554524361948955,0.7157894736842105,0.4380032206119162
42,xgboost_smote,0.03357889503240585,0.31627906976744186,0.7157894736842105,0.43870967741935485
42,xgboost_smote,0.033639583736658096,0.317016317016317,0.7157894736842105,0.4394184168012924
42,xgboost_smote,0.034229833632707596,0.3177570093457944,0.7157894736842105,0.4401294498381877
42,xgboost_smote,0.03466888144612312,0.3185011709601874,0.7157894736842105,0.4408427876823339
42,xgboost_smote,0.035029806196689606,0.3192488262910798,0.7157894736842105,0.4415584415584416
42,xgboost_smote,0.03509574010968208,0.32,0.7157894736842105,0.44227642276422763
42,xgboost_smote,0.035255856812000275,0.32075471698113206,0.7157894736842105,0.4429967426710098
42,xgboost_smote,0.03560324013233185,0.3215130023640662,0.7157894736842105,0.4437194127243067
42,xgboost_smote,0.03570910170674324,0.3222748815165877,0.7157894736842105,0.4444444444444445
42,xgboost_smote,0.03614933043718338,0.32304038004750596,0.7157894736842105,0.44517184942716864
42,xgboost_smote,0.03615414723753929,0.3238095238095238,0.7157894736842105,0.4459016393442623
42,xgboost_smote,0.036189015954732895,0.324582338902148,0.7157894736842105,0.4466338259441708
42,xgboost_smote,0.03626219928264618,0.3253588516746411,0.7157894736842105,0.4473684210526316
42,xgboost_smote,0.03675403073430061,0.3261390887290168,0.7157894736842105,0.4481054365733114
42,xgboost_smote,0.03708820417523384,0.3269230769230769,0.7157894736842105,0.4488448844884489
42,xgboost_smote,0.0374194011092186,0.327710843373494,0.7157894736842105,0.4495867768595042
42,xgboost_smote,0.03803097456693649,0.3285024154589372,0.7157894736842105,0.45033112582781454
42,xgboost_smote,0.03823326528072357,0.32929782082324455,0.7157894736842105,0.4510779436152571
42,xgboost_smote,0.0384553037583828,0.3300970873786408,0.7157894736842105,0.45182724252491696
42,xgboost_smote,0.038463424891233444,0.3309002433090024,0.7157894736842105,0.45257903494176366
42,xgboost_smote,0.03866119682788849,0.33170731707317075,0.7157894736842105,0.4533333333333333
42,xgboost_smote,0.038809798657894135,0.33251833740831294,0.7157894736842105,0.4540901502504174
42,xgboost_smote,0.03898446634411812,0.33088235294117646,0.7105263157894737,0.45150501672240806
42,xgboost_smote,0.0390191376209259,0.3316953316953317,0.7105263157894737,0.45226130653266333
42,xgboost_smote,0.039073698222637177,0.33251231527093594,0.7105263157894737,0.4530201342281879
42,xgboost_smote,0.03928343579173088,0.3333333333333333,0.7105263157894737,0.453781512605042
42,xgboost_smote,0.039754174649715424,0.3341584158415842,0.7105263157894737,0.45454545454545453
42,xgboost_smote,0.03993179276585579,0.3349875930521092,0.7105263157894737,0.45531197301854975
42,xgboost_smote,0.039937589317560196,0.3358208955223881,0.7105263157894737,0.45608108108108114
42,xgboost_smote,0.04019998759031296,0.33665835411471323,0.7105263157894737,0.4568527918781726
42,xgboost_smote,0.040689509361982346,0.3375,0.7105263157894737,0.45762711864406774
42,xgboost_smote,0.041206736117601395,0.3383458646616541,0.7105263157894737,0.45840407470288624
42,xgboost_smote,0.04134506732225418,0.3391959798994975,0.7105263157894737,0.45918367346938777
42,xgboost_smote,0.04261447861790657,0.34005037783375314,0.7105263157894737,0.45996592844974443
42,xgboost_smote,0.04261847585439682,0.3409090909090909,0.7105263157894737,0.4607508532423208
42,xgboost_smote,0.04310684651136398,0.34177215189873417,0.7105263157894737,0.4615384615384615
42,xgboost_smote,0.043628036975860596,0.3426395939086294,0.7105263157894737,0.4623287671232877
42,xgboost_smote,0.04389578104019165,0.3435114503816794,0.7105263157894737,0.4631217838765009
42,xgboost_smote,0.04390191659331322,0.34438775510204084,0.7105263157894737,0.4639175257731959
42,xgboost_smote,0.04439395293593407,0.3452685421994885,0.7105263157894737,0.46471600688468157
42,xgboost_smote,0.044462528079748154,0.34615384615384615,0.7105263157894737,0.4655172413793104
42,xgboost_smote,0.04489985480904579,0.3444730077120823,0.7052631578947368,0.46286701208981
42,xgboost_smote,0.04491758719086647,0.34536082474226804,0.7052631578947368,0.4636678200692041
42,xgboost_smote,0.044977348297834396,0.3462532299741602,0.7052631578947368,0.464471403812825
42,xgboost_smote,0.045632801949977875,0.3471502590673575,0.7052631578947368,0.46527777777777785
42,xgboost_smote,0.04570823162794113,0.34805194805194806,0.7052631578947368,0.4660869565217392
42,xgboost_smote,0.046128883957862854,0.3489583333333333,0.7052631578947368,0.46689895470383275
42,xgboost_smote,0.04758264124393463,0.34986945169712796,0.7052631578947368,0.46771378708551486
42,xgboost_smote,0.048161640763282776,0.3507853403141361,0.7052631578947368,0.4685314685314685
42,xgboost_smote,0.04826963320374489,0.35170603674540685,0.7052631578947368,0.46935201401050797
42,xgboost_smote,0.0486411415040493,0.35,0.7,0.4666666666666667
42,xgboost_smote,0.048972487449645996,0.35092348284960423,0.7,0.46748681898066785
42,xgboost_smote,0.04900823533535004,0.35185185185185186,0.7,0.46830985915492956
42,xgboost_smote,0.04967517405748367,0.35278514588859416,0.7,0.4691358024691357
42,xgboost_smote,0.05006518214941025,0.3537234042553192,0.7,0.469964664310954
42,xgboost_smote,0.05111704021692276,0.3546666666666667,0.7,0.47079646017699117
42,xgboost_smote,0.05114616081118584,0.35561497326203206,0.7,0.47163120567375877
42,xgboost_smote,0.05280790105462074,0.35656836461126007,0.7,0.4724689165186501
42,xgboost_smote,0.053055282682180405,0.3548387096774194,0.6947368421052632,0.46975088967971534
42,xgboost_smote,0.053125374019145966,0.3557951482479784,0.6947368421052632,0.4705882352941177
42,xgboost_smote,0.05312861502170563,0.3567567567567568,0.6947368421052632,0.4714285714285714
42,xgboost_smote,0.0549057237803936,0.35772357723577236,0.6947368421052632,0.47227191413237923
42,xgboost_smote,0.05495348572731018,0.358695652173913,0.6947368421052632,0.4731182795698925
42,xgboost_smote,0.055331286042928696,0.35967302452316074,0.6947368421052632,0.47396768402154404
42,xgboost_smote,0.05575080215930939,0.36065573770491804,0.6947368421052632,0.47482014388489213
42,xgboost_smote,0.05598418042063713,0.36164383561643837,0.6947368421052632,0.4756756756756757
42,xgboost_smote,0.05632024630904198,0.3626373626373626,0.6947368421052632,0.47653429602888087
42,xgboost_smote,0.056751929223537445,0.36363636363636365,0.6947368421052632,0.47739602169981915
42,xgboost_smote,0.05697276070713997,0.36187845303867405,0.6894736842105263,0.47463768115942023
42,xgboost_smote,0.05701417475938797,0.3628808864265928,0.6894736842105263,0.47549909255898365
42,xgboost_smote,0.057542771100997925,0.3638888888888889,0.6894736842105263,0.4763636363636363
42,xgboost_smote,0.058431144803762436,0.3649025069637883,0.6894736842105263,0.47723132969034615
42,xgboost_smote,0.058971963822841644,0.36312849162011174,0.6842105263157895,0.4744525547445255
42,xgboost_smote,0.058972641825675964,0.3641456582633053,0.6842105263157895,0.47531992687385743
42,xgboost_smote,0.059616390615701675,0.36235955056179775,0.6789473684210526,0.4725274725274725
42,xgboost_smote,0.05983186140656471,0.36338028169014086,0.6789473684210526,0.473394495412844
42,xgboost_smote,0.05988595634698868,0.3644067796610169,0.6789473684210526,0.4742647058823529
42,xgboost_smote,0.060192253440618515,0.3654390934844193,0.6789473684210526,0.47513812154696133
42,xgboost_smote,0.06076439097523689,0.3664772727272727,0.6789473684210526,0.4760147601476015
42,xgboost_smote,0.06162851303815842,0.36752136752136755,0.6789473684210526,0.47689463955637706
42,xgboost_smote,0.062129803001880646,0.36857142857142855,0.6789473684210526,0.4777777777777778
42,xgboost_smote,0.062476687133312225,0.36962750716332377,0.6789473684210526,0.4786641929499072
42,xgboost_smote,0.06271573156118393,0.3706896551724138,0.6789473684210526,0.47955390334572495
42,xgboost_smote,0.0627606213092804,0.37175792507204614,0.6789473684210526,0.4804469273743017
42,xgboost_smote,0.06407609581947327,0.3699421965317919,0.6736842105263158,0.47761194029850745
42,xgboost_smote,0.06463044136762619,0.3710144927536232,0.6736842105263158,0.4785046728971962
42,xgboost_smote,0.06474147737026215,0.37209302325581395,0.6736842105263158,0.4794007490636704
42,xgboost_smote,0.06805815547704697,0.37317784256559766,0.6736842105263158,0.48030018761726073
42,xgboost_smote,0.06835455447435379,0.3742690058479532,0.6736842105263158,0.4812030075187971
42,xgboost_smote,0.06930623203516006,0.375366568914956,0.6736842105263158,0.4821092278719397
42,xgboost_smote,0.07008717954158783,0.3764705882352941,0.6736842105263158,0.48301886792452836
42,xgboost_smote,0.0704861432313919,0.3775811209439528,0.6736842105263158,0.48393194706994336
42,xgboost_smote,0.07097048312425613,0.378698224852071,0.6736842105263158,0.4848484848484848
42,xgboost_smote,0.07104343920946121,0.3798219584569733,0.6736842105263158,0.48576850094876656
42,xgboost_smote,0.07141721993684769,0.37797619047619047,0.6684210526315789,0.48288973384030426
42,xgboost_smote,0.07184069603681564,0.3761194029850746,0.6631578947368421,0.48000000000000004
42,xgboost_smote,0.07282525300979614,0.3772455089820359,0.6631578947368421,0.4809160305343512
42,xgboost_smote,0.0728873461484909,0.3783783783783784,0.6631578947368421,0.4818355640535373
42,xgboost_smote,0.0729181095957756,0.3795180722891566,0.6631578947368421,0.4827586206896552
42,xgboost_smote,0.0730995461344719,0.3806646525679758,0.6631578947368421,0.4836852207293666
42,xgboost_smote,0.07331172376871109,0.38181818181818183,0.6631578947368421,0.4846153846153847
42,xgboost_smote,0.07339685410261154,0.3829787234042553,0.6631578947368421,0.48554913294797686
42,xgboost_smote,0.07443571090698242,0.38414634146341464,0.6631578947368421,0.48648648648648646
42,xgboost_smote,0.07466717064380646,0.3853211009174312,0.6631578947368421,0.4874274661508704
42,xgboost_smote,0.07529683411121368,0.3834355828220859,0.6578947368421053,0.4844961240310078
42,xgboost_smote,0.0754123255610466,0.38461538461538464,0.6578947368421053,0.4854368932038836
42,xgboost_smote,0.07541709393262863,0.38580246913580246,0.6578947368421053,0.4863813229571985
42,xgboost_smote,0.07710891216993332,0.38699690402476783,0.6578947368421053,0.4873294346978557
42,xgboost_smote,0.07810171693563461,0.38819875776397517,0.6578947368421053,0.48828124999999994
42,xgboost_smote,0.07825320959091187,0.3862928348909657,0.6526315789473685,0.48532289628180036
42,xgboost_smote,0.07836642116308212,0.3875,0.6526315789473685,0.4862745098039216
42,xgboost_smote,0.07843012362718582,0.38557993730407525,0.6473684210526316,0.48330058939096276
42,xgboost_smote,0.07906626909971237,0.3836477987421384,0.6421052631578947,0.4803149606299213
42,xgboost_smote,0.0791284441947937,0.38485804416403785,0.6421052631578947,0.4812623274161736
42,xgboost_smote,0.0793960690498352,0.3860759493670886,0.6421052631578947,0.48221343873517786
42,xgboost_smote,0.08175873011350632,0.3873015873015873,0.6421052631578947,0.4831683168316832
42,xgboost_smote,0.08299082517623901,0.3853503184713376,0.6368421052631579,0.4801587301587302
42,xgboost_smote,0.08322028070688248,0.3865814696485623,0.6368421052631579,0.48111332007952284
42,xgboost_smote,0.08331586420536041,0.38782051282051283,0.6368421052631579,0.4820717131474104
42,xgboost_smote,0.08349099010229111,0.3890675241157556,0.6368421052631579,0.4830339321357286
42,xgboost_smote,0.08351388573646545,0.3870967741935484,0.631578947368421,0.48000000000000004
42,xgboost_smote,0.08363939076662064,0.3883495145631068,0.631578947368421,0.48096192384769537
42,xgboost_smote,0.08364196866750717,0.38961038961038963,0.631578947368421,0.48192771084337344
42,xgboost_smote,0.08365324139595032,0.39087947882736157,0.631578947368421,0.482897384305835
42,xgboost_smote,0.08396607637405396,0.39215686274509803,0.631578947368421,0.4838709677419355
42,xgboost_smote,0.08429417014122009,0.39344262295081966,0.631578947368421,0.48484848484848486
42,xgboost_smote,0.08463654667139053,0.39144736842105265,0.6263157894736842,0.4817813765182186
42,xgboost_smote,0.0858498066663742,0.3927392739273927,0.6263157894736842,0.48275862068965514
42,xgboost_smote,0.08714974671602249,0.39403973509933776,0.6263157894736842,0.48373983739837406
42,xgboost_smote,0.08724386990070343,0.3953488372093023,0.6263157894736842,0.48472505091649687
42,xgboost_smote,0.08762648701667786,0.3933333333333333,0.6210526315789474,0.48163265306122455
42,xgboost_smote,0.08842060714960098,0.39464882943143814,0.6210526315789474,0.48261758691206547
42,xgboost_smote,0.08935770392417908,0.3959731543624161,0.6210526315789474,0.4836065573770493
42,xgboost_smote,0.08986208587884903,0.39730639730639733,0.6210526315789474,0.48459958932238195
42,xgboost_smote,0.08993761241436005,0.39864864864864863,0.6210526315789474,0.48559670781893005
42,xgboost_smote,0.0910736694931984,0.4,0.6210526315789474,0.48659793814432994
42,xgboost_smote,0.09284571558237076,0.4013605442176871,0.6210526315789474,0.487603305785124
42,xgboost_smote,0.09404227137565613,0.40273037542662116,0.6210526315789474,0.48861283643892345
42,xgboost_smote,0.0945453867316246,0.4041095890410959,0.6210526315789474,0.4896265560165976
42,xgboost_smote,0.095511294901371,0.4054982817869416,0.6210526315789474,0.49064449064449067
42,xgboost_smote,0.09731841087341309,0.4068965517241379,0.6210526315789474,0.49166666666666664
42,xgboost_smote,0.09858379513025284,0.40484429065743943,0.6157894736842106,0.48851774530271397
42,xgboost_smote,0.09996399283409119,0.40625,0.6157894736842106,0.4895397489539749
42,xgboost_smote,0.10343333333730698,0.4076655052264808,0.6157894736842106,0.49056603773584906
42,xgboost_smote,0.10378298908472061,0.4090909090909091,0.6157894736842106,0.4915966386554622
42,xgboost_smote,0.10414515435695648,0.4105263157894737,0.6157894736842106,0.4926315789473684
42,xgboost_smote,0.10552117973566055,0.4119718309859155,0.6157894736842106,0.49367088607594944
42,xgboost_smote,0.10633751004934311,0.4134275618374558,0.6157894736842106,0.4947145877378436
42,xgboost_smote,0.10807085782289505,0.4148936170212766,0.6157894736842106,0.49576271186440674
42,xgboost_smote,0.108698271214962,0.41637010676156583,0.6157894736842106,0.4968152866242039
42,xgboost_smote,0.1097034439444542,0.41785714285714287,0.6157894736842106,0.49787234042553197
42,xgboost_smote,0.11018551141023636,0.4157706093189964,0.6105263157894737,0.4946695095948827
42,xgboost_smote,0.1127796396613121,0.4172661870503597,0.6105263157894737,0.49572649572649574
42,xgboost_smote,0.11346137523651123,0.4187725631768953,0.6105263157894737,0.49678800856531047
42,xgboost_smote,0.11354081332683563,0.42028985507246375,0.6105263157894737,0.49785407725321884
42,xgboost_smote,0.1136588528752327,0.4218181818181818,0.6105263157894737,0.4989247311827957
42,xgboost_smote,0.11400967836380005,0.4233576642335766,0.6105263157894737,0.5
42,xgboost_smote,0.11743029952049255,0.4249084249084249,0.6105263157894737,0.5010799136069115
42,xgboost_smote,0.11754408478736877,0.4264705882352941,0.6105263157894737,0.5021645021645021
42,xgboost_smote,0.12130576372146606,0.42435424354243545,0.6052631578947368,0.49891540130151846
42,xgboost_smote,0.12151026725769043,0.42592592592592593,0.6052631578947368,0.5
42,xgboost_smote,0.12160374969244003,0.4275092936802974,0.6052631578947368,0.5010893246187363
42,xgboost_smote,0.12456204742193222,0.4291044776119403,0.6052631578947368,0.5021834061135372
42,xgboost_smote,0.1260198950767517,0.42696629213483145,0.6,0.49890590809628005
42,xgboost_smote,0.12858706712722778,0.42857142857142855,0.6,0.5
42,xgboost_smote,0.12902197241783142,0.42641509433962266,0.5947368421052631,0.49670329670329666
42,xgboost_smote,0.13021375238895416,0.42803030303030304,0.5947368421052631,0.4977973568281938
42,xgboost_smote,0.1308971494436264,0.4296577946768061,0.5947368421052631,0.49889624724061804
42,xgboost_smote,0.13122574985027313,0.4312977099236641,0.5947368421052631,0.5
42,xgboost_smote,0.1324532926082611,0.4329501915708812,0.5947368421052631,0.5011086474501109
42,xgboost_smote,0.1325329840183258,0.4346153846153846,0.5947368421052631,0.5022222222222222
42,xgboost_smote,0.13258257508277893,0.4362934362934363,0.5947368421052631,0.5033407572383073
42,xgboost_smote,0.13288189470767975,0.437984496124031,0.5947368421052631,0.5044642857142857
42,xgboost_smote,0.1350671350955963,0.4396887159533074,0.5947368421052631,0.5055928411633108
42,xgboost_smote,0.13564424216747284,0.44140625,0.5947368421052631,0.5067264573991032
42,xgboost_smote,0.1358751803636551,0.44313725490196076,0.5947368421052631,0.5078651685393257
42,xgboost_smote,0.1382756233215332,0.4448818897637795,0.5947368421052631,0.509009009009009
42,xgboost_smote,0.13857252895832062,0.44664031620553357,0.5947368421052631,0.510158013544018
42,xgboost_smote,0.14070582389831543,0.4444444444444444,0.5894736842105263,0.5067873303167421
42,xgboost_smote,0.14279255270957947,0.44223107569721115,0.5842105263157895,0.5034013605442177
42,xgboost_smote,0.14284944534301758,0.444,0.5842105263157895,0.5045454545454546
42,xgboost_smote,0.14389590919017792,0.4457831325301205,0.5842105263157895,0.5056947608200455
42,xgboost_smote,0.14831916987895966,0.4475806451612903,0.5842105263157895,0.5068493150684932
42,xgboost_smote,0.1490253061056137,0.4493927125506073,0.5842105263157895,0.5080091533180779
42,xgboost_smote,0.15009605884552002,0.45121951219512196,0.5842105263157895,0.5091743119266056
42,xgboost_smote,0.15218496322631836,0.4489795918367347,0.5789473684210527,0.5057471264367815
42,xgboost_smote,0.1532956212759018,0.45081967213114754,0.5789473684210527,0.5069124423963134
42,xgboost_smote,0.15502530336380005,0.45267489711934156,0.5789473684210527,0.5080831408775982
42,xgboost_smote,0.15590855479240417,0.45041322314049587,0.5736842105263158,0.5046296296296297
42,xgboost_smote,0.15855063498020172,0.45228215767634855,0.5736842105263158,0.505800464037123
42,xgboost_smote,0.16033583879470825,0.45,0.5684210526315789,0.5023255813953489
42,xgboost_smote,0.1616794764995575,0.4476987447698745,0.5631578947368421,0.4988344988344989
42,xgboost_smote,0.16635288298130035,0.4495798319327731,0.5631578947368421,0.5
42,xgboost_smote,0.1694798618555069,0.45147679324894513,0.5631578947368421,0.5011709601873536
42,xgboost_smote,0.17000475525856018,0.4533898305084746,0.5631578947368421,0.5023474178403755
42,xgboost_smote,0.17311692237854004,0.451063829787234,0.5578947368421052,0.49882352941176467
42,xgboost_smote,0.1737171858549118,0.452991452991453,0.5578947368421052,0.5
42,xgboost_smote,0.17426064610481262,0.45064377682403434,0.5526315789473685,0.4964539007092198
42,xgboost_smote,0.17518250644207,0.4482758620689655,0.5473684210526316,0.49289099526066354
42,xgboost_smote,0.17578986287117004,0.45021645021645024,0.5473684210526316,0.494061757719715
42,xgboost_smote,0.17934992909431458,0.45217391304347826,0.5473684210526316,0.4952380952380953
42,xgboost_smote,0.18000578880310059,0.45414847161572053,0.5473684210526316,0.4964200477326969
42,xgboost_smote,0.18004940450191498,0.45614035087719296,0.5473684210526316,0.49760765550239233
42,xgboost_smote,0.1817716658115387,0.4581497797356828,0.5473684210526316,0.49880095923261397
42,xgboost_smote,0.18381048738956451,0.46017699115044247,0.5473684210526316,0.5
42,xgboost_smote,0.1853928118944168,0.4577777777777778,0.5421052631578948,0.49638554216867475
42,xgboost_smote,0.18610478937625885,0.45982142857142855,0.5421052631578948,0.497584541062802
42,xgboost_smote,0.18643218278884888,0.4618834080717489,0.5421052631578948,0.4987893462469734
42,xgboost_smote,0.18690438568592072,0.46396396396396394,0.5421052631578948,0.5
42,xgboost_smote,0.1960688680410385,0.46153846153846156,0.5368421052631579,0.49635036496350365
42,xgboost_smote,0.20129308104515076,0.4636363636363636,0.5368421052631579,0.49756097560975604
42,xgboost_smote,0.20192544162273407,0.4657534246575342,0.5368421052631579,0.4987775061124694
42,xgboost_smote,0.20245568454265594,0.463302752293578,0.531578947368421,0.49509803921568624
42,xgboost_smote,0.20343828201293945,0.46543778801843316,0.531578947368421,0.4963144963144963
42,xgboost_smote,0.20683498680591583,0.4675925925925926,0.531578947368421,0.49753694581280783
42,xgboost_smote,0.2069290280342102,0.4697674418604651,0.531578947368421,0.49876543209876545
42,xgboost_smote,0.2079744189977646,0.4719626168224299,0.531578947368421,0.5
42,xgboost_smote,0.20842598378658295,0.4694835680751174,0.5263157894736842,0.49627791563275436
42,xgboost_smote,0.20843543112277985,0.4669811320754717,0.5210526315789473,0.49253731343283585
42,xgboost_smote,0.20999449491500854,0.46919431279620855,0.5210526315789473,0.4937655860349128
42,xgboost_smote,0.21125365793704987,0.4666666666666667,0.5157894736842106,0.49000000000000005
42,xgboost_smote,0.21178117394447327,0.4688995215311005,0.5157894736842106,0.4912280701754386
42,xgboost_smote,0.21353934705257416,0.47115384615384615,0.5157894736842106,0.49246231155778897
42,xgboost_smote,0.21551907062530518,0.46859903381642515,0.5105263157894737,0.48866498740554154
42,xgboost_smote,0.215865820646286,0.470873786407767,0.5105263157894737,0.4898989898989899
42,xgboost_smote,0.2177705317735672,0.4682926829268293,0.5052631578947369,0.48607594936708864
42,xgboost_smote,0.22222697734832764,0.47058823529411764,0.5052631578947369,0.4873096446700508
42,xgboost_smote,0.22235722839832306,0.4729064039408867,0.5052631578947369,0.48854961832061067
42,xgboost_smote,0.2224794179201126,0.4752475247524752,0.5052631578947369,0.4897959183673469
42,xgboost_smote,0.22259007394313812,0.47761194029850745,0.5052631578947369,0.4910485933503836
42,xgboost_smote,0.22540147602558136,0.48,0.5052631578947369,0.4923076923076923
42,xgboost_smote,0.22691479325294495,0.4824120603015075,0.5052631578947369,0.493573264781491
42,xgboost_smote,0.23073039948940277,0.4797979797979798,0.5,0.4896907216494845
42,xgboost_smote,0.2325543612241745,0.48223350253807107,0.5,0.4909560723514212
42,xgboost_smote,0.232879638671875,0.47959183673469385,0.49473684210526314,0.48704663212435234
42,xgboost_smote,0.2373267412185669,0.48205128205128206,0.49473684210526314,0.48831168831168825
42,xgboost_smote,0.23791249096393585,0.4845360824742268,0.49473684210526314,0.4895833333333333
42,xgboost_smote,0.24379679560661316,0.48186528497409326,0.48947368421052634,0.48563968668407315
42,xgboost_smote,0.25048351287841797,0.484375,0.48947368421052634,0.4869109947643979
42,xgboost_smote,0.25051337480545044,0.4869109947643979,0.48947368421052634,0.4881889763779528
42,xgboost_smote,0.2527276575565338,0.48947368421052634,0.48947368421052634,0.48947368421052634
42,xgboost_smote,0.2530989944934845,0.48677248677248675,0.4842105263157895,0.4854881266490766
42,xgboost_smote,0.25553277134895325,0.48936170212765956,0.4842105263157895,0.48677248677248675
42,xgboost_smote,0.25871938467025757,0.4919786096256685,0.4842105263157895,0.4880636604774536
42,xgboost_smote,0.259342759847641,0.489247311827957,0.4789473684210526,0.4840425531914894
42,xgboost_smote,0.26017987728118896,0.4918918918918919,0.4789473684210526,0.48533333333333334
42,xgboost_smote,0.262529581785202,0.4891304347826087,0.47368421052631576,0.4812834224598931
42,xgboost_smote,0.26863858103752136,0.4918032786885246,0.47368421052631576,0.4825737265415549
42,xgboost_smote,0.27098697423934937,0.4945054945054945,0.47368421052631576,0.4838709677419355
42,xgboost_smote,0.2755964696407318,0.4972375690607735,0.47368421052631576,0.48517520215633425
42,xgboost_smote,0.27632343769073486,0.5,0.47368421052631576,0.4864864864864865
42,xgboost_smote,0.29294952750205994,0.5027932960893855,0.47368421052631576,0.4878048780487805
42,xgboost_smote,0.29565778374671936,0.5,0.46842105263157896,0.483695652173913
42,xgboost_smote,0.2985088527202606,0.5028248587570622,0.46842105263157896,0.4850136239782017
42,xgboost_smote,0.2989944517612457,0.5,0.4631578947368421,0.4808743169398907
42,xgboost_smote,0.30031618475914,0.5028571428571429,0.4631578947368421,0.4821917808219178
42,xgboost_smote,0.30092209577560425,0.5057471264367817,0.4631578947368421,0.4835164835164835
42,xgboost_smote,0.30272871255874634,0.5086705202312138,0.4631578947368421,0.4848484848484848
42,xgboost_smote,0.30858245491981506,0.5116279069767442,0.4631578947368421,0.4861878453038674
42,xgboost_smote,0.3151572644710541,0.5146198830409356,0.4631578947368421,0.48753462603878117
42,xgboost_smote,0.31921476125717163,0.5176470588235295,0.4631578947368421,0.48888888888888893
42,xgboost_smote,0.3196522295475006,0.5207100591715976,0.4631578947368421,0.4902506963788301
42,xgboost_smote,0.32136812806129456,0.5238095238095238,0.4631578947368421,0.49162011173184356
42,xgboost_smote,0.33334794640541077,0.5209580838323353,0.45789473684210524,0.48739495798319327
42,xgboost_smote,0.34117740392684937,0.5180722891566265,0.45263157894736844,0.4831460674157303
42,xgboost_smote,0.3427148461341858,0.5212121212121212,0.45263157894736844,0.48450704225352115
42,xgboost_smote,0.34648069739341736,0.5182926829268293,0.4473684210526316,0.48022598870056493
42,xgboost_smote,0.34864360094070435,0.5214723926380368,0.4473684210526316,0.48158640226628896
42,xgboost_smote,0.35377824306488037,0.5246913580246914,0.4473684210526316,0.48295454545454547
42,xgboost_smote,0.35615038871765137,0.5279503105590062,0.4473684210526316,0.4843304843304843
42,xgboost_smote,0.35716283321380615,0.53125,0.4473684210526316,0.4857142857142857
42,xgboost_smote,0.3589882552623749,0.5283018867924528,0.4421052631578947,0.48137535816618915
42,xgboost_smote,0.36177319288253784,0.5316455696202531,0.4421052631578947,0.48275862068965514
42,xgboost_smote,0.36278533935546875,0.535031847133758,0.4421052631578947,0.484149855907781
42,xgboost_smote,0.37226513028144836,0.5384615384615384,0.4421052631578947,0.4855491329479769
42,xgboost_smote,0.3735474944114685,0.5419354838709678,0.4421052631578947,0.48695652173913045
42,xgboost_smote,0.37720799446105957,0.5454545454545454,0.4421052631578947,0.48837209302325574
42,xgboost_smote,0.38156858086586,0.5490196078431373,0.4421052631578947,0.4897959183673469
42,xgboost_smote,0.3870545029640198,0.5460526315789473,0.4368421052631579,0.48538011695906436
42,xgboost_smote,0.3990021347999573,0.5496688741721855,0.4368421052631579,0.48680351906158364
42,xgboost_smote,0.3993566632270813,0.5533333333333333,0.4368421052631579,0.4882352941176471
42,xgboost_smote,0.40071284770965576,0.5503355704697986,0.43157894736842106,0.4837758112094395
42,xgboost_smote,0.40340206027030945,0.5540540540540541,0.43157894736842106,0.485207100591716
42,xgboost_smote,0.4038086533546448,0.5510204081632653,0.4263157894736842,0.48071216617210677
42,xgboost_smote,0.4077835977077484,0.547945205479452,0.42105263157894735,0.47619047619047616
42,xgboost_smote,0.408537358045578,0.5517241379310345,0.42105263157894735,0.47761194029850745
42,xgboost_smote,0.41785773634910583,0.5486111111111112,0.41578947368421054,0.4730538922155689
42,xgboost_smote,0.42931467294692993,0.5524475524475524,0.41578947368421054,0.47447447447447444
42,xgboost_smote,0.43061205744743347,0.5563380281690141,0.41578947368421054,0.4759036144578313
42,xgboost_smote,0.4418962299823761,0.5531914893617021,0.4105263157894737,0.4712990936555891
42,xgboost_smote,0.44224753975868225,0.55,0.4052631578947368,0.46666666666666673
42,xgboost_smote,0.44515174627304077,0.5539568345323741,0.4052631578947368,0.46808510638297873
42,xgboost_smote,0.44566377997398376,0.5579710144927537,0.4052631578947368,0.46951219512195125
42,xgboost_smote,0.4488626718521118,0.5620437956204379,0.4052631578947368,0.47094801223241584
42,xgboost_smote,0.45255887508392334,0.5588235294117647,0.4,0.46625766871165647
42,xgboost_smote,0.4545125365257263,0.562962962962963,0.4,0.46769230769230774
42,xgboost_smote,0.45695728063583374,0.5597014925373134,0.39473684210526316,0.46296296296296297
42,xgboost_smote,0.4590485394001007,0.556390977443609,0.3894736842105263,0.45820433436532504
42,xgboost_smote,0.4618021249771118,0.5606060606060606,0.3894736842105263,0.45962732919254656
42,xgboost_smote,0.46915894746780396,0.5648854961832062,0.3894736842105263,0.46105919003115264
42,xgboost_smote,0.46975448727607727,0.5692307692307692,0.3894736842105263,0.4625
42,xgboost_smote,0.4718904495239258,0.5736434108527132,0.3894736842105263,0.46394984326018807
42,xgboost_smote,0.4721875488758087,0.578125,0.3894736842105263,0.46540880503144655
42,xgboost_smote,0.48739635944366455,0.5826771653543307,0.3894736842105263,0.4668769716088328
42,xgboost_smote,0.5193786025047302,0.5873015873015873,0.3894736842105263,0.46835443037974683
42,xgboost_smote,0.5230628252029419,0.584,0.38421052631578945,0.46349206349206346
42,xgboost_smote,0.5375144481658936,0.5887096774193549,0.38421052631578945,0.46496815286624205
42,xgboost_smote,0.546816349029541,0.5853658536585366,0.37894736842105264,0.4600638977635783
42,xgboost_smote,0.5583655834197998,0.5819672131147541,0.3736842105263158,0.4551282051282052
42,xgboost_smote,0.5625308752059937,0.5867768595041323,0.3736842105263158,0.4565916398713826
42,xgboost_smote,0.5738407373428345,0.5916666666666667,0.3736842105263158,0.4580645161290323
42,xgboost_smote,0.5766850113868713,0.5882352941176471,0.3684210526315789,0.453074433656958
42,xgboost_smote,0.5881494283676147,0.5932203389830508,0.3684210526315789,0.4545454545454545
42,xgboost_smote,0.589112401008606,0.5982905982905983,0.3684210526315789,0.4560260586319218
42,xgboost_smote,0.5904467105865479,0.603448275862069,0.3684210526315789,0.45751633986928103
42,xgboost_smote,0.5908726453781128,0.6,0.3631578947368421,0.45245901639344266
42,xgboost_smote,0.595681369304657,0.5964912280701754,0.35789473684210527,0.4473684210526316
42,xgboost_smote,0.5970333814620972,0.5929203539823009,0.3526315789473684,0.44224422442244227
42,xgboost_smote,0.608152449131012,0.5982142857142857,0.3526315789473684,0.44370860927152317
42,xgboost_smote,0.6140260100364685,0.6036036036036037,0.3526315789473684,0.4451827242524917
42,xgboost_smote,0.6230526566505432,0.6,0.3473684210526316,0.44
42,xgboost_smote,0.6263912320137024,0.6055045871559633,0.3473684210526316,0.4414715719063545
42,xgboost_smote,0.6298102736473083,0.6111111111111112,0.3473684210526316,0.4429530201342282
42,xgboost_smote,0.635118842124939,0.6074766355140186,0.34210526315789475,0.4377104377104377
42,xgboost_smote,0.6381738781929016,0.6037735849056604,0.3368421052631579,0.4324324324324324
42,xgboost_smote,0.6394328474998474,0.6095238095238096,0.3368421052631579,0.4338983050847458
42,xgboost_smote,0.6445474028587341,0.6057692307692307,0.33157894736842103,0.42857142857142855
42,xgboost_smote,0.6517229676246643,0.6116504854368932,0.33157894736842103,0.4300341296928328
42,xgboost_smote,0.6572924852371216,0.6078431372549019,0.3263157894736842,0.4246575342465754
42,xgboost_smote,0.6652875542640686,0.6039603960396039,0.32105263157894737,0.41924398625429554
42,xgboost_smote,0.6802257299423218,0.61,0.32105263157894737,0.4206896551724138
42,xgboost_smote,0.6847708225250244,0.6161616161616161,0.32105263157894737,0.42214532871972316
42,xgboost_smote,0.6868001818656921,0.6122448979591837,0.3157894736842105,0.41666666666666663
42,xgboost_smote,0.6918655037879944,0.6185567010309279,0.3157894736842105,0.41811846689895465
42,xgboost_smote,0.6941759586334229,0.625,0.3157894736842105,0.4195804195804196
42,xgboost_smote,0.6981868147850037,0.631578947368421,0.3157894736842105,0.42105263157894735
42,xgboost_smote,0.6982236504554749,0.6276595744680851,0.3105263157894737,0.4154929577464789
42,xgboost_smote,0.7005782723426819,0.6236559139784946,0.30526315789473685,0.4098939929328622
42,xgboost_smote,0.7047955393791199,0.6195652173913043,0.3,0.40425531914893614
42,xgboost_smote,0.7132283449172974,0.6263736263736264,0.3,0.4056939501779359
42,xgboost_smote,0.7300064563751221,0.6222222222222222,0.29473684210526313,0.3999999999999999
42,xgboost_smote,0.7320789098739624,0.6292134831460674,0.29473684210526313,0.40143369175627236
42,xgboost_smote,0.736431896686554,0.625,0.2894736842105263,0.3956834532374101
42,xgboost_smote,0.7552244067192078,0.632183908045977,0.2894736842105263,0.39711191335740076
42,xgboost_smote,0.7637636661529541,0.6395348837209303,0.2894736842105263,0.39855072463768115
42,xgboost_smote,0.7672128677368164,0.6470588235294118,0.2894736842105263,0.4
42,xgboost_smote,0.7740217447280884,0.6547619047619048,0.2894736842105263,0.40145985401459855
42,xgboost_smote,0.7740760445594788,0.6626506024096386,0.2894736842105263,0.40293040293040294
42,xgboost_smote,0.780818521976471,0.6707317073170732,0.2894736842105263,0.4044117647058824
42,xgboost_smote,0.7830486297607422,0.6790123456790124,0.2894736842105263,0.4059040590405904
42,xgboost_smote,0.784410834312439,0.6875,0.2894736842105263,0.4074074074074074
42,xgboost_smote,0.800536572933197,0.6835443037974683,0.28421052631578947,0.40148698884758366
42,xgboost_smote,0.8130205869674683,0.6794871794871795,0.2789473684210526,0.39552238805970147
42,xgboost_smote,0.8165845274925232,0.6753246753246753,0.2736842105263158,0.3895131086142323
42,xgboost_smote,0.832963764667511,0.6842105263157895,0.2736842105263158,0.39097744360902253
42,xgboost_smote,0.8329697847366333,0.68,0.26842105263157895,0.38490566037735846
42,xgboost_smote,0.8342486619949341,0.6756756756756757,0.2631578947368421,0.3787878787878788
42,xgboost_smote,0.834703803062439,0.684931506849315,0.2631578947368421,0.38022813688212925
42,xgboost_smote,0.836244523525238,0.6944444444444444,0.2631578947368421,0.38167938931297707
42,xgboost_smote,0.8376487493515015,0.6901408450704225,0.2578947368421053,0.37547892720306514
42,xgboost_smote,0.8395228385925293,0.7,0.2578947368421053,0.37692307692307697
42,xgboost_smote,0.8485767245292664,0.6956521739130435,0.25263157894736843,0.37065637065637064
42,xgboost_smote,0.8493902087211609,0.7058823529411765,0.25263157894736843,0.37209302325581395
42,xgboost_smote,0.85340416431427,0.7164179104477612,0.25263157894736843,0.3735408560311284
42,xgboost_smote,0.8591879606246948,0.7121212121212122,0.24736842105263157,0.3671875
42,xgboost_smote,0.862823486328125,0.7076923076923077,0.24210526315789474,0.36078431372549025
42,xgboost_smote,0.8701341152191162,0.703125,0.23684210526315788,0.3543307086614173
42,xgboost_smote,0.8722776770591736,0.6984126984126984,0.23157894736842105,0.34782608695652173
42,xgboost_smote,0.8743460178375244,0.6935483870967742,0.22631578947368422,0.3412698412698413
42,xgboost_smote,0.8743541836738586,0.7049180327868853,0.22631578947368422,0.3426294820717131
42,xgboost_smote,0.8748692870140076,0.7,0.22105263157894736,0.33599999999999997
42,xgboost_smote,0.880903422832489,0.711864406779661,0.22105263157894736,0.3373493975903615
42,xgboost_smote,0.8816457390785217,0.7068965517241379,0.21578947368421053,0.33064516129032256
42,xgboost_smote,0.8866055011749268,0.7192982456140351,0.21578947368421053,0.33198380566801616
42,xgboost_smote,0.889127790927887,0.7321428571428571,0.21578947368421053,0.3333333333333333
42,xgboost_smote,0.8946220278739929,0.7272727272727273,0.21052631578947367,0.32653061224489793
42,xgboost_smote,0.8985976576805115,0.7407407407407407,0.21052631578947367,0.32786885245901637
42,xgboost_smote,0.9005110263824463,0.7547169811320755,0.21052631578947367,0.3292181069958848
42,xgboost_smote,0.9013485908508301,0.75,0.20526315789473684,0.3223140495867769
42,xgboost_smote,0.901515781879425,0.7647058823529411,0.20526315789473684,0.3236514522821577
42,xgboost_smote,0.905244767665863,0.78,0.20526315789473684,0.325
42,xgboost_smote,0.9063660502433777,0.7755102040816326,0.2,0.3179916317991632
42,xgboost_smote,0.9099041223526001,0.7916666666666666,0.2,0.31932773109243695
42,xgboost_smote,0.9145067930221558,0.7872340425531915,0.19473684210526315,0.31223628691983124
42,xgboost_smote,0.9145136475563049,0.8043478260869565,0.19473684210526315,0.3135593220338983
42,xgboost_smote,0.9179622530937195,0.8,0.18947368421052632,0.30638297872340425
42,xgboost_smote,0.9215048551559448,0.7954545454545454,0.18421052631578946,0.2991452991452991
42,xgboost_smote,0.928841769695282,0.7906976744186046,0.17894736842105263,0.2918454935622318
42,xgboost_smote,0.929817795753479,0.7857142857142857,0.1736842105263158,0.28448275862068967
42,xgboost_smote,0.9301652908325195,0.7804878048780488,0.16842105263157894,0.27705627705627706
42,xgboost_smote,0.9308562874794006,0.8,0.16842105263157894,0.2782608695652174
42,xgboost_smote,0.9342957735061646,0.7948717948717948,0.1631578947368421,0.27074235807860264
42,xgboost_smote,0.9441661238670349,0.8157894736842105,0.1631578947368421,0.2719298245614035
42,xgboost_smote,0.9505402445793152,0.8378378378378378,0.1631578947368421,0.27312775330396477
42,xgboost_smote,0.9511599540710449,0.8333333333333334,0.15789473684210525,0.2654867256637168
42,xgboost_smote,0.9548665881156921,0.8571428571428571,0.15789473684210525,0.26666666666666666
42,xgboost_smote,0.9613789319992065,0.8529411764705882,0.15263157894736842,0.25892857142857145
42,xgboost_smote,0.9644631147384644,0.8484848484848485,0.14736842105263157,0.2511210762331838
42,xgboost_smote,0.966343879699707,0.875,0.14736842105263157,0.25225225225225223
42,xgboost_smote,0.968759298324585,0.9032258064516129,0.14736842105263157,0.25339366515837103
42,xgboost_smote,0.9762603640556335,0.9,0.14210526315789473,0.2454545454545454
42,xgboost_smote,0.976576566696167,0.896551724137931,0.1368421052631579,0.23744292237442924
42,xgboost_smote,0.9767796397209167,0.8928571428571429,0.13157894736842105,0.2293577981651376
42,xgboost_smote,0.9771968126296997,0.8888888888888888,0.12631578947368421,0.22119815668202766
42,xgboost_smote,0.9798858761787415,0.9230769230769231,0.12631578947368421,0.22222222222222224
42,xgboost_smote,0.9804344773292542,0.92,0.12105263157894737,0.21395348837209302
42,xgboost_smote,0.983590304851532,0.9166666666666666,0.11578947368421053,0.205607476635514
42,xgboost_smote,0.9849087595939636,0.9130434782608695,0.11052631578947368,0.19718309859154928
42,xgboost_smote,0.9859136939048767,0.9090909090909091,0.10526315789473684,0.18867924528301885
42,xgboost_smote,0.9880496859550476,0.9047619047619048,0.1,0.18009478672985785
42,xgboost_smote,0.9893779158592224,0.95,0.1,0.18095238095238095
42,xgboost_smote,0.9899963140487671,0.9473684210526315,0.09473684210526316,0.1722488038277512
42,xgboost_smote,0.9908447861671448,0.9444444444444444,0.08947368421052632,0.16346153846153846
42,xgboost_smote,0.9908734560012817,0.9411764705882353,0.08421052631578947,0.1545893719806763
42,xgboost_smote,0.990983247756958,0.9375,0.07894736842105263,0.14563106796116504
42,xgboost_smote,0.9910195469856262,0.9333333333333333,0.07368421052631578,0.13658536585365852
42,xgboost_smote,0.9923692941665649,0.9285714285714286,0.06842105263157895,0.12745098039215688
42,xgboost_smote,0.9939727187156677,0.9230769230769231,0.06315789473684211,0.11822660098522168
42,xgboost_smote,0.9949285984039307,0.9166666666666666,0.05789473684210526,0.10891089108910891
42,xgboost_smote,0.9961789846420288,0.9090909090909091,0.05263157894736842,0.09950248756218903
42,xgboost_smote,0.9965918064117432,0.9,0.04736842105263158,0.09
42,xgboost_smote,0.9971178770065308,0.8888888888888888,0.042105263157894736,0.08040201005025124
42,xgboost_smote,0.9973311424255371,1.0,0.042105263157894736,0.08080808080808081
42,xgboost_smote,0.9975345134735107,1.0,0.03684210526315789,0.07106598984771574
42,xgboost_smote,0.9984018206596375,1.0,0.031578947368421054,0.061224489795918366
42,xgboost_smote,0.9984423518180847,1.0,0.02631578947368421,0.05128205128205127
42,xgboost_smote,0.998687207698822,1.0,0.021052631578947368,0.041237113402061855
42,xgboost_smote,0.9990719556808472,1.0,0.015789473684210527,0.031088082901554404
42,xgboost_smote,0.999398946762085,1.0,0.010526315789473684,0.020833333333333332
42,xgboost_smote,0.999674916267395,1.0,0.005263157894736842,0.010471204188481674
43,logreg_smote,0.0010808491393433615,0.16156462585034015,1.0,0.2781844802342606
43,logreg_smote,0.0021439783396237718,0.16170212765957448,1.0,0.2783882783882784
43,logreg_smote,0.0024002877315932735,0.16183986371379896,1.0,0.2785923753665689
43,logreg_smote,0.002561641615481592,0.16112531969309463,0.9947368421052631,0.2773294203961849
43,logreg_smote,0.003227445953994528,0.1612627986348123,0.9947368421052631,0.2775330396475771
43,logreg_smote,0.0036312912712105584,0.161400512382579,0.9947368421052631,0.2777369581190301
43,logreg_smote,0.0038713746767365022,0.16153846153846155,0.9947368421052631,0.27794117647058825
43,logreg_smote,0.004275654713426495,0.16167664670658682,0.9947368421052631,0.2781456953642384
43,logreg_smote,0.004968761933049234,0.1618150684931507,0.9947368421052631,0.2783505154639175
43,logreg_smote,0.005152061850131955,0.16195372750642673,0.9947368421052631,0.27855563743551953
43,logreg_smote,0.0054030740494447,0.1620926243567753,0.9947368421052631,0.27876106194690264
43,logreg_smote,0.005601457204211031,0.16223175965665235,0.9947368421052631,0.2789667896678967
43,logreg_smote,0.005709201666695114,0.16237113402061856,0.9947368421052631,0.2791728212703102
43,logreg_smote,0.005890493252614919,0.16251074806534824,0.9947368421052631,0.2793791574279379
43,logreg_smote,0.006081852113180539,0.16265060240963855,0.9947368421052631,0.27958579881656803
43,logreg_smote,0.006113272339805824,0.16279069767441862,0.9947368421052631,0.27979274611398963
43,logreg_smote,0.006228793991610541,0.1629310344827586,0.9947368421052631,0.28
43,logreg_smote,0.006455821808114103,0.1630716134598792,0.9947368421052631,0.2802075611564122
43,logreg_smote,0.0066263846982521695,0.16321243523316062,0.9947368421052631,0.28041543026706234
43,logreg_smote,0.006729029526237364,0.1633535004321521,0.9947368421052631,0.2806236080178174
43,logreg_smote,0.0068823868447587455,0.16349480968858132,0.9947368421052631,0.28083209509658247
43,logreg_smote,0.007206660444159227,0.16363636363636364,0.9947368421052631,0.2810408921933086
43,logreg_smote,0.00756861759500409,0.1637781629116118,0.9947368421052631,0.28125
43,logreg_smote,0.007871655178935571,0.16392020815264527,0.9947368421052631,0.2814594192107223
43,logreg_smote,0.007946680108351869,0.16319444444444445,0.9894736842105263,0.28017883755588674
43,logreg_smote,0.008137249254796286,0.1633362293657689,0.9894736842105263,0.28038777032065615
43,logreg_smote,0.00856949065856097,0.1634782608695652,0.9894736842105263,0.2805970149253731
43,logreg_smote,0.008642319328365853,0.16362053959965187,0.9894736842105263,0.28080657206870796
43,logreg_smote,0.008820615860394121,0.16376306620209058,0.9894736842105263,0.28101644245142
43,logreg_smote,0.008829377923356746,0.16390584132519617,0.9894736842105263,0.281226626776365
43,logreg_smote,0.009063182673649302,0.16404886561954624,0.9894736842105263,0.281437125748503
43,logreg_smote,0.009330243955551763,0.16419213973799127,0.9894736842105263,0.28164794007490634
43,logreg_smote,0.00935232920177714,0.16433566433566432,0.9894736842105263,0.2818590704647676
43,logreg_smote,0.009484481156713456,0.16447944006999124,0.9894736842105263,0.2820705176294073
43,logreg_smote,0.009647708364824436,0.1646234676007005,0.9894736842105263,0.28228228228228225
43,logreg_smote,0.009654848521312834,0.16476774758983348,0.9894736842105263,0.28249436513899323
43,logreg_smote,0.010501378455716017,0.1649122807017544,0.9894736842105263,0.28270676691729324
43,logreg_smote,0.011017567166541307,0.16505706760316066,0.9894736842105263,0.28291948833709557
43,logreg_smote,0.011318568827304176,0.16520210896309315,0.9894736842105263,0.28313253012048195
43,logreg_smote,0.011454094038050401,0.16534740545294635,0.9894736842105263,0.2833458929917106
43,logreg_smote,0.011698912379785804,0.16549295774647887,0.9894736842105263,0.28355957767722473
43,logreg_smote,0.011802820202033344,0.1656387665198238,0.9894736842105263,0.28377358490566035
43,logreg_smote,0.011868264222570124,0.1657848324514991,0.9894736842105263,0.28398791540785495
43,logreg_smote,0.012209228582929305,0.16593115622241836,0.9894736842105263,0.2842025699168556
43,logreg_smote,0.012524991344549768,0.16607773851590105,0.9894736842105263,0.28441754916792733
43,logreg_smote,0.012959250131231044,0.16622458001768348,0.9894736842105263,0.28463285389856174
43,logreg_smote,0.013069821887481075,0.1663716814159292,0.9894736842105263,0.2848484848484848
43,logreg_smote,0.013111326332485032,0.16651904340124005,0.9894736842105263,0.2850644427596664
43,logreg_smote,0.013223919382414588,0.16666666666666666,0.9894736842105263,0.28528072837632773
43,logreg_smote,0.013337704360944207,0.1668145519077196,0.9894736842105263,0.2854973424449507
43,logreg_smote,0.013481746943787296,0.1669626998223801,0.9894736842105263,0.2857142857142857
43,logreg_smote,0.013631878400493295,0.1671111111111111,0.9894736842105263,0.2859315589353612
43,logreg_smote,0.013812213107168778,0.16637010676156583,0.9842105263157894,0.28462709284627097
43,logreg_smote,0.013870678449650195,0.16651825467497774,0.9842105263157894,0.28484386900228487
43,logreg_smote,0.014531794894642295,0.16666666666666666,0.9842105263157894,0.2850609756097561
43,logreg_smote,0.014539938243526535,0.16681534344335414,0.9842105263157894,0.28527841342486654
43,logreg_smote,0.014615014420963059,0.1669642857142857,0.9842105263157894,0.28549618320610687
43,logreg_smote,0.015084770225625415,0.1671134941912422,0.9842105263157894,0.2857142857142857
43,logreg_smote,0.015182088701966847,0.167262969588551,0.9842105263157894,0.28593272171253825
43,logreg_smote,0.015474936273773571,0.1674127126230976,0.9842105263157894,0.2861514919663351
43,logreg_smote,0.015673428379356223,0.16666666666666666,0.9789473684210527,0.2848392036753446
43,logreg_smote,0.015876325529414242,0.16681614349775784,0.9789473684210527,0.2850574712643678
43,logreg_smote,0.016136813411358322,0.16696588868940754,0.9789473684210527,0.2852760736196319
43,logreg_smote,0.016800277436335054,0.16711590296495957,0.9789473684210527,0.28549501151189566
43,logreg_smote,0.017295949137909238,0.1672661870503597,0.9789473684210527,0.28571428571428575
43,logreg_smote,0.017610192699666957,0.16741674167416742,0.9789473684210527,0.28593389700230587
43,logreg_smote,0.017778308440771856,0.16756756756756758,0.9789473684210527,0.2861538461538462
43,logreg_smote,0.01808029810191705,0.16771866546438233,0.9789473684210527,0.28637413394919164
43,logreg_smote,0.018092217828116416,0.16787003610108303,0.9789473684210527,0.28659476117103233
43,logreg_smote,0.01865716326585574,0.16802168021680217,0.9789473684210527,0.2868157286044719
43,logreg_smote,0.018835835136023455,0.16817359855334538,0.9789473684210527,0.28703703703703703
43,logreg_smote,0.019366839064596932,0.16832579185520363,0.9789473684210527,0.2872586872586873
43,logreg_smote,0.01937719561121688,0.16847826086956522,0.9789473684210527,0.28748068006182376
43,logreg_smote,0.01941180663494083,0.1686310063463282,0.9789473684210527,0.2877030162412993
43,logreg_smote,0.019425058425399235,0.16878402903811252,0.9789473684210527,0.28792569659442724
43,logreg_smote,0.02071686473899898,0.16893732970027248,0.9789473684210527,0.2881487219209915
43,logreg_smote,0.02073858792052664,0.1690909090909091,0.9789473684210527,0.28837209302325584
43,logreg_smote,0.0208180866720072,0.16924476797088261,0.9789473684210527,0.28859581070597357
43,logreg_smote,0.0215596668901457,0.16848816029143898,0.9736842105263158,0.28726708074534163
43,logreg_smote,0.02161597301836623,0.16864175022789427,0.9736842105263158,0.28749028749028754
43,logreg_smote,0.02167163907473474,0.1687956204379562,0.9736842105263158,0.28771384136858474
43,logreg_smote,0.02185542959789971,0.1689497716894977,0.9736842105263158,0.28793774319066145
43,logreg_smote,0.02254655227049994,0.16910420475319926,0.9736842105263158,0.2881619937694704
43,logreg_smote,0.02259789021233245,0.16925892040256177,0.9736842105263158,0.28838659392049887
43,logreg_smote,0.023115887367249087,0.16941391941391942,0.9736842105263158,0.2886115444617785
43,logreg_smote,0.023127707187164843,0.1695692025664528,0.9736842105263158,0.28883684621389544
43,logreg_smote,0.02330438601471355,0.16972477064220184,0.9736842105263158,0.28906249999999994
43,logreg_smote,0.023316737194394664,0.16988062442607896,0.9736842105263158,0.289288506645817
43,logreg_smote,0.02334458629277455,0.17003676470588236,0.9736842105263158,0.2895148669796557
43,logreg_smote,0.023692723459082226,0.1701931922723091,0.9736842105263158,0.28974158183241977
43,logreg_smote,0.023743438929429685,0.1703499079189687,0.9736842105263158,0.28996865203761757
43,logreg_smote,0.024265695926311157,0.17050691244239632,0.9736842105263158,0.2901960784313726
43,logreg_smote,0.02457802327589765,0.1706642066420664,0.9736842105263158,0.2904238618524333
43,logreg_smote,0.02473290272689895,0.17082179132040629,0.9736842105263158,0.2906520031421838
43,logreg_smote,0.02497387024483884,0.1709796672828096,0.9736842105263158,0.2908805031446541
43,logreg_smote,0.02504325878974178,0.1711378353376503,0.9736842105263158,0.29110936270653026
43,logreg_smote,0.0251553693377624,0.1712962962962963,0.9736842105263158,0.29133858267716534
43,logreg_smote,0.025270516567377777,0.17145505097312327,0.9736842105263158,0.2915681639085895
43,logreg_smote,0.025763616513550847,0.17161410018552875,0.9736842105263158,0.29179810725552047
43,logreg_smote,0.025853281175583966,0.17177344475394615,0.9736842105263158,0.2920284135753749
43,logreg_smote,0.026067037595488108,0.17193308550185873,0.9736842105263158,0.292259083728278
43,logreg_smote,0.026071096511046124,0.17209302325581396,0.9736842105263158,0.29249011857707513
43,logreg_smote,0.027618022984274553,0.17225325884543763,0.9736842105263158,0.2927215189873418
43,logreg_smote,0.02774788782708152,0.1724137931034483,0.9736842105263158,0.2929532858273951
43,logreg_smote,0.0278384258369286,0.17257462686567165,0.9736842105263158,0.2931854199683043
43,logreg_smote,0.027967485274694108,0.17273576097105509,0.9736842105263158,0.2934179222839017
43,logreg_smote,0.02835151554592377,0.17289719626168223,0.9736842105263158,0.29365079365079366
43,logreg_smote,0.02885713768751213,0.17305893358278765,0.9736842105263158,0.2938840349483718
43,logreg_smote,0.029006341164392855,0.17322097378277154,0.9736842105263158,0.29411764705882354
43,logreg_smote,0.029351445536823156,0.1733833177132146,0.9736842105263158,0.294351630867144
43,logreg_smote,0.029614728969561178,0.17354596622889307,0.9736842105263158,0.2945859872611465
43,logreg_smote,0.029794594944615255,0.17370892018779344,0.9736842105263158,0.2948207171314741
43,logreg_smote,0.029983148320067068,0.17387218045112782,0.9736842105263158,0.2950558213716109
43,logreg_smote,0.030072829726677058,0.17403574788334902,0.9736842105263158,0.29529130087789307
43,logreg_smote,0.03055848092001839,0.17419962335216574,0.9736842105263158,0.29552715654952083
43,logreg_smote,0.030930505577354467,0.17436380772855797,0.9736842105263158,0.29576338928856916
43,logreg_smote,0.031221758177704444,0.17452830188679244,0.9736842105263158,0.296
43,logreg_smote,0.031505223438566494,0.17469310670443816,0.9736842105263158,0.2962369895916733
43,logreg_smote,0.03161767260070875,0.17485822306238186,0.9736842105263158,0.2964743589743589
43,logreg_smote,0.0331614459956524,0.1750236518448439,0.9736842105263158,0.2967121090617482
43,logreg_smote,0.03328139541775168,0.17518939393939395,0.9736842105263158,0.2969502407704655
43,logreg_smote,0.03484713086663342,0.17535545023696683,0.9736842105263158,0.2971887550200803
43,logreg_smote,0.03544139015512042,0.17552182163187854,0.9736842105263158,0.29742765273311894
43,logreg_smote,0.0355062048622707,0.17568850902184235,0.9736842105263158,0.29766693483507645
43,logreg_smote,0.0357439485800134,0.1758555133079848,0.9736842105263158,0.2979066022544284
43,logreg_smote,0.035869132690728125,0.17602283539486205,0.9736842105263158,0.29814665592264306
43,logreg_smote,0.03678403916545138,0.1761904761904762,0.9736842105263158,0.29838709677419356
43,logreg_smote,0.037137413508747184,0.17635843660629172,0.9736842105263158,0.2986279257465698
43,logreg_smote,0.03723455863934146,0.1765267175572519,0.9736842105263158,0.29886914378029084
43,logreg_smote,0.03740318415149038,0.1766953199617956,0.9736842105263158,0.2991107518189167
43,logreg_smote,0.03788885926398386,0.17686424474187382,0.9736842105263158,0.2993527508090615
43,logreg_smote,0.03842060574129743,0.17703349282296652,0.9736842105263158,0.29959514170040485
43,logreg_smote,0.03845075815973603,0.1772030651340996,0.9736842105263158,0.29983792544570503
43,logreg_smote,0.038796234521839536,0.17737296260786195,0.9736842105263158,0.30008110300081103
43,logreg_smote,0.03916852560174185,0.17754318618042225,0.9736842105263158,0.30032467532467527
43,logreg_smote,0.0395211807155848,0.1777137367915466,0.9736842105263158,0.30056864337936634
43,logreg_smote,0.04037869925829385,0.1778846153846154,0.9736842105263158,0.3008130081300813
43,logreg_smote,0.0405564949546987,0.17805582290664101,0.9736842105263158,0.3010577705451587
43,logreg_smote,0.04108088097220253,0.17822736030828518,0.9736842105263158,0.30130293159609123
43,logreg_smote,0.04141593590077612,0.17839922854387658,0.9736842105263158,0.3015484922575387
43,logreg_smote,0.041958698115746436,0.17857142857142858,0.9736842105263158,0.30179445350734097
43,logreg_smote,0.042313557775509915,0.178743961352657,0.9736842105263158,0.30204081632653057
43,logreg_smote,0.04276493284109109,0.17891682785299806,0.9736842105263158,0.3022875816993464
43,logreg_smote,0.04301955972786888,0.17909002904162633,0.9736842105263158,0.3025347506132461
43,logreg_smote,0.04302610755545906,0.17926356589147288,0.9736842105263158,0.3027823240589198
43,logreg_smote,0.04313997130150001,0.17943743937924345,0.9736842105263158,0.30303030303030304
43,logreg_smote,0.043501469275241005,0.1796116504854369,0.9736842105263158,0.30327868852459017
43,logreg_smote,0.04393077550950505,0.17978620019436345,0.9736842105263158,0.30352748154224773
43,logreg_smote,0.04408975366377815,0.17996108949416342,0.9736842105263158,0.30377668308702793
43,logreg_smote,0.04415702833947143,0.1801363193768257,0.9736842105263158,0.3040262941659819
43,logreg_smote,0.04460890147946763,0.18031189083820662,0.9736842105263158,0.3042763157894737
43,logreg_smote,0.04469827639122676,0.18048780487804877,0.9736842105263158,0.3045267489711934
43,logreg_smote,0.04534518508926168,0.1806640625,0.9736842105263158,0.30477759472817134
43,logreg_smote,0.046180897494054546,0.18084066471163246,0.9736842105263158,0.30502885408079145
43,logreg_smote,0.04631769572260983,0.18101761252446183,0.9736842105263158,0.30528052805280526
43,logreg_smote,0.04675904835958683,0.1811949069539667,0.9736842105263158,0.305532617671346
43,logreg_smote,0.04704698650575328,0.18137254901960784,0.9736842105263158,0.3057851239669422
43,logreg_smote,0.0474430756468786,0.1815505397448479,0.9736842105263158,0.30603804797353185
43,logreg_smote,0.0474849121322303,0.18172888015717092,0.9736842105263158,0.30629139072847683
43,logreg_smote,0.04750786261511589,0.18190757128810225,0.9736842105263158,0.30654515327257664
43,logreg_smote,0.048076411302623905,0.18208661417322836,0.9736842105263158,0.3067993366500829
43,logreg_smote,0.04823049944249017,0.18226600985221675,0.9736842105263158,0.3070539419087137
43,logreg_smote,0.04866887344893644,0.1814595660749507,0.968421052631579,0.3056478405315615
43,logreg_smote,0.0488415444125877,0.18163869693978282,0.968421052631579,0.3059019118869493
43,logreg_smote,0.048899161774695665,0.1808300395256917,0.9631578947368421,0.3044925124792013
43,logreg_smote,0.04936261304567452,0.18100890207715134,0.9631578947368421,0.3047460449625312
43,logreg_smote,0.04956848568239274,0.18118811881188118,0.9631578947368421,0.305
43,logreg_smote,0.05014503193491439,0.18136769078295342,0.9631578947368421,0.30525437864887406
43,logreg_smote,0.050169864005597066,0.18154761904761904,0.9631578947368421,0.3055091819699499
43,logreg_smote,0.05029997238031414,0.1817279046673287,0.9631578947368421,0.3057644110275689
43,logreg_smote,0.050973924610171445,0.18091451292246521,0.9578947368421052,0.30434782608695654
43,logreg_smote,0.05199990137931736,0.18109452736318407,0.9578947368421052,0.30460251046025105
43,logreg_smote,0.05248104274051326,0.18127490039840638,0.9578947368421052,0.304857621440536
43,logreg_smote,0.05260717143246203,0.1814556331006979,0.9578947368421052,0.30511316010058676
43,logreg_smote,0.052627701382468826,0.18163672654690619,0.9578947368421052,0.30536912751677847
43,logreg_smote,0.053016842077541246,0.18181818181818182,0.9578947368421052,0.3056255247691016
43,logreg_smote,0.05312891576332265,0.182,0.9578947368421052,0.30588235294117644
43,logreg_smote,0.05387554938712512,0.18218218218218218,0.9578947368421052,0.3061396131202691
43,logreg_smote,0.054609074127265976,0.18236472945891782,0.9578947368421052,0.3063973063973064
43,logreg_smote,0.05523902584921947,0.18254764292878636,0.9578947368421052,0.3066554338668913
43,logreg_smote,0.05555175864527147,0.1827309236947791,0.9578947368421052,0.3069139966273187
43,logreg_smote,0.05608976006562853,0.1829145728643216,0.9578947368421052,0.3071729957805907
43,logreg_smote,0.05641999703727345,0.18309859154929578,0.9578947368421052,0.3074324324324324
43,logreg_smote,0.056817687197241465,0.18328298086606243,0.9578947368421052,0.30769230769230765
43,logreg_smote,0.05723845738461643,0.18346774193548387,0.9578947368421052,0.3079526226734349
43,logreg_smote,0.05728804294472014,0.18365287588294651,0.9578947368421052,0.3082133784928027
43,logreg_smote,0.05825193547749142,0.18383838383838383,0.9578947368421052,0.30847457627118646
43,logreg_smote,0.0588788605916239,0.18402426693629928,0.9578947368421052,0.3087362171331637
43,logreg_smote,0.059179783721199926,0.18421052631578946,0.9578947368421052,0.3089983022071307
43,logreg_smote,0.05968628320764215,0.18439716312056736,0.9578947368421052,0.30926083262531856
43,logreg_smote,0.06013206027377031,0.1845841784989858,0.9578947368421052,0.30952380952380953
43,logreg_smote,0.0604188371289214,0.1847715736040609,0.9578947368421052,0.3097872340425532
43,logreg_smote,0.06061809215867724,0.18495934959349594,0.9578947368421052,0.3100511073253833
43,logreg_smote,0.060991918205768575,0.18514750762970497,0.9578947368421052,0.3103154305200341
43,logreg_smote,0.06188262761139443,0.18533604887983707,0.9578947368421052,0.31058020477815695
43,logreg_smote,0.06312574181054516,0.18552497451580022,0.9578947368421052,0.3108454312553373
43,logreg_smote,0.06328642743562167,0.18571428571428572,0.9578947368421052,0.3111111111111111
43,logreg_smote,0.06397974489333201,0.18488253319713993,0.9526315789473684,0.30966638152266895
43,logreg_smote,0.06463016368602972,0.18507157464212678,0.9526315789473684,0.30993150684931503
43,logreg_smote,0.06486596885054328,0.18526100307062435,0.9526315789473684,0.31019708654670086
43,logreg_smote,0.06647986791486292,0.18545081967213115,0.9526315789473684,0.31046312178387653
43,logreg_smote,0.0672112520179517,0.18564102564102564,0.9526315789473684,0.3107296137339056
43,logreg_smote,0.06858123617927753,0.18583162217659138,0.9526315789473684,0.3109965635738832
43,logreg_smote,0.06886955177626262,0.18602261048304214,0.9526315789473684,0.3112639724849527
43,logreg_smote,0.06962418723736351,0.18621399176954734,0.9526315789473684,0.31153184165232356
43,logreg_smote,0.06982421703321892,0.18640576725025745,0.9526315789473684,0.31180017226528856
43,logreg_smote,0.07011514071218533,0.1865979381443299,0.9526315789473684,0.3120689655172414
43,logreg_smote,0.07021101165720538,0.1867905056759546,0.9526315789473684,0.31233822260569455
43,logreg_smote,0.07143112324174973,0.18698347107438015,0.9526315789473684,0.312607944732297
43,logreg_smote,0.07175939575682588,0.18717683557394002,0.9526315789473684,0.31287813310285223
43,logreg_smote,0.07289680324081774,0.1873706004140787,0.9526315789473684,0.31314878892733566
43,logreg_smote,0.0730343870492705,0.18756476683937823,0.9526315789473684,0.31341991341991343
43,logreg_smote,0.07336341646325698,0.18775933609958506,0.9526315789473684,0.31369150779896016
43,logreg_smote,0.07348876411429696,0.18795430944963656,0.9526315789473684,0.3139635732870772
43,logreg_smote,0.0735435046416293,0.18814968814968816,0.9526315789473684,0.3142361111111111
43,logreg_smote,0.07394700576720574,0.18834547346514047,0.9526315789473684,0.31450912250217194
43,logreg_smote,0.07397728153361399,0.18854166666666666,0.9526315789473684,0.31478260869565217
43,logreg_smote,0.0744784491246032,0.18873826903023982,0.9526315789473684,0.31505657093124456
43,logreg_smote,0.07523542954835463,0.18893528183716074,0.9526315789473684,0.3153310104529617
43,logreg_smote,0.0753638061760714,0.1891327063740857,0.9526315789473684,0.31560592850915437
43,logreg_smote,0.07546141971913495,0.1893305439330544,0.9526315789473684,0.3158813263525305
43,logreg_smote,0.07549749877389518,0.18952879581151832,0.9526315789473684,0.31615720524017465
43,logreg_smote,0.07552657374256719,0.18972746331236898,0.9526315789473684,0.31643356643356646
43,logreg_smote,0.07596106375717081,0.18992654774396642,0.9526315789473684,0.31671041119860016
43,logreg_smote,0.07606747995931927,0.19012605042016806,0.9526315789473684,0.3169877408056042
43,logreg_smote,0.07613527784886825,0.19032597266035753,0.9526315789473684,0.31726555652936017
43,logreg_smote,0.07621428105598599,0.19052631578947368,0.9526315789473684,0.3175438596491228
43,logreg_smote,0.07652677030247589,0.19072708113804004,0.9526315789473684,0.31782265144863914
43,logreg_smote,0.07672817812069947,0.1909282700421941,0.9526315789473684,0.3181019332161687
43,logreg_smote,0.0775342818159668,0.191129883843717,0.9526315789473684,0.31838170624450307
43,logreg_smote,0.07768378502345068,0.19133192389006343,0.9526315789473684,0.31866197183098594
43,logreg_smote,0.07854019729855874,0.19153439153439153,0.9526315789473684,0.31894273127753303
43,logreg_smote,0.07863600500964646,0.1917372881355932,0.9526315789473684,0.3192239858906526
43,logreg_smote,0.0786582037789272,0.1919406150583245,0.9526315789473684,0.3195057369814651
43,logreg_smote,0.07889532003821023,0.1921443736730361,0.9526315789473684,0.31978798586572443
43,logreg_smote,0.08003855517496122,0.19234856535600425,0.9526315789473684,0.3200707338638373
43,logreg_smote,0.08033489251231185,0.1925531914893617,0.9526315789473684,0.3203539823008849
43,logreg_smote,0.08043809813863581,0.19275825346112885,0.9526315789473684,0.320637732506643
43,logreg_smote,0.08092771632632945,0.1929637526652452,0.9526315789473684,0.32092198581560283
43,logreg_smote,0.08109777192720331,0.19316969050160085,0.9526315789473684,0.321206743566992
43,logreg_smote,0.08223493661903737,0.19337606837606838,0.9526315789473684,0.3214920071047957
43,logreg_smote,0.08257182588032683,0.19358288770053475,0.9526315789473684,0.3217777777777778
43,logreg_smote,0.08422034648742605,0.1937901498929336,0.9526315789473684,0.32206405693950174
43,logreg_smote,0.08460992060879227,0.1939978563772776,0.9526315789473684,0.3223508459483526
43,logreg_smote,0.08475545858123623,0.194206008583691,0.9526315789473684,0.3226381461675579
43,logreg_smote,0.08511725515114174,0.19441460794844254,0.9526315789473684,0.32292595896520965
43,logreg_smote,0.08517136275500004,0.19462365591397848,0.9526315789473684,0.3232142857142857
43,logreg_smote,0.08592296659300765,0.19483315392895587,0.9526315789473684,0.323503127792672
43,logreg_smote,0.08656867929541381,0.19504310344827586,0.9526315789473684,0.3237924865831842
43,logreg_smote,0.08681483508930087,0.19525350593311758,0.9526315789473684,0.32408236347358993
43,logreg_smote,0.08721098309198896,0.19438444924406048,0.9473684210526315,0.3225806451612903
43,logreg_smote,0.08753837412439815,0.1945945945945946,0.9473684210526315,0.32286995515695066
43,logreg_smote,0.08817464713813235,0.19480519480519481,0.9473684210526315,0.32315978456014366
43,logreg_smote,0.08822335913833938,0.19501625135427952,0.9473684210526315,0.32345013477088946
43,logreg_smote,0.08859630452371937,0.19522776572668113,0.9473684210526315,0.3237410071942446
43,logreg_smote,0.08905683117691869,0.19543973941368079,0.9473684210526315,0.32403240324032406
43,logreg_smote,0.08942080282350294,0.1956521739130435,0.9473684210526315,0.3243243243243243
43,logreg_smote,0.08943137504313624,0.19477693144722524,0.9421052631578948,0.32281334535617673
43,logreg_smote,0.08946966332171377,0.19498910675381265,0.9421052631578948,0.32310469314079426
43,logreg_smote,0.09025378845087877,0.19520174482006544,0.9421052631578948,0.32339656729900634
43,logreg_smote,0.09072905005794742,0.19541484716157206,0.9421052631578948,0.32368896925858953
43,logreg_smote,0.09094760572104103,0.19562841530054645,0.9421052631578948,0.3239819004524887
43,logreg_smote,0.09118335347693424,0.19584245076586435,0.9421052631578948,0.32427536231884063
43,logreg_smote,0.09129855614278083,0.19605695509309967,0.9421052631578948,0.32456935630099726
43,logreg_smote,0.09155738393469141,0.1962719298245614,0.9421052631578948,0.3248638838475499
43,logreg_smote,0.0918805781327895,0.19538968166849616,0.9368421052631579,0.32334241598546776
43,logreg_smote,0.09244117449389844,0.1956043956043956,0.9368421052631579,0.32363636363636367
43,logreg_smote,0.09292418336646219,0.19581958195819582,0.9368421052631579,0.32393084622383983
43,logreg_smote,0.09342601570095674,0.1960352422907489,0.9368421052631579,0.3242258652094718
43,logreg_smote,0.09346925261217345,0.19625137816979052,0.9368421052631579,0.32452142206016404
43,logreg_smote,0.0941578798957008,0.19646799116997793,0.9368421052631579,0.3248175182481752
43,logreg_smote,0.09433693848616674,0.19668508287292819,0.9368421052631579,0.32511415525114157
43,logreg_smote,0.09515588429481713,0.19690265486725664,0.9368421052631579,0.3254113345521024
43,logreg_smote,0.09575790007921586,0.19712070874861573,0.9368421052631579,0.32570905763952424
43,logreg_smote,0.09678157269829478,0.1973392461197339,0.9368421052631579,0.326007326007326
43,logreg_smote,0.09722621044229056,0.19755826859045506,0.9368421052631579,0.32630614115490375
43,logreg_smote,0.09784109698820591,0.19777777777777777,0.9368421052631579,0.3266055045871559
43,logreg_smote,0.09808067189426461,0.19688542825361513,0.9315789473684211,0.325068870523416
43,logreg_smote,0.09810463178671576,0.19710467706013363,0.9315789473684211,0.3253676470588235
43,logreg_smote,0.09837210406862813,0.19732441471571907,0.9315789473684211,0.32566697332106714
43,logreg_smote,0.09935899732251688,0.19754464285714285,0.9315789473684211,0.3259668508287293
43,logreg_smote,0.10014624124012836,0.19776536312849163,0.9315789473684211,0.3262672811059908
43,logreg_smote,0.10046874606517535,0.19798657718120805,0.9315789473684211,0.32656826568265684
43,logreg_smote,0.10050682858433913,0.19820828667413215,0.9315789473684211,0.3268698060941828
43,logreg_smote,0.10084395899881815,0.1984304932735426,0.9315789473684211,0.32717190388170053
43,logreg_smote,0.10085650220905855,0.19865319865319866,0.9315789473684211,0.3274745605920444
43,logreg_smote,0.10104393837330243,0.19887640449438201,0.9315789473684211,0.3277777777777777
43,logreg_smote,0.10116989554039109,0.19910011248593926,0.9315789473684211,0.32808155699721964
43,logreg_smote,0.1011713367166074,0.19932432432432431,0.9315789473684211,0.32838589981447125
43,logreg_smote,0.10148143614577596,0.1995490417136415,0.9315789473684211,0.32869080779944293
43,logreg_smote,0.10201982834041742,0.19977426636568849,0.9315789473684211,0.328996282527881
43,logreg_smote,0.10441643064294567,0.2,0.9315789473684211,0.3293023255813954
43,logreg_smote,0.10599825912966263,0.19909502262443438,0.9263157894736842,0.32774674115456237
43,logreg_smote,0.10678541426340789,0.19932049830124576,0.9263157894736842,0.32805219012115566
43,logreg_smote,0.10776015869758272,0.19954648526077098,0.9263157894736842,0.3283582089552239
43,logreg_smote,0.10784747955178016,0.19977298524404086,0.9263157894736842,0.32866479925303455
43,logreg_smote,0.10875852998514594,0.2,0.9263157894736842,0.3289719626168225
43,logreg_smote,0.1090101176959812,0.20022753128555176,0.9263157894736842,0.3292797006548176
43,logreg_smote,0.10949790465347735,0.20045558086560364,0.9263157894736842,0.3295880149812734
43,logreg_smote,0.10959289604725607,0.2006841505131129,0.9263157894736842,0.32989690721649484
43,logreg_smote,0.11057243207284827,0.2009132420091324,0.9263157894736842,0.3302063789868668
43,logreg_smote,0.11110835792469309,0.20114285714285715,0.9263157894736842,0.33051643192488267
43,logreg_smote,0.11121736963627957,0.20137299771167047,0.9263157894736842,0.3308270676691729
43,logreg_smote,0.11214096809706631,0.2016036655211913,0.9263157894736842,0.33113828786453436
43,logreg_smote,0.11251204537813675,0.2018348623853211,0.9263157894736842,0.33145009416195864
43,logreg_smote,0.11319519691267615,0.2020665901262916,0.9263157894736842,0.3317624882186616
43,logreg_smote,0.11339711762647904,0.20229885057471264,0.9263157894736842,0.33207547169811324
43,logreg_smote,0.11523297883175507,0.20253164556962025,0.9263157894736842,0.3323890462700661
43,logreg_smote,0.115754861237714,0.20276497695852536,0.9263157894736842,0.332703213610586
43,logreg_smote,0.11618763353932932,0.2029988465974625,0.9263157894736842,0.33301797540208133
43,logreg_smote,0.11659991967258729,0.20323325635103925,0.9263157894736842,0.3333333333333333
43,logreg_smote,0.11772789080156142,0.20346820809248556,0.9263157894736842,0.333649289099526
43,logreg_smote,0.11807856568941369,0.2037037037037037,0.9263157894736842,0.33396584440227706
43,logreg_smote,0.11967226982039396,0.20393974507531865,0.9263157894736842,0.33428300094966756
43,logreg_smote,0.11985168421654017,0.20417633410672853,0.9263157894736842,0.3346007604562737
43,logreg_smote,0.12158620743605543,0.2032520325203252,0.9210526315789473,0.33301617507136066
43,logreg_smote,0.12359906160332317,0.20232558139534884,0.9157894736842105,0.33142857142857146
43,logreg_smote,0.12474097631018832,0.20256111757857975,0.9157894736842105,0.3317445185891325
43,logreg_smote,0.1251067891908827,0.20279720279720279,0.9157894736842105,0.3320610687022901
43,logreg_smote,0.12581846333128988,0.20303383897316218,0.9157894736842105,0.33237822349570195
43,logreg_smote,0.12798995469572666,0.20327102803738317,0.9157894736842105,0.3326959847036328
43,logreg_smote,0.1282185067724878,0.20350877192982456,0.9157894736842105,0.33301435406698565
43,logreg_smote,0.12860322744441396,0.20374707259953162,0.9157894736842105,0.3333333333333333
43,logreg_smote,0.12866119122396769,0.20398593200468934,0.9157894736842105,0.33365292425695114
43,logreg_smote,0.12896835396199643,0.20422535211267606,0.9157894736842105,0.33397312859884837
43,logreg_smote,0.1290750630476615,0.2044653349001175,0.9157894736842105,0.33429394812680113
43,logreg_smote,0.13121347921677942,0.20470588235294118,0.9157894736842105,0.3346153846153846
43,logreg_smote,0.13125758983776362,0.2049469964664311,0.9157894736842105,0.3349374398460058
43,logreg_smote,0.13187498707544668,0.20518867924528303,0.9157894736842105,0.3352601156069364
43,logreg_smote,0.13205943675154633,0.20543093270365997,0.9157894736842105,0.33558341369334616
43,logreg_smote,0.13329218913892177,0.20567375886524822,0.9157894736842105,0.3359073359073359
43,logreg_smote,0.13366979013423225,0.20591715976331362,0.9157894736842105,0.33623188405797105
43,logreg_smote,0.1345409809159757,0.20616113744075829,0.9157894736842105,0.33655705996131524
43,logreg_smote,0.13488704243534705,0.20640569395017794,0.9157894736842105,0.33688286544046464
43,logreg_smote,0.1359070309624878,0.20665083135391923,0.9157894736842105,0.3372093023255814
43,logreg_smote,0.13625021013216274,0.20689655172413793,0.9157894736842105,0.3375363724539282
43,logreg_smote,0.13736903879200302,0.20714285714285716,0.9157894736842105,0.33786407766990295
43,logreg_smote,0.1374939308699752,0.20738974970202623,0.9157894736842105,0.33819241982507287
43,logreg_smote,0.13803262633746968,0.20763723150357996,0.9157894736842105,0.33852140077821014
43,logreg_smote,0.1384945191700805,0.2078853046594982,0.9157894736842105,0.33885102239532616
43,logreg_smote,0.13866952632865512,0.20813397129186603,0.9157894736842105,0.33918128654970764
43,logreg_smote,0.13911684660755722,0.20838323353293414,0.9157894736842105,0.33951219512195124
43,logreg_smote,0.13926977668806093,0.20743405275779375,0.9105263157894737,0.337890625
43,logreg_smote,0.1399237574004021,0.20768307322929172,0.9105263157894737,0.3382209188660802
43,logreg_smote,0.14004654639683922,0.20793269230769232,0.9105263157894737,0.3385518590998043
43,logreg_smote,0.14016735077919368,0.20818291215403129,0.9105263157894737,0.3388834476003918
43,logreg_smote,0.14020117230869636,0.20843373493975903,0.9105263157894737,0.3392156862745098
43,logreg_smote,0.1408588548364416,0.20868516284680338,0.9105263157894737,0.3395485770363101
43,logreg_smote,0.1411207453209271,0.20772946859903382,0.9052631578947369,0.33791748526522597
43,logreg_smote,0.14137501976251116,0.2079806529625151,0.9052631578947369,0.3382497541789577
43,logreg_smote,0.14194810485038414,0.20823244552058112,0.9052631578947369,0.3385826771653543
43,logreg_smote,0.14225419409846887,0.20727272727272728,0.9,0.3369458128078817
43,logreg_smote,0.14356946440392584,0.20752427184466019,0.9,0.3372781065088757
43,logreg_smote,0.14418649118425197,0.2077764277035237,0.9,0.33761105626850935
43,logreg_smote,0.14503164090170287,0.20802919708029197,0.9,0.33794466403162055
43,logreg_smote,0.14525550974435053,0.20828258221680876,0.9,0.3382789317507418
43,logreg_smote,0.14554157386866506,0.20853658536585365,0.9,0.3386138613861386
43,logreg_smote,0.1455556021137276,0.2087912087912088,0.9,0.3389494549058474
43,logreg_smote,0.14568221841349552,0.20904645476772615,0.9,0.3392857142857143
43,logreg_smote,0.14573700113048685,0.20930232558139536,0.9,0.339622641509434
43,logreg_smote,0.14619714505951342,0.20955882352941177,0.9,0.3399602385685884
43,logreg_smote,0.14731761435285398,0.2098159509202454,0.9,0.3402985074626866
43,logreg_smote,0.14732903538716194,0.21007371007371006,0.9,0.34063745019920316
43,logreg_smote,0.14803052622177823,0.21033210332103322,0.9,0.34097706879361916
43,logreg_smote,0.14850028658688472,0.2105911330049261,0.9,0.3413173652694611
43,logreg_smote,0.14867406397544206,0.21085080147965474,0.9,0.34165834165834164
43,logreg_smote,0.1501536290214595,0.2111111111111111,0.9,0.34199999999999997
43,logreg_smote,0.15029233956293758,0.21137206427688504,0.9,0.3423423423423424
43,logreg_smote,0.15115181469528566,0.21163366336633663,0.9,0.342685370741483
43,logreg_smote,0.15150664905709912,0.21189591078066913,0.9,0.3430290872617853
43,logreg_smote,0.1515415154793338,0.21215880893300249,0.9,0.3433734939759036
43,logreg_smote,0.1516450841067718,0.2124223602484472,0.9,0.3437185929648241
43,logreg_smote,0.15199313593156671,0.2126865671641791,0.9,0.3440643863179074
43,logreg_smote,0.15200717088677654,0.2129514321295143,0.9,0.3444108761329305
43,logreg_smote,0.1533468995781635,0.21321695760598502,0.9,0.34475806451612895
43,logreg_smote,0.15359956578544307,0.21348314606741572,0.9,0.34510595358224017
43,logreg_smote,0.1547444501937943,0.21375,0.9,0.34545454545454546
43,logreg_smote,0.15531861742550612,0.21401752190237797,0.9,0.34580384226491406
43,logreg_smote,0.15596510848530054,0.21428571428571427,0.9,0.3461538461538461
43,logreg_smote,0.15597202674853158,0.21455457967377667,0.9,0.34650455927051677
43,logreg_smote,0.15755616597321193,0.21482412060301506,0.9,0.34685598377281945
43,logreg_smote,0.15792637789356498,0.21509433962264152,0.9,0.3472081218274112
43,logreg_smote,0.15805482384156752,0.21536523929471033,0.9,0.3475609756097561
43,logreg_smote,0.15832536717642265,0.21563682219419925,0.9,0.34791454730417093
43,logreg_smote,0.15836269289325877,0.2159090909090909,0.9,0.3482688391038697
43,logreg_smote,0.15851219304789438,0.21618204804045513,0.9,0.3486238532110092
43,logreg_smote,0.15874521092060986,0.21645569620253163,0.9,0.3489795918367347
43,logreg_smote,0.15903181731152716,0.21673003802281368,0.9,0.3493360572012257
43,logreg_smote,0.1594255576239542,0.217005076142132,0.9,0.34969325153374237
43,logreg_smote,0.15964885428504788,0.21728081321473952,0.9,0.35005117707267147
43,logreg_smote,0.16107298702598802,0.21755725190839695,0.9,0.3504098360655738
43,logreg_smote,0.16180981022771068,0.2178343949044586,0.9,0.3507692307692307
43,logreg_smote,0.16228891495372819,0.2181122448979592,0.9,0.351129363449692
43,logreg_smote,0.16323874986566847,0.21839080459770116,0.9,0.35149023638232274
43,logreg_smote,0.1637521436070693,0.2186700767263427,0.9,0.35185185185185186
43,logreg_smote,0.1650518893242255,0.21895006402048656,0.9,0.3522142121524202
43,logreg_smote,0.16644172764506013,0.21923076923076923,0.9,0.3525773195876289
43,logreg_smote,0.16723088177471143,0.21951219512195122,0.9,0.3529411764705882
43,logreg_smote,0.16766862661165938,0.21979434447300772,0.9,0.353305785123967
43,logreg_smote,0.16767570004666899,0.22007722007722008,0.9,0.35367114788004134
43,logreg_smote,0.16773994507982834,0.22036082474226804,0.9,0.35403726708074534
43,logreg_smote,0.16845587198158563,0.22064516129032258,0.9,0.3544041450777202
43,logreg_smote,0.16884275248758102,0.22093023255813954,0.9,0.35477178423236516
43,logreg_smote,0.16913064373614284,0.22121604139715395,0.9,0.3551401869158879
43,logreg_smote,0.17004414463769285,0.22150259067357514,0.9,0.35550935550935553
43,logreg_smote,0.17202827292037323,0.22178988326848248,0.9,0.35587929240374605
43,logreg_smote,0.17273087602203402,0.22207792207792207,0.9,0.35625
43,logreg_smote,0.1729884190988974,0.2223667100130039,0.9,0.35662148070907196
43,logreg_smote,0.17574141414812638,0.22265625,0.9,0.35699373695198333
43,logreg_smote,0.17625834376662916,0.22294654498044328,0.9,0.35736677115987464
43,logreg_smote,0.1770102896586731,0.22323759791122716,0.9,0.35774058577405854
43,logreg_smote,0.1780940813924594,0.2235294117647059,0.9,0.35811518324607333
43,logreg_smote,0.17884228704878416,0.2238219895287958,0.9,0.3584905660377359
43,logreg_smote,0.17979287184198015,0.22411533420707733,0.9,0.3588667366211962
43,logreg_smote,0.18012917080555174,0.22440944881889763,0.9,0.3592436974789916
43,logreg_smote,0.18045958208981905,0.22470433639947437,0.9,0.35962145110410093
43,logreg_smote,0.18052849310382452,0.225,0.9,0.36000000000000004
43,logreg_smote,0.1807386644543156,0.22529644268774704,0.9,0.36037934668071653
43,logreg_smote,0.1807870331437363,0.22559366754617413,0.9,0.36075949367088606
43,logreg_smote,0.1808784956925027,0.22589167767503301,0.9,0.3611404435058078
43,logreg_smote,0.18088259252546676,0.2261904761904762,0.9,0.36152219873150104
43,logreg_smote,0.1822032554138939,0.22649006622516557,0.9,0.3619047619047619
43,logreg_smote,0.18233936169916937,0.22679045092838196,0.9,0.3622881355932204
43,logreg_smote,0.18280168759087959,0.22709163346613545,0.9,0.36267232237539765
43,logreg_smote,0.18347502052092937,0.22606382978723405,0.8947368421052632,0.3609341825902336
43,logreg_smote,0.18459728572512143,0.22636484687083888,0.8947368421052632,0.361317747077577
43,logreg_smote,0.18526962706204875,0.22666666666666666,0.8947368421052632,0.36170212765957444
43,logreg_smote,0.18748420286916617,0.22696929238985314,0.8947368421052632,0.362087326943557
43,logreg_smote,0.18883303988562605,0.22727272727272727,0.8947368421052632,0.36247334754797444
43,logreg_smote,0.18988155376796576,0.22757697456492637,0.8947368421052632,0.3628601921024546
43,logreg_smote,0.19090195669799354,0.22788203753351208,0.8947368421052632,0.3632478632478633
43,logreg_smote,0.191086906795222,0.22818791946308725,0.8947368421052632,0.3636363636363636
43,logreg_smote,0.19133549740056136,0.22849462365591397,0.8947368421052632,0.36402569593147754
43,logreg_smote,0.1923313995027163,0.2288021534320323,0.8947368421052632,0.36441586280814575
43,logreg_smote,0.19250610511835026,0.22911051212938005,0.8947368421052632,0.36480686695278974
43,logreg_smote,0.19321066506046322,0.22941970310391363,0.8947368421052632,0.3651987110633727
43,logreg_smote,0.19336053938513048,0.22972972972972974,0.8947368421052632,0.36559139784946243
43,logreg_smote,0.19394994323801903,0.23004059539918809,0.8947368421052632,0.36598493003229277
43,logreg_smote,0.19478831951038583,0.23035230352303523,0.8947368421052632,0.3663793103448276
43,logreg_smote,0.1950821437503103,0.23066485753052918,0.8947368421052632,0.3667745415318231
43,logreg_smote,0.1951124627949428,0.2296195652173913,0.8894736842105263,0.36501079913606915
43,logreg_smote,0.19557023180991162,0.22993197278911565,0.8894736842105263,0.3654054054054054
43,logreg_smote,0.19678608544198187,0.23024523160762944,0.8894736842105263,0.3658008658008658
43,logreg_smote,0.19819037715351573,0.2305593451568895,0.8894736842105263,0.3661971830985915
43,logreg_smote,0.1988497930407593,0.23087431693989072,0.8894736842105263,0.36659436008676793
43,logreg_smote,0.19941448442317816,0.23119015047879618,0.8894736842105263,0.36699239956568946
43,logreg_smote,0.20024327152243196,0.23150684931506849,0.8894736842105263,0.36739130434782613
43,logreg_smote,0.20180358848070226,0.23182441700960219,0.8894736842105263,0.367791077257889
43,logreg_smote,0.20213761032694083,0.23214285714285715,0.8894736842105263,0.36819172113289766
43,logreg_smote,0.20360068281091925,0.2310866574965612,0.8842105263157894,0.366412213740458
43,logreg_smote,0.2040566232342944,0.23140495867768596,0.8842105263157894,0.3668122270742358
43,logreg_smote,0.20458197982227033,0.2317241379310345,0.8842105263157894,0.3672131147540984
43,logreg_smote,0.2046607476988245,0.23204419889502761,0.8842105263157894,0.3676148796498906
43,logreg_smote,0.20473609129842632,0.23236514522821577,0.8842105263157894,0.3680175246440307
43,logreg_smote,0.20503302178006896,0.23268698060941828,0.8842105263157894,0.3684210526315789
43,logreg_smote,0.20527692746907358,0.23300970873786409,0.8842105263157894,0.3688254665203074
43,logreg_smote,0.20857329736559885,0.23333333333333334,0.8842105263157894,0.36923076923076925
43,logreg_smote,0.20924663282562467,0.2336578581363004,0.8842105263157894,0.36963696369636967
43,logreg_smote,0.2106033944307838,0.233983286908078,0.8842105263157894,0.3700440528634361
43,logreg_smote,0.2117258650883964,0.23430962343096234,0.8842105263157894,0.3704520396912899
43,logreg_smote,0.21224236273962677,0.2346368715083799,0.8842105263157894,0.3708609271523179
43,logreg_smote,0.21405888885576813,0.23496503496503496,0.8842105263157894,0.3712707182320442
43,logreg_smote,0.21433262586563567,0.23529411764705882,0.8842105263157894,0.37168141592920356
43,logreg_smote,0.21463295161698626,0.23562412342215988,0.8842105263157894,0.372093023255814
43,logreg_smote,0.21546303286409896,0.23595505617977527,0.8842105263157894,0.3725055432372505
43,logreg_smote,0.21549140472529346,0.23628691983122363,0.8842105263157894,0.3729189789123197
43,logreg_smote,0.2159021606618488,0.23661971830985915,0.8842105263157894,0.3733333333333333
43,logreg_smote,0.21756324456468104,0.23554301833568406,0.8789473684210526,0.37152391546162405
43,logreg_smote,0.21790859475525476,0.23587570621468926,0.8789473684210526,0.3719376391982182
43,logreg_smote,0.21813718084939746,0.2362093352192362,0.8789473684210526,0.37235228539576365
43,logreg_smote,0.21826863798725546,0.23654390934844194,0.8789473684210526,0.37276785714285715
43,logreg_smote,0.2185882025488704,0.23687943262411348,0.8789473684210526,0.3731843575418995
43,logreg_smote,0.21860317172623445,0.2372159090909091,0.8789473684210526,0.3736017897091723
43,logreg_smote,0.2189741108802531,0.2375533428165007,0.8789473684210526,0.374020156774916
43,logreg_smote,0.21954832872383323,0.2378917378917379,0.8789473684210526,0.37443946188340804
43,logreg_smote,0.21957594671108357,0.23823109843081314,0.8789473684210526,0.37485970819304154
43,logreg_smote,0.22012314586084955,0.23857142857142857,0.8789473684210526,0.3752808988764045
43,logreg_smote,0.22142668735658216,0.23891273247496422,0.8789473684210526,0.37570303712035996
43,logreg_smote,0.22190933946626304,0.23782234957020057,0.8736842105263158,0.3738738738738739
43,logreg_smote,0.22191817765691782,0.2381635581061693,0.8736842105263158,0.3742953776775648
43,logreg_smote,0.22280300668267372,0.23850574712643677,0.8736842105263158,0.37471783295711064
43,logreg_smote,0.22289209083130915,0.23884892086330936,0.8736842105263158,0.3751412429378531
43,logreg_smote,0.22295267297291385,0.23919308357348704,0.8736842105263158,0.3755656108597285
43,logreg_smote,0.22350642414184185,0.23953823953823955,0.8736842105263158,0.37599093997734995
43,logreg_smote,0.22391485140459685,0.2398843930635838,0.8736842105263158,0.37641723356009066
43,logreg_smote,0.22497453646745938,0.2402315484804631,0.8736842105263158,0.37684449489216804
43,logreg_smote,0.22513448438767303,0.24057971014492754,0.8736842105263158,0.37727272727272726
43,logreg_smote,0.22677165251974224,0.2409288824383164,0.8736842105263158,0.37770193401592717
43,logreg_smote,0.2271403719161926,0.24127906976744187,0.8736842105263158,0.37813211845102507
43,logreg_smote,0.2273865717484245,0.24163027656477437,0.8736842105263158,0.3785632839224629
43,logreg_smote,0.22821378214871718,0.24198250728862974,0.8736842105263158,0.3789954337899544
43,logreg_smote,0.22828293463513263,0.24233576642335766,0.8736842105263158,0.37942857142857145
43,logreg_smote,0.22870472880455553,0.24269005847953215,0.8736842105263158,0.3798627002288329
43,logreg_smote,0.22926382833612471,0.2430453879941435,0.8736842105263158,0.3802978235967927
43,logreg_smote,0.22954807192332732,0.2434017595307918,0.8736842105263158,0.38073394495412843
43,logreg_smote,0.23071120243428006,0.24375917767988253,0.8736842105263158,0.3811710677382319
43,logreg_smote,0.2307774246549974,0.24411764705882352,0.8736842105263158,0.3816091954022989
43,logreg_smote,0.2322103359337996,0.24447717231222385,0.8736842105263158,0.38204833141542
43,logreg_smote,0.23282468950134275,0.2448377581120944,0.8736842105263158,0.3824884792626728
43,logreg_smote,0.23304692653815665,0.24519940915805022,0.8736842105263158,0.3829296424452134
43,logreg_smote,0.2342789488951652,0.2455621301775148,0.8736842105263158,0.3833718244803695
43,logreg_smote,0.23428924901154752,0.24444444444444444,0.868421052631579,0.3815028901734104
43,logreg_smote,0.2364815814857659,0.24480712166172106,0.868421052631579,0.3819444444444444
43,logreg_smote,0.23649999675018224,0.2451708766716196,0.868421052631579,0.3823870220162225
43,logreg_smote,0.2366061532478805,0.24553571428571427,0.868421052631579,0.382830626450116
43,logreg_smote,0.23774412876827802,0.2459016393442623,0.868421052631579,0.38327526132404177
43,logreg_smote,0.23936036955956275,0.2462686567164179,0.868421052631579,0.3837209302325581
43,logreg_smote,0.23978386335451368,0.24663677130044842,0.868421052631579,0.38416763678696153
43,logreg_smote,0.2398442041273678,0.2470059880239521,0.868421052631579,0.3846153846153846
43,logreg_smote,0.2402538416762778,0.24737631184407796,0.868421052631579,0.38506417736289383
43,logreg_smote,0.24083097875151316,0.24624624624624625,0.8631578947368421,0.38317757009345793
43,logreg_smote,0.24153629995304643,0.24661654135338346,0.8631578947368421,0.3836257309941521
43,logreg_smote,0.24162537583238267,0.2469879518072289,0.8631578947368421,0.3840749414519906
43,logreg_smote,0.24449045994601254,0.2473604826546003,0.8631578947368421,0.384525205158265
43,logreg_smote,0.24492039122375112,0.24773413897280966,0.8631578947368421,0.38497652582159625
43,logreg_smote,0.24678763618974014,0.2481089258698941,0.8631578947368421,0.3854289071680376
43,logreg_smote,0.2468172335730324,0.24848484848484848,0.8631578947368421,0.3858823529411764
43,logreg_smote,0.251859182321641,0.2488619119878604,0.8631578947368421,0.38633686690223795
43,logreg_smote,0.2535626822590488,0.24924012158054712,0.8631578947368421,0.3867924528301887
43,logreg_smote,0.2536740826356397,0.2496194824961948,0.8631578947368421,0.38724911452184174
43,logreg_smote,0.25441196664686794,0.25,0.8631578947368421,0.3877068557919622
43,logreg_smote,0.2555816056224884,0.250381679389313,0.8631578947368421,0.3881656804733728
43,logreg_smote,0.25604857083284127,0.25076452599388377,0.8631578947368421,0.38862559241706157
43,logreg_smote,0.2564155711346741,0.25114854517611024,0.8631578947368421,0.38908659549228947
43,logreg_smote,0.25690978362902056,0.25153374233128833,0.8631578947368421,0.38954869358669836
43,logreg_smote,0.2579543639236684,0.2519201228878648,0.8631578947368421,0.3900118906064209
43,logreg_smote,0.2583608175830065,0.25076923076923074,0.8578947368421053,0.3880952380952381
43,logreg_smote,0.25946106185844525,0.25115562403698,0.8578947368421053,0.38855780691299174
43,logreg_smote,0.25951217175925856,0.2515432098765432,0.8578947368421053,0.3890214797136038
43,logreg_smote,0.25971199596291333,0.25193199381761977,0.8578947368421053,0.3894862604540023
43,logreg_smote,0.25972279453074193,0.25232198142414863,0.8578947368421053,0.3899521531100479
43,logreg_smote,0.2618786741736408,0.2527131782945736,0.8578947368421053,0.3904191616766467
43,logreg_smote,0.26319370592148894,0.2531055900621118,0.8578947368421053,0.3908872901678658
43,logreg_smote,0.26387458982565243,0.2534992223950233,0.8578947368421053,0.39135654261704683
43,logreg_smote,0.2643392269596355,0.2538940809968847,0.8578947368421053,0.391826923076923
43,logreg_smote,0.2647111928600994,0.2542901716068643,0.8578947368421053,0.3922984356197353
43,logreg_smote,0.2658489043448861,0.2546875,0.8578947368421053,0.3927710843373494
43,logreg_smote,0.26622173477931793,0.25508607198748046,0.8578947368421053,0.39324487334137515
43,logreg_smote,0.2664677378808545,0.2554858934169279,0.8578947368421053,0.393719806763285
43,logreg_smote,0.26721237619290833,0.25588697017268447,0.8578947368421053,0.39419588875453443
43,logreg_smote,0.26848519285540795,0.2562893081761006,0.8578947368421053,0.3946731234866828
43,logreg_smote,0.2708618229588081,0.2566929133858268,0.8578947368421053,0.3951515151515151
43,logreg_smote,0.2714433870230172,0.25709779179810727,0.8578947368421053,0.3956310679611651
43,logreg_smote,0.27236492729200107,0.2575039494470774,0.8578947368421053,0.3961117861482381
43,logreg_smote,0.2724952246165018,0.2579113924050633,0.8578947368421053,0.3965936739659367
43,logreg_smote,0.27477975487058764,0.25673534072900156,0.8526315789473684,0.394640682095006
43,logreg_smote,0.277126750231653,0.2571428571428571,0.8526315789473684,0.39512195121951216
43,logreg_smote,0.27841628216992925,0.2575516693163752,0.8526315789473684,0.39560439560439564
43,logreg_smote,0.2786724140498555,0.25796178343949044,0.8526315789473684,0.39608801955990214
43,logreg_smote,0.28044124704220846,0.2583732057416268,0.8526315789473684,0.3965728274173807
43,logreg_smote,0.28289003775202287,0.25878594249201275,0.8526315789473684,0.39705882352941174
43,logreg_smote,0.2840652392450513,0.2576,0.8473684210526315,0.3950920245398773
43,logreg_smote,0.28413701691925175,0.25801282051282054,0.8473684210526315,0.39557739557739563
43,logreg_smote,0.2841841557059935,0.25842696629213485,0.8473684210526315,0.3960639606396064
43,logreg_smote,0.2842554470228936,0.25884244372990356,0.8473684210526315,0.3965517241379311
43,logreg_smote,0.28444071351154837,0.25925925925925924,0.8473684210526315,0.39704069050554863
43,logreg_smote,0.28558071304793753,0.25967741935483873,0.8473684210526315,0.39753086419753086
43,logreg_smote,0.28605617588631743,0.26009693053311794,0.8473684210526315,0.3980222496909765
43,logreg_smote,0.2860973471642114,0.2605177993527508,0.8473684210526315,0.39851485148514854
43,logreg_smote,0.28703133733560804,0.26094003241491087,0.8473684210526315,0.3990086741016109
43,logreg_smote,0.287361481232074,0.26136363636363635,0.8473684210526315,0.3995037220843672
43,logreg_smote,0.28838575123054316,0.26178861788617885,0.8473684210526315,0.4
43,logreg_smote,0.2894064693678368,0.26221498371335505,0.8473684210526315,0.4004975124378109
43,logreg_smote,0.28960952999427625,0.2626427406199021,0.8473684210526315,0.40099626400996263
43,logreg_smote,0.28984151584108203,0.2630718954248366,0.8473684210526315,0.401496259351621
43,logreg_smote,0.2901772740127316,0.2635024549918167,0.8473684210526315,0.40199750312109855
43,logreg_smote,0.2936897123505954,0.26229508196721313,0.8421052631578947,0.4
43,logreg_smote,0.2948694591065828,0.2627257799671593,0.8421052631578947,0.4005006257822278
43,logreg_smote,0.2949575750239415,0.2631578947368421,0.8421052631578947,0.40100250626566414
43,logreg_smote,0.2955495649434346,0.26359143327841844,0.8421052631578947,0.40150564617314927
43,logreg_smote,0.2957119674016636,0.264026402640264,0.8421052631578947,0.40201005025125625
43,logreg_smote,0.2961595572916941,0.2644628099173554,0.8421052631578947,0.4025157232704403
43,logreg_smote,0.2963693355439526,0.26490066225165565,0.8421052631578947,0.40302267002518893
43,logreg_smote,0.29720194387439713,0.26533996683250416,0.8421052631578947,0.40353089533417397
43,logreg_smote,0.29815305609330306,0.26578073089701,0.8421052631578947,0.40404040404040403
43,logreg_smote,0.2983403120165424,0.26622296173044924,0.8421052631578947,0.404551201011378
43,logreg_smote,0.2984297562102009,0.26666666666666666,0.8421052631578947,0.4050632911392405
43,logreg_smote,0.29906948874676353,0.2671118530884808,0.8421052631578947,0.40557667934093783
43,logreg_smote,0.2995357251447621,0.26755852842809363,0.8421052631578947,0.4060913705583756
43,logreg_smote,0.30301205409489806,0.26800670016750416,0.8421052631578947,0.4066073697585768
43,logreg_smote,0.30454998013942114,0.26677852348993286,0.8368421052631579,0.4045801526717557
43,logreg_smote,0.30500069507820277,0.2672268907563025,0.8368421052631579,0.40509554140127385
43,logreg_smote,0.3066242510004677,0.2676767676767677,0.8368421052631579,0.4056122448979592
43,logreg_smote,0.3079639897539495,0.26644182124789206,0.8315789473684211,0.4035759897828863
43,logreg_smote,0.30832578601554017,0.2668918918918919,0.8315789473684211,0.4040920716112531
43,logreg_smote,0.309243081753667,0.2656514382402707,0.8263157894736842,0.4020486555697823
43,logreg_smote,0.30979217295307987,0.26610169491525426,0.8263157894736842,0.4025641025641026
43,logreg_smote,0.3100054899717355,0.266553480475382,0.8263157894736842,0.4030808729139923
43,logreg_smote,0.3110027368363301,0.26700680272108845,0.8263157894736842,0.4035989717223651
43,logreg_smote,0.3117301078637602,0.2674616695059625,0.8263157894736842,0.4041184041184041
43,logreg_smote,0.3134217532346934,0.26791808873720135,0.8263157894736842,0.4046391752577319
43,logreg_smote,0.31361829538665886,0.26666666666666666,0.8210526315789474,0.40258064516129033
43,logreg_smote,0.3159106596083133,0.2671232876712329,0.8210526315789474,0.40310077519379844
43,logreg_smote,0.3162038966691004,0.26758147512864494,0.8210526315789474,0.40362225097024573
43,logreg_smote,0.31643842030442937,0.26804123711340205,0.8210526315789474,0.4041450777202072
43,logreg_smote,0.3171483877579876,0.2685025817555938,0.8210526315789474,0.4046692607003891
43,logreg_smote,0.3178724541405726,0.2689655172413793,0.8210526315789474,0.40519480519480516
43,logreg_smote,0.3209016589006265,0.2694300518134715,0.8210526315789474,0.40572171651495453
43,logreg_smote,0.32093934436579497,0.2698961937716263,0.8210526315789474,0.40625
43,logreg_smote,0.32132216773557487,0.2703639514731369,0.8210526315789474,0.4067796610169491
43,logreg_smote,0.3216643874258326,0.2708333333333333,0.8210526315789474,0.4073107049608355
43,logreg_smote,0.32200004144911987,0.271304347826087,0.8210526315789474,0.407843137254902
43,logreg_smote,0.32235473448426916,0.27177700348432055,0.8210526315789474,0.4083769633507854
43,logreg_smote,0.3234361455400894,0.27225130890052357,0.8210526315789474,0.4089121887287025
43,logreg_smote,0.32458276985509843,0.2727272727272727,0.8210526315789474,0.4094488188976377
43,logreg_smote,0.32466068965107053,0.2732049036777583,0.8210526315789474,0.4099868593955322
43,logreg_smote,0.32571962035537644,0.2736842105263158,0.8210526315789474,0.4105263157894737
43,logreg_smote,0.3260451013092216,0.2741652021089631,0.8210526315789474,0.4110671936758893
43,logreg_smote,0.3298248106825973,0.2746478873239437,0.8210526315789474,0.4116094986807388
43,logreg_smote,0.3300822151246788,0.2751322751322751,0.8210526315789474,0.4121532364597093
43,logreg_smote,0.3321604801002649,0.2756183745583039,0.8210526315789474,0.4126984126984127
43,logreg_smote,0.3325020243504361,0.2761061946902655,0.8210526315789474,0.41324503311258276
43,logreg_smote,0.33258827371097616,0.2765957446808511,0.8210526315789474,0.41379310344827586
43,logreg_smote,0.3332396775372885,0.27708703374777977,0.8210526315789474,0.4143426294820717
43,logreg_smote,0.33387076774203317,0.2775800711743772,0.8210526315789474,0.4148936170212766
43,logreg_smote,0.33467951648796934,0.27807486631016043,0.8210526315789474,0.4154460719041278
43,logreg_smote,0.334682980870664,0.2785714285714286,0.8210526315789474,0.41600000000000004
43,logreg_smote,0.33784008495155304,0.27906976744186046,0.8210526315789474,0.4165554072096128
43,logreg_smote,0.33849710463166915,0.27956989247311825,0.8210526315789474,0.4171122994652406
43,logreg_smote,0.3392061132988305,0.2800718132854578,0.8210526315789474,0.41767068273092367
43,logreg_smote,0.33970528328428096,0.2787769784172662,0.8157894736842105,0.4155495978552279
43,logreg_smote,0.3414537269939446,0.27927927927927926,0.8157894736842105,0.4161073825503355
43,logreg_smote,0.34177433965888265,0.27978339350180503,0.8157894736842105,0.41666666666666663
43,logreg_smote,0.34226086290006447,0.28028933092224234,0.8157894736842105,0.41722745625841184
43,logreg_smote,0.34240158360218365,0.2807971014492754,0.8157894736842105,0.4177897574123989
43,logreg_smote,0.3428423199971927,0.2813067150635209,0.8157894736842105,0.41835357624831315
43,logreg_smote,0.3456844886303585,0.2818181818181818,0.8157894736842105,0.41891891891891886
43,logreg_smote,0.34580210343448803,0.28233151183970856,0.8157894736842105,0.4194857916102841
43,logreg_smote,0.3461048115640653,0.28284671532846717,0.8157894736842105,0.42005420054200543
43,logreg_smote,0.34621125032219,0.283363802559415,0.8157894736842105,0.4206241519674355
43,logreg_smote,0.3464346100206071,0.2838827838827839,0.8157894736842105,0.421195652173913
43,logreg_smote,0.3466468275874795,0.28440366972477066,0.8157894736842105,0.4217687074829932
43,logreg_smote,0.346986750585681,0.2849264705882353,0.8157894736842105,0.4223433242506812
43,logreg_smote,0.3484528772795354,0.285451197053407,0.8157894736842105,0.4229195088676671
43,logreg_smote,0.34859204946400135,0.2859778597785978,0.8157894736842105,0.42349726775956287
43,logreg_smote,0.3507291000932045,0.28650646950092423,0.8157894736842105,0.4240766073871409
43,logreg_smote,0.3528650647107062,0.28703703703703703,0.8157894736842105,0.4246575342465753
43,logreg_smote,0.35319322133374936,0.287569573283859,0.8157894736842105,0.42524005486968447
43,logreg_smote,0.3542207917014774,0.28810408921933084,0.8157894736842105,0.4258241758241758
43,logreg_smote,0.35432534725420317,0.2886405959031657,0.8157894736842105,0.42640990371389276
43,logreg_smote,0.3560181923488886,0.2891791044776119,0.8157894736842105,0.42699724517906334
43,logreg_smote,0.3565135518423985,0.2897196261682243,0.8157894736842105,0.4275862068965517
43,logreg_smote,0.35767484944361966,0.2902621722846442,0.8157894736842105,0.42817679558011046
43,logreg_smote,0.35948788344520655,0.29080675422138835,0.8157894736842105,0.4287690179806362
43,logreg_smote,0.3601737812920104,0.29135338345864664,0.8157894736842105,0.4293628808864266
43,logreg_smote,0.36038724995565163,0.2919020715630885,0.8157894736842105,0.42995839112343964
43,logreg_smote,0.36230425545556355,0.29245283018867924,0.8157894736842105,0.4305555555555555
43,logreg_smote,0.36541755415018246,0.29300567107750475,0.8157894736842105,0.43115438108484005
43,logreg_smote,0.36542771234047344,0.2935606060606061,0.8157894736842105,0.4317548746518106
43,logreg_smote,0.3684605198210874,0.29411764705882354,0.8157894736842105,0.43235704323570434
43,logreg_smote,0.36860013629198796,0.2946768060836502,0.8157894736842105,0.4329608938547486
43,logreg_smote,0.3704223272908366,0.29523809523809524,0.8157894736842105,0.4335664335664336
43,logreg_smote,0.3713471526026957,0.2958015267175573,0.8157894736842105,0.4341736694677872
43,logreg_smote,0.37137973185007084,0.2944550669216061,0.8105263157894737,0.4319775596072931
43,logreg_smote,0.37347400792326674,0.29310344827586204,0.8052631578947368,0.4297752808988764
43,logreg_smote,0.3734888106090355,0.29366602687140114,0.8052631578947368,0.430379746835443
43,logreg_smote,0.3742532777858539,0.29423076923076924,0.8052631578947368,0.4309859154929577
43,logreg_smote,0.3749089732292464,0.2947976878612717,0.8052631578947368,0.43159379407616366
43,logreg_smote,0.37496456360885616,0.2953667953667954,0.8052631578947368,0.4322033898305085
43,logreg_smote,0.37507859390196324,0.2940038684719536,0.8,0.42998585572842996
43,logreg_smote,0.37601100781664987,0.29457364341085274,0.8,0.43059490084985835
43,logreg_smote,0.3761252150800473,0.29514563106796116,0.8,0.4312056737588652
43,logreg_smote,0.3762923743216072,0.29571984435797666,0.8,0.4318181818181818
43,logreg_smote,0.37634591747635643,0.2962962962962963,0.8,0.43243243243243246
43,logreg_smote,0.3764038747939629,0.296875,0.8,0.43304843304843305
43,logreg_smote,0.37914367450436165,0.2974559686888454,0.8,0.43366619115549215
43,logreg_smote,0.3797157376867428,0.2980392156862745,0.8,0.4342857142857143
43,logreg_smote,0.3802518884525744,0.29862475442043224,0.8,0.4349070100143061
43,logreg_smote,0.38178098700433183,0.2992125984251969,0.8,0.43553008595988535
43,logreg_smote,0.38180610433361306,0.29980276134122286,0.8,0.4361549497847919
43,logreg_smote,0.3825970938144293,0.30039525691699603,0.8,0.43678160919540227
43,logreg_smote,0.3826526049287622,0.299009900990099,0.7947368421052632,0.4345323741007194
43,logreg_smote,0.38286839129841216,0.2976190476190476,0.7894736842105263,0.4322766570605187
43,logreg_smote,0.38314176907022734,0.2982107355864811,0.7894736842105263,0.43290043290043284
43,logreg_smote,0.3838635650409172,0.29880478087649404,0.7894736842105263,0.43352601156069365
43,logreg_smote,0.3854524740174687,0.2994011976047904,0.7894736842105263,0.4341534008683068
43,logreg_smote,0.3875773320881947,0.3,0.7894736842105263,0.4347826086956521
43,logreg_smote,0.3879936147517486,0.30060120240480964,0.7894736842105263,0.43541364296081275
43,logreg_smote,0.3886688161849798,0.2991967871485944,0.7842105263157895,0.4331395348837209
43,logreg_smote,0.38933797327005165,0.2977867203219316,0.7789473684210526,0.43085880640465796
43,logreg_smote,0.390643268706484,0.29838709677419356,0.7789473684210526,0.4314868804664723
43,logreg_smote,0.3917748786710901,0.298989898989899,0.7789473684210526,0.43211678832116784
43,logreg_smote,0.3937132141720554,0.29959514170040485,0.7789473684210526,0.4327485380116959
43,logreg_smote,0.39395923006692757,0.3002028397565923,0.7789473684210526,0.43338213762811123
43,logreg_smote,0.3958505725276386,0.3008130081300813,0.7789473684210526,0.43401759530791795
43,logreg_smote,0.39680337459795156,0.3014256619144603,0.7789473684210526,0.43465491923641697
43,logreg_smote,0.39727953773847374,0.3020408163265306,0.7789473684210526,0.43529411764705883
43,logreg_smote,0.39798002768016716,0.3006134969325153,0.7736842105263158,0.43298969072164945
43,logreg_smote,0.39886895785218274,0.3012295081967213,0.7736842105263158,0.43362831858407075
43,logreg_smote,0.39926830147013975,0.30184804928131415,0.7736842105263158,0.4342688330871491
43,logreg_smote,0.39973558604887144,0.30246913580246915,0.7736842105263158,0.4349112426035503
43,logreg_smote,0.4003083232304503,0.3030927835051546,0.7736842105263158,0.4355555555555555
43,logreg_smote,0.40045402959988863,0.3037190082644628,0.7736842105263158,0.4362017804154303
43,logreg_smote,0.40148884467269375,0.30434782608695654,0.7736842105263158,0.43684992570579495
43,logreg_smote,0.40370762298589513,0.3049792531120332,0.7736842105263158,0.4375
43,logreg_smote,0.40403312330193186,0.30353430353430355,0.7684210526315789,0.4351713859910581
43,logreg_smote,0.4058160339162246,0.30416666666666664,0.7684210526315789,0.435820895522388
43,logreg_smote,0.4074906462848365,0.3048016701461378,0.7684210526315789,0.43647234678624813
43,logreg_smote,0.4079884560593065,0.3054393305439331,0.7684210526315789,0.437125748502994
43,logreg_smote,0.4081649275435978,0.3060796645702306,0.7684210526315789,0.43778110944527737
43,logreg_smote,0.40896639071347624,0.3067226890756303,0.7684210526315789,0.4384384384384385
43,logreg_smote,0.40903491525468333,0.30736842105263157,0.7684210526315789,0.43909774436090226
43,logreg_smote,0.409467481758779,0.3080168776371308,0.7684210526315789,0.4397590361445783
43,logreg_smote,0.40977223684962805,0.3086680761099366,0.7684210526315789,0.440422322775264
43,logreg_smote,0.409772860361171,0.3093220338983051,0.7684210526315789,0.44108761329305135
43,logreg_smote,0.4105529936503698,0.3078556263269639,0.7631578947368421,0.43872919818456885
43,logreg_smote,0.41101828408653496,0.30851063829787234,0.7631578947368421,0.4393939393939394
43,logreg_smote,0.4118026568035221,0.3091684434968017,0.7631578947368421,0.4400606980273141
43,logreg_smote,0.41196087426605554,0.30982905982905984,0.7631578947368421,0.44072948328267475
43,logreg_smote,0.41392188051169715,0.31049250535331907,0.7631578947368421,0.4414003044140031
43,logreg_smote,0.4143418677034279,0.3111587982832618,0.7631578947368421,0.4420731707317073
43,logreg_smote,0.41435846493986667,0.3118279569892473,0.7631578947368421,0.44274809160305345
43,logreg_smote,0.41453996520397485,0.3125,0.7631578947368421,0.44342507645259943
43,logreg_smote,0.4147666996253955,0.31317494600431967,0.7631578947368421,0.444104134762634
43,logreg_smote,0.4149555947398848,0.31385281385281383,0.7631578947368421,0.4447852760736197
43,logreg_smote,0.4156748188839965,0.31453362255965295,0.7631578947368421,0.44546850998463905
43,logreg_smote,0.416684918408144,0.31521739130434784,0.7631578947368421,0.4461538461538462
43,logreg_smote,0.4170872248017111,0.3159041394335512,0.7631578947368421,0.44684129429892144
43,logreg_smote,0.4173202630838604,0.3165938864628821,0.7631578947368421,0.4475308641975308
43,logreg_smote,0.41800647577108235,0.3172866520787746,0.7631578947368421,0.4482225656877898
43,logreg_smote,0.41819790861086437,0.31798245614035087,0.7631578947368421,0.4489164086687306
43,logreg_smote,0.4195298225175998,0.31868131868131866,0.7631578947368421,0.44961240310077516
43,logreg_smote,0.4200836720879315,0.31938325991189426,0.7631578947368421,0.4503105590062112
43,logreg_smote,0.4218694507182961,0.3200883002207506,0.7631578947368421,0.45101088646967347
43,logreg_smote,0.42304973177313226,0.32079646017699115,0.7631578947368421,0.4517133956386293
43,logreg_smote,0.4246598064348628,0.3215077605321508,0.7631578947368421,0.4524180967238689
43,logreg_smote,0.4273424872663302,0.32222222222222224,0.7631578947368421,0.453125
43,logreg_smote,0.4277609714220393,0.32293986636971045,0.7631578947368421,0.4538341158059468
43,logreg_smote,0.42807717363173914,0.3236607142857143,0.7631578947368421,0.45454545454545453
43,logreg_smote,0.42833332024964715,0.3221476510067114,0.7578947368421053,0.45211930926216637
43,logreg_smote,0.4292314040067107,0.32286995515695066,0.7578947368421053,0.4528301886792453
43,logreg_smote,0.4294692128399273,0.3235955056179775,0.7578947368421053,0.45354330708661417
43,logreg_smote,0.43072907366452406,0.32432432432432434,0.7578947368421053,0.4542586750788644
43,logreg_smote,0.4327709544813516,0.32505643340857787,0.7578947368421053,0.4549763033175356
43,logreg_smote,0.4362577299190243,0.3257918552036199,0.7578947368421053,0.45569620253164556
43,logreg_smote,0.4384989094555823,0.32653061224489793,0.7578947368421053,0.456418383518225
43,logreg_smote,0.4390074723771,0.32727272727272727,0.7578947368421053,0.45714285714285713
43,logreg_smote,0.44016784898743355,0.32801822323462415,0.7578947368421053,0.4578696343402226
43,logreg_smote,0.44053074331851694,0.3287671232876712,0.7578947368421053,0.45859872611464964
43,logreg_smote,0.4426311372050083,0.32723112128146453,0.7526315789473684,0.45614035087719296
43,logreg_smote,0.44343005104251176,0.32798165137614677,0.7526315789473684,0.45686900958466453
43,logreg_smote,0.4452668993863368,0.32873563218390806,0.7526315789473684,0.4576
43,logreg_smote,0.4453542813029836,0.3294930875576037,0.7526315789473684,0.4583333333333333
43,logreg_smote,0.4465530659236065,0.3302540415704388,0.7526315789473684,0.4590690208667737
43,logreg_smote,0.44682838962325533,0.33101851851851855,0.7526315789473684,0.45980707395498394
43,logreg_smote,0.4471226095676139,0.33178654292343385,0.7526315789473684,0.4605475040257649
43,logreg_smote,0.44718951967984133,0.3325581395348837,0.7526315789473684,0.46129032258064523
43,logreg_smote,0.44776467664868275,0.331002331002331,0.7473684210526316,0.4588045234248789
43,logreg_smote,0.45179500212424595,0.3317757009345794,0.7473684210526316,0.4595469255663431
43,logreg_smote,0.45205379787662037,0.3325526932084309,0.7473684210526316,0.46029173419773095
43,logreg_smote,0.4538157959765275,0.3333333333333333,0.7473684210526316,0.461038961038961
43,logreg_smote,0.45864205188509827,0.3341176470588235,0.7473684210526316,0.46178861788617886
43,logreg_smote,0.4599100010781377,0.33490566037735847,0.7473684210526316,0.4625407166123778
43,logreg_smote,0.46004502403375064,0.33569739952718675,0.7473684210526316,0.4632952691680261
43,logreg_smote,0.4604430679684517,0.33649289099526064,0.7473684210526316,0.46405228758169936
43,logreg_smote,0.4617929170724801,0.33729216152019004,0.7473684210526316,0.4648117839607202
43,logreg_smote,0.4654583849334075,0.3380952380952381,0.7473684210526316,0.46557377049180326
43,logreg_smote,0.465856097728249,0.33890214797136037,0.7473684210526316,0.4663382594417077
43,logreg_smote,0.4678936736123818,0.3397129186602871,0.7473684210526316,0.4671052631578947
43,logreg_smote,0.46936719451043063,0.3405275779376499,0.7473684210526316,0.4678747940691927
43,logreg_smote,0.46948411244330923,0.34134615384615385,0.7473684210526316,0.46864686468646866
43,logreg_smote,0.4702005141096602,0.3421686746987952,0.7473684210526316,0.46942148760330576
43,logreg_smote,0.4706468995902207,0.34299516908212563,0.7473684210526316,0.4701986754966887
43,logreg_smote,0.47109111513556845,0.34382566585956414,0.7473684210526316,0.4709784411276949
43,logreg_smote,0.47117068688152813,0.3446601941747573,0.7473684210526316,0.47176079734219273
43,logreg_smote,0.47289626157395026,0.34549878345498786,0.7473684210526316,0.4725457570715475
43,logreg_smote,0.47290516092957013,0.3463414634146341,0.7473684210526316,0.4733333333333333
43,logreg_smote,0.47465265736872553,0.3471882640586797,0.7473684210526316,0.47412353923205336
43,logreg_smote,0.4755628252665173,0.3480392156862745,0.7473684210526316,0.47491638795986624
43,logreg_smote,0.4765950120022065,0.3464373464373464,0.7421052631578947,0.4723618090452262
43,logreg_smote,0.4787853819239348,0.3472906403940887,0.7421052631578947,0.4731543624161074
43,logreg_smote,0.4808543222273139,0.345679012345679,0.7368421052631579,0.4705882352941177
43,logreg_smote,0.4820475475646996,0.3465346534653465,0.7368421052631579,0.47138047138047134
43,logreg_smote,0.484208443226257,0.34739454094292804,0.7368421052631579,0.4721753794266441
43,logreg_smote,0.484592802625,0.3482587064676617,0.7368421052631579,0.47297297297297297
43,logreg_smote,0.48597104505007105,0.34663341645885287,0.7315789473684211,0.4703891708967851
43,logreg_smote,0.48608015417876077,0.3475,0.7315789473684211,0.4711864406779661
43,logreg_smote,0.48863350488792584,0.3483709273182957,0.7315789473684211,0.47198641765704585
43,logreg_smote,0.48873567678806407,0.3492462311557789,0.7315789473684211,0.4727891156462585
43,logreg_smote,0.4903862872692897,0.3501259445843829,0.7315789473684211,0.4735945485519591
43,logreg_smote,0.4905948215795331,0.351010101010101,0.7315789473684211,0.47440273037542663
43,logreg_smote,0.490665790629085,0.3518987341772152,0.7315789473684211,0.47521367521367525
43,logreg_smote,0.4911590743316156,0.35279187817258884,0.7315789473684211,0.47602739726027393
43,logreg_smote,0.49210967834777525,0.35368956743002544,0.7315789473684211,0.47684391080617494
43,logreg_smote,0.493730925838602,0.35459183673469385,0.7315789473684211,0.4776632302405498
43,logreg_smote,0.4944328352630138,0.3554987212276215,0.7315789473684211,0.4784853700516351
43,logreg_smote,0.4945038498484303,0.3564102564102564,0.7315789473684211,0.4793103448275862
43,logreg_smote,0.49531887884268205,0.35732647814910024,0.7315789473684211,0.48013816925734026
43,logreg_smote,0.49553366574978114,0.3582474226804124,0.7315789473684211,0.4809688581314878
43,logreg_smote,0.49611474100908,0.35658914728682173,0.7263157894736842,0.4783362218370884
43,logreg_smote,0.4965885389139792,0.35751295336787564,0.7263157894736842,0.4791666666666667
43,logreg_smote,0.4975511802240874,0.35844155844155845,0.7263157894736842,0.4800000000000001
43,logreg_smote,0.49764953577909576,0.359375,0.7263157894736842,0.4808362369337979
43,logreg_smote,0.49904310397611845,0.360313315926893,0.7263157894736842,0.4816753926701571
43,logreg_smote,0.5014848317701933,0.3612565445026178,0.7263157894736842,0.48251748251748255
43,logreg_smote,0.5016600343702257,0.36220472440944884,0.7263157894736842,0.48336252189141865
43,logreg_smote,0.5021748514374283,0.3631578947368421,0.7263157894736842,0.4842105263157895
43,logreg_smote,0.5031845042773333,0.3641160949868074,0.7263157894736842,0.48506151142355014
43,logreg_smote,0.507207152651461,0.36507936507936506,0.7263157894736842,0.48591549295774644
43,logreg_smote,0.5079152019977902,0.3660477453580902,0.7263157894736842,0.4867724867724868
43,logreg_smote,0.509767382663124,0.3670212765957447,0.7263157894736842,0.4876325088339223
43,logreg_smote,0.5098566871871222,0.368,0.7263157894736842,0.488495575221239
43,logreg_smote,0.5105026358731073,0.3689839572192513,0.7263157894736842,0.48936170212765956
43,logreg_smote,0.5123359015927246,0.3699731903485255,0.7263157894736842,0.4902309058614565
43,logreg_smote,0.5124906856575191,0.3682795698924731,0.7210526315789474,0.4875444839857651
43,logreg_smote,0.51288199076259,0.3665768194070081,0.7157894736842105,0.4848484848484849
43,logreg_smote,0.5133086591237949,0.3675675675675676,0.7157894736842105,0.4857142857142857
43,logreg_smote,0.51401632856947,0.3685636856368564,0.7157894736842105,0.4865831842576029
43,logreg_smote,0.514829222204821,0.3695652173913043,0.7157894736842105,0.48745519713261654
43,logreg_smote,0.5153540284035667,0.37057220708446864,0.7157894736842105,0.4883303411131059
43,logreg_smote,0.5162477905524444,0.37158469945355194,0.7157894736842105,0.4892086330935252
43,logreg_smote,0.5165002809681861,0.3726027397260274,0.7157894736842105,0.49009009009009014
43,logreg_smote,0.5176766970937189,0.37362637362637363,0.7157894736842105,0.49097472924187724
43,logreg_smote,0.5185061657533884,0.3746556473829201,0.7157894736842105,0.49186256781193494
43,logreg_smote,0.5190502337289982,0.3756906077348066,0.7157894736842105,0.4927536231884058
43,logreg_smote,0.519616120905058,0.3739612188365651,0.7105263157894737,0.4900181488203267
43,logreg_smote,0.5200882886648599,0.375,0.7105263157894737,0.49090909090909096
43,logreg_smote,0.5209052858000267,0.37604456824512533,0.7105263157894737,0.4918032786885246
43,logreg_smote,0.5215268549441867,0.3770949720670391,0.7105263157894737,0.4927007299270073
43,logreg_smote,0.5219559692496832,0.37815126050420167,0.7105263157894737,0.493601462522852
43,logreg_smote,0.5241427766710024,0.3792134831460674,0.7105263157894737,0.4945054945054945
43,logreg_smote,0.5264154249058576,0.38028169014084506,0.7105263157894737,0.4954128440366972
43,logreg_smote,0.5267515701038136,0.3813559322033898,0.7105263157894737,0.4963235294117646
43,logreg_smote,0.5268523104140095,0.38243626062322944,0.7105263157894737,0.49723756906077343
43,logreg_smote,0.5272021627067242,0.3835227272727273,0.7105263157894737,0.4981549815498155
43,logreg_smote,0.5287441099494741,0.38461538461538464,0.7105263157894737,0.4990757855822551
43,logreg_smote,0.5290837874471043,0.38285714285714284,0.7052631578947368,0.4962962962962963
43,logreg_smote,0.5307760381116969,0.3839541547277937,0.7052631578947368,0.49721706864564
43,logreg_smote,0.5318998619683022,0.3850574712643678,0.7052631578947368,0.4981412639405205
43,logreg_smote,0.5331764310285306,0.3861671469740634,0.7052631578947368,0.4990689013035381
43,logreg_smote,0.5333481997797535,0.3872832369942196,0.7052631578947368,0.5
43,logreg_smote,0.5334680986923058,0.3884057971014493,0.7052631578947368,0.5009345794392523
43,logreg_smote,0.5356992019462344,0.38953488372093026,0.7052631578947368,0.50187265917603
43,logreg_smote,0.5358270249937702,0.39067055393586003,0.7052631578947368,0.50281425891182
43,logreg_smote,0.5364362222847561,0.391812865497076,0.7052631578947368,0.5037593984962405
43,logreg_smote,0.5366748340835781,0.39296187683284456,0.7052631578947368,0.5047080979284368
43,logreg_smote,0.5367702695104682,0.3941176470588235,0.7052631578947368,0.5056603773584906
43,logreg_smote,0.5369835110001554,0.39233038348082594,0.7,0.502835538752363
43,logreg_smote,0.5386809086199317,0.39349112426035504,0.7,0.5037878787878788
43,logreg_smote,0.5390095922518948,0.39465875370919884,0.7,0.5047438330170778
43,logreg_smote,0.5397272273425141,0.3958333333333333,0.7,0.5057034220532319
43,logreg_smote,0.5401365400393092,0.3970149253731343,0.7,0.5066666666666666
43,logreg_smote,0.5407445270246812,0.39820359281437123,0.7,0.5076335877862596
43,logreg_smote,0.5411856871388346,0.3993993993993994,0.7,0.5086042065009561
43,logreg_smote,0.5415621049872557,0.4006024096385542,0.7,0.5095785440613027
43,logreg_smote,0.5418963930026047,0.40181268882175225,0.7,0.510556621880998
43,logreg_smote,0.5431903612744997,0.403030303030303,0.7,0.5115384615384615
43,logreg_smote,0.5453218587042729,0.40425531914893614,0.7,0.5125240847784199
43,logreg_smote,0.5461663537126002,0.4054878048780488,0.7,0.5135135135135135
43,logreg_smote,0.5483755982984543,0.40672782874617736,0.7,0.5145067698259187
43,logreg_smote,0.5491340098656936,0.40797546012269936,0.7,0.5155038759689923
43,logreg_smote,0.5513825358322434,0.40615384615384614,0.6947368421052632,0.512621359223301
43,logreg_smote,0.551491038107471,0.4074074074074074,0.6947368421052632,0.5136186770428016
43,logreg_smote,0.5526566486977713,0.4086687306501548,0.6947368421052632,0.5146198830409358
43,logreg_smote,0.5546922734925698,0.40993788819875776,0.6947368421052632,0.515625
43,logreg_smote,0.5556793524790777,0.40809968847352024,0.6894736842105263,0.512720156555773
43,logreg_smote,0.5557739081583761,0.409375,0.6894736842105263,0.5137254901960785
43,logreg_smote,0.5581033035340415,0.4106583072100313,0.6894736842105263,0.5147347740667977
43,logreg_smote,0.5592204528839502,0.4119496855345912,0.6894736842105263,0.515748031496063
43,logreg_smote,0.560791985510642,0.41324921135646686,0.6894736842105263,0.5167652859960552
43,logreg_smote,0.561752583418277,0.41139240506329117,0.6842105263157895,0.5138339920948617
43,logreg_smote,0.5626954910270717,0.4095238095238095,0.6789473684210526,0.5108910891089109
43,logreg_smote,0.5641646456239668,0.40764331210191085,0.6736842105263158,0.5079365079365079
43,logreg_smote,0.5655673908703752,0.40894568690095845,0.6736842105263158,0.5089463220675945
43,logreg_smote,0.5671938543243674,0.40705128205128205,0.6684210526315789,0.5059760956175299
43,logreg_smote,0.5672444596935783,0.40514469453376206,0.6631578947368421,0.5029940119760479
43,logreg_smote,0.5673310060973946,0.4064516129032258,0.6631578947368421,0.504
43,logreg_smote,0.5697456200895601,0.4077669902912621,0.6631578947368421,0.5050100200400802
43,logreg_smote,0.570190104652526,0.4090909090909091,0.6631578947368421,0.5060240963855422
43,logreg_smote,0.5704924980441025,0.41042345276872966,0.6631578947368421,0.5070422535211268
43,logreg_smote,0.5709585280743549,0.4084967320261438,0.6578947368421053,0.5040322580645161
43,logreg_smote,0.5723473929748483,0.4098360655737705,0.6578947368421053,0.5050505050505051
43,logreg_smote,0.5745967073962065,0.41118421052631576,0.6578947368421053,0.5060728744939271
43,logreg_smote,0.5756239703350214,0.41254125412541254,0.6578947368421053,0.5070993914807302
43,logreg_smote,0.576138348498049,0.4139072847682119,0.6578947368421053,0.508130081300813
43,logreg_smote,0.5762270707409968,0.4152823920265781,0.6578947368421053,0.5091649694501018
43,logreg_smote,0.5768307511967217,0.41333333333333333,0.6526315789473685,0.5061224489795919
43,logreg_smote,0.5791419670882086,0.411371237458194,0.6473684210526316,0.5030674846625767
43,logreg_smote,0.5795726509913602,0.40939597315436244,0.6421052631578947,0.5
43,logreg_smote,0.5809878070504082,0.4074074074074074,0.6368421052631579,0.49691991786447637
43,logreg_smote,0.581892163505989,0.40878378378378377,0.6368421052631579,0.49794238683127573
43,logreg_smote,0.5820292957059257,0.4101694915254237,0.6368421052631579,0.4989690721649484
43,logreg_smote,0.582570341760856,0.41156462585034015,0.6368421052631579,0.5
43,logreg_smote,0.5829921022639117,0.4129692832764505,0.6368421052631579,0.5010351966873705
43,logreg_smote,0.5836408927106564,0.410958904109589,0.631578947368421,0.49792531120331945
43,logreg_smote,0.5854335996643756,0.40893470790378006,0.6263157894736842,0.49480249480249483
43,logreg_smote,0.5862009154970328,0.4103448275862069,0.6263157894736842,0.4958333333333333
43,logreg_smote,0.5878867609852441,0.4117647058823529,0.6263157894736842,0.4968684759916493
43,logreg_smote,0.5885609912902405,0.4097222222222222,0.6210526315789474,0.49372384937238495
43,logreg_smote,0.5897794722382721,0.41114982578397213,0.6210526315789474,0.49475890985324944
43,logreg_smote,0.5912520535369596,0.4090909090909091,0.6157894736842106,0.4915966386554622
43,logreg_smote,0.5956892864477733,0.4105263157894737,0.6157894736842106,0.4926315789473684
43,logreg_smote,0.5965232461869325,0.4119718309859155,0.6157894736842106,0.49367088607594944
43,logreg_smote,0.5965822810720508,0.4134275618374558,0.6157894736842106,0.4947145877378436
43,logreg_smote,0.5971777622165353,0.4148936170212766,0.6157894736842106,0.49576271186440674
43,logreg_smote,0.597218286443779,0.4128113879003559,0.6105263157894737,0.4925690021231422
43,logreg_smote,0.5982757792739869,0.4142857142857143,0.6105263157894737,0.4936170212765958
43,logreg_smote,0.5986299395063572,0.4157706093189964,0.6105263157894737,0.4946695095948827
43,logreg_smote,0.6009121953134934,0.4172661870503597,0.6105263157894737,0.49572649572649574
43,logreg_smote,0.6011612682937418,0.4187725631768953,0.6105263157894737,0.49678800856531047
43,logreg_smote,0.601727309142099,0.42028985507246375,0.6105263157894737,0.49785407725321884
43,logreg_smote,0.6021547106544805,0.4218181818181818,0.6105263157894737,0.4989247311827957
43,logreg_smote,0.6022345382115821,0.4233576642335766,0.6105263157894737,0.5
43,logreg_smote,0.6046278894003899,0.4249084249084249,0.6105263157894737,0.5010799136069115
43,logreg_smote,0.6053767227847788,0.4264705882352941,0.6105263157894737,0.5021645021645021
43,logreg_smote,0.6088857589328306,0.4280442804428044,0.6105263157894737,0.5032537960954446
43,logreg_smote,0.6089162645557347,0.42962962962962964,0.6105263157894737,0.5043478260869565
43,logreg_smote,0.6104679765006041,0.4275092936802974,0.6052631578947368,0.5010893246187363
43,logreg_smote,0.6112461150889053,0.4291044776119403,0.6052631578947368,0.5021834061135372
43,logreg_smote,0.6126958597764606,0.4307116104868914,0.6052631578947368,0.5032822757111597
43,logreg_smote,0.6136134184828669,0.4323308270676692,0.6052631578947368,0.5043859649122807
43,logreg_smote,0.6147816860240415,0.4339622641509434,0.6052631578947368,0.5054945054945055
43,logreg_smote,0.6154855142851056,0.4356060606060606,0.6052631578947368,0.5066079295154184
43,logreg_smote,0.6180035024097646,0.4372623574144487,0.6052631578947368,0.5077262693156733
43,logreg_smote,0.6218667878899871,0.4389312977099237,0.6052631578947368,0.5088495575221239
43,logreg_smote,0.6258463338728385,0.44061302681992337,0.6052631578947368,0.5099778270509977
43,logreg_smote,0.6269847446906829,0.4423076923076923,0.6052631578947368,0.5111111111111111
43,logreg_smote,0.6273995705731191,0.444015444015444,0.6052631578947368,0.5122494432071268
43,logreg_smote,0.6288414179029742,0.44573643410852715,0.6052631578947368,0.5133928571428572
43,logreg_smote,0.6290496429227186,0.4474708171206226,0.6052631578947368,0.5145413870246085
43,logreg_smote,0.6355089681790604,0.4453125,0.6,0.5112107623318385
43,logreg_smote,0.6355524456150958,0.4470588235294118,0.6,0.5123595505617977
43,logreg_smote,0.6363621269033201,0.44881889763779526,0.6,0.5135135135135135
43,logreg_smote,0.6370753046146943,0.4505928853754941,0.6,0.5146726862302483
43,logreg_smote,0.6372621787532895,0.4523809523809524,0.6,0.5158371040723981
43,logreg_smote,0.6393375729596812,0.4541832669322709,0.6,0.5170068027210885
43,logreg_smote,0.6399664628536788,0.456,0.6,0.5181818181818182
43,logreg_smote,0.6403508531864507,0.4578313253012048,0.6,0.5193621867881548
43,logreg_smote,0.640984761666001,0.4596774193548387,0.6,0.5205479452054794
43,logreg_smote,0.6429035682006795,0.46153846153846156,0.6,0.5217391304347826
43,logreg_smote,0.6441342417159974,0.4634146341463415,0.6,0.5229357798165137
43,logreg_smote,0.6449038903411347,0.46530612244897956,0.6,0.5241379310344827
43,logreg_smote,0.6455864429061708,0.46311475409836067,0.5947368421052631,0.5207373271889402
43,logreg_smote,0.6464719452825051,0.46502057613168724,0.5947368421052631,0.5219399538106235
43,logreg_smote,0.6488707942323119,0.4628099173553719,0.5894736842105263,0.5185185185185186
43,logreg_smote,0.6507831746015965,0.46473029045643155,0.5894736842105263,0.5197215777262181
43,logreg_smote,0.6527716155440831,0.4666666666666667,0.5894736842105263,0.5209302325581395
43,logreg_smote,0.6536664617660874,0.4686192468619247,0.5894736842105263,0.5221445221445221
43,logreg_smote,0.6544760520048323,0.47058823529411764,0.5894736842105263,0.5233644859813084
43,logreg_smote,0.6578956249242981,0.47257383966244726,0.5894736842105263,0.5245901639344261
43,logreg_smote,0.6605728605574712,0.4745762711864407,0.5894736842105263,0.5258215962441315
43,logreg_smote,0.6616475234687128,0.4723404255319149,0.5842105263157895,0.5223529411764707
43,logreg_smote,0.6633453908602325,0.47435897435897434,0.5842105263157895,0.5235849056603774
43,logreg_smote,0.663491270177126,0.4721030042918455,0.5789473684210527,0.5200945626477542
43,logreg_smote,0.664002439284938,0.47413793103448276,0.5789473684210527,0.5213270142180095
43,logreg_smote,0.6656306622671966,0.47619047619047616,0.5789473684210527,0.5225653206650831
43,logreg_smote,0.6689604160993303,0.47391304347826085,0.5736842105263158,0.5190476190476191
43,logreg_smote,0.6708481557207795,0.4759825327510917,0.5736842105263158,0.5202863961813843
43,logreg_smote,0.671687639668282,0.4780701754385965,0.5736842105263158,0.5215311004784688
43,logreg_smote,0.6731026618210311,0.4801762114537445,0.5736842105263158,0.5227817745803357
43,logreg_smote,0.6754914309673065,0.4778761061946903,0.5684210526315789,0.5192307692307693
43,logreg_smote,0.6767486961184298,0.48,0.5684210526315789,0.5204819277108433
43,logreg_smote,0.6775305043516449,0.48214285714285715,0.5684210526315789,0.5217391304347826
43,logreg_smote,0.6783994746028974,0.484304932735426,0.5684210526315789,0.5230024213075061
43,logreg_smote,0.6794648475650603,0.4864864864864865,0.5684210526315789,0.5242718446601943
43,logreg_smote,0.680633326409798,0.4841628959276018,0.5631578947368421,0.5206812652068127
43,logreg_smote,0.6828003562747171,0.4863636363636364,0.5631578947368421,0.5219512195121951
43,logreg_smote,0.6830824783600076,0.4885844748858447,0.5631578947368421,0.5232273838630805
43,logreg_smote,0.6843441583175184,0.4908256880733945,0.5631578947368421,0.5245098039215687
43,logreg_smote,0.6843573936654798,0.4930875576036866,0.5631578947368421,0.5257985257985258
43,logreg_smote,0.6845728845143328,0.49537037037037035,0.5631578947368421,0.5270935960591132
43,logreg_smote,0.6852511921074094,0.49767441860465117,0.5631578947368421,0.528395061728395
43,logreg_smote,0.6870218714293657,0.5,0.5631578947368421,0.5297029702970297
43,logreg_smote,0.6898323331081333,0.49765258215962443,0.5578947368421052,0.5260545905707196
43,logreg_smote,0.6937634133115004,0.5,0.5578947368421052,0.5273631840796019
43,logreg_smote,0.6969944450572608,0.4976303317535545,0.5526315789473685,0.5236907730673316
43,logreg_smote,0.6970475928074893,0.49523809523809526,0.5473684210526316,0.52
43,logreg_smote,0.6974867384020974,0.49282296650717705,0.5421052631578948,0.5162907268170427
43,logreg_smote,0.697679967599946,0.4951923076923077,0.5421052631578948,0.5175879396984926
43,logreg_smote,0.6977285429155654,0.4975845410628019,0.5421052631578948,0.5188916876574307
43,logreg_smote,0.6980811185468516,0.5,0.5421052631578948,0.5202020202020201
43,logreg_smote,0.6995467663080783,0.4975609756097561,0.5368421052631579,0.5164556962025316
43,logreg_smote,0.699806837219733,0.4950980392156863,0.531578947368421,0.5126903553299492
43,logreg_smote,0.7004188555371125,0.4975369458128079,0.531578947368421,0.5139949109414759
43,logreg_smote,0.7012908229260191,0.5,0.531578947368421,0.5153061224489796
43,logreg_smote,0.7032936509904922,0.4975124378109453,0.5263157894736842,0.5115089514066495
43,logreg_smote,0.7033194655412851,0.495,0.5210526315789473,0.5076923076923077
43,logreg_smote,0.7053126366922453,0.49748743718592964,0.5210526315789473,0.5089974293059125
43,logreg_smote,0.7069840979940077,0.5,0.5210526315789473,0.5103092783505154
43,logreg_smote,0.7080660093339798,0.5025380710659898,0.5210526315789473,0.5116279069767442
43,logreg_smote,0.7092270676277641,0.5051020408163265,0.5210526315789473,0.5129533678756477
43,logreg_smote,0.7103693768659775,0.5076923076923077,0.5210526315789473,0.5142857142857141
43,logreg_smote,0.7108646271636279,0.5103092783505154,0.5210526315789473,0.5156249999999999
43,logreg_smote,0.7121250029138912,0.5077720207253886,0.5157894736842106,0.5117493472584856
43,logreg_smote,0.7144665748404969,0.5052083333333334,0.5105263157894737,0.5078534031413612
43,logreg_smote,0.714567535787376,0.5026178010471204,0.5052631578947369,0.5039370078740157
43,logreg_smote,0.7146291186313299,0.5052631578947369,0.5052631578947369,0.5052631578947369
43,logreg_smote,0.7153288447326334,0.5079365079365079,0.5052631578947369,0.5065963060686016
43,logreg_smote,0.7162167445795188,0.5106382978723404,0.5052631578947369,0.5079365079365079
43,logreg_smote,0.7167467692488957,0.5133689839572193,0.5052631578947369,0.5092838196286472
43,logreg_smote,0.7169182107446037,0.510752688172043,0.5,0.5053191489361702
43,logreg_smote,0.716924157192721,0.5135135135135135,0.5,0.5066666666666666
43,logreg_smote,0.7190196793654684,0.5163043478260869,0.5,0.5080213903743316
43,logreg_smote,0.7201118367980002,0.5191256830601093,0.5,0.5093833780160859
43,logreg_smote,0.7218613002330483,0.521978021978022,0.5,0.5107526881720431
43,logreg_smote,0.7229268822181125,0.5193370165745856,0.49473684210526314,0.5067385444743935
43,logreg_smote,0.7230099798533758,0.5222222222222223,0.49473684210526314,0.5081081081081081
43,logreg_smote,0.7240864544353617,0.5251396648044693,0.49473684210526314,0.5094850948509485
43,logreg_smote,0.7246839986756786,0.5280898876404494,0.49473684210526314,0.5108695652173912
43,logreg_smote,0.7257380374435131,0.5254237288135594,0.48947368421052634,0.5068119891008175
43,logreg_smote,0.7270043204670344,0.5284090909090909,0.48947368421052634,0.5081967213114754
43,logreg_smote,0.7303741263237028,0.5257142857142857,0.4842105263157895,0.5041095890410958
43,logreg_smote,0.7309307227502592,0.5229885057471264,0.4789473684210526,0.5
43,logreg_smote,0.7313087137762666,0.5202312138728323,0.47368421052631576,0.4958677685950412
43,logreg_smote,0.7319100353958042,0.5232558139534884,0.47368421052631576,0.4972375690607735
43,logreg_smote,0.7319329365446573,0.5263157894736842,0.47368421052631576,0.4986149584487534
43,logreg_smote,0.7322109371701295,0.5294117647058824,0.47368421052631576,0.5
43,logreg_smote,0.733475282014612,0.5325443786982249,0.47368421052631576,0.5013927576601672
43,logreg_smote,0.735278917024878,0.5297619047619048,0.46842105263157896,0.4972067039106145
43,logreg_smote,0.737188748587683,0.5329341317365269,0.46842105263157896,0.4985994397759103
43,logreg_smote,0.7387323228737568,0.536144578313253,0.46842105263157896,0.5000000000000001
43,logreg_smote,0.739216393738577,0.5393939393939394,0.46842105263157896,0.5014084507042254
43,logreg_smote,0.7392820512659596,0.5426829268292683,0.46842105263157896,0.5028248587570622
43,logreg_smote,0.7406459462910503,0.5460122699386503,0.46842105263157896,0.5042492917847026
43,logreg_smote,0.7424421329958005,0.5432098765432098,0.4631578947368421,0.5
43,logreg_smote,0.7431215011311008,0.546583850931677,0.4631578947368421,0.5014245014245013
43,logreg_smote,0.7431507408599134,0.55,0.4631578947368421,0.5028571428571429
43,logreg_smote,0.7456819470351664,0.5534591194968553,0.4631578947368421,0.504297994269341
43,logreg_smote,0.7470355277836604,0.5506329113924051,0.45789473684210524,0.5
43,logreg_smote,0.7489607537291709,0.554140127388535,0.45789473684210524,0.5014409221902018
43,logreg_smote,0.7504346239067773,0.5576923076923077,0.45789473684210524,0.5028901734104045
43,logreg_smote,0.7504788263946026,0.5612903225806452,0.45789473684210524,0.5043478260869565
43,logreg_smote,0.7532137638427576,0.564935064935065,0.45789473684210524,0.5058139534883721
43,logreg_smote,0.754592638855933,0.5686274509803921,0.45789473684210524,0.5072886297376092
43,logreg_smote,0.7548508265719368,0.5723684210526315,0.45789473684210524,0.5087719298245613
43,logreg_smote,0.7585308982699888,0.5761589403973509,0.45789473684210524,0.5102639296187683
43,logreg_smote,0.7585518082928817,0.58,0.45789473684210524,0.5117647058823529
43,logreg_smote,0.7599903254846302,0.5771812080536913,0.45263157894736844,0.5073746312684365
43,logreg_smote,0.7626141081920872,0.5743243243243243,0.4473684210526316,0.5029585798816568
43,logreg_smote,0.7646487771877281,0.5714285714285714,0.4421052631578947,0.49851632047477734
43,logreg_smote,0.7668507071212807,0.5753424657534246,0.4421052631578947,0.5
43,logreg_smote,0.7680336447371309,0.5793103448275863,0.4421052631578947,0.5014925373134329
43,logreg_smote,0.7685517784904342,0.5763888888888888,0.4368421052631579,0.49700598802395207
43,logreg_smote,0.7685671178738352,0.5804195804195804,0.4368421052631579,0.4984984984984985
43,logreg_smote,0.7704710156043856,0.5774647887323944,0.43157894736842106,0.4939759036144578
43,logreg_smote,0.7706737777942725,0.5815602836879432,0.43157894736842106,0.4954682779456193
43,logreg_smote,0.770871219827029,0.5857142857142857,0.43157894736842106,0.4969696969696969
43,logreg_smote,0.7716056678761384,0.5899280575539568,0.43157894736842106,0.49848024316109424
43,logreg_smote,0.7747547746601947,0.5942028985507246,0.43157894736842106,0.5
43,logreg_smote,0.7763392504423823,0.5985401459854015,0.43157894736842106,0.5015290519877676
43,logreg_smote,0.7765893087133776,0.5955882352941176,0.4263157894736842,0.4969325153374234
43,logreg_smote,0.7784970347576313,0.5925925925925926,0.42105263157894735,0.49230769230769234
43,logreg_smote,0.7799679681792093,0.5970149253731343,0.42105263157894735,0.4938271604938272
43,logreg_smote,0.7806451875618285,0.6015037593984962,0.42105263157894735,0.49535603715170273
43,logreg_smote,0.7806671816177156,0.6060606060606061,0.42105263157894735,0.4968944099378882
43,logreg_smote,0.7810640647643435,0.6106870229007634,0.42105263157894735,0.49844236760124605
43,logreg_smote,0.7817641133003121,0.6153846153846154,0.42105263157894735,0.5
43,logreg_smote,0.7823503894917493,0.6201550387596899,0.42105263157894735,0.5015673981191222
43,logreg_smote,0.7824724234907324,0.625,0.42105263157894735,0.5031446540880503
43,logreg_smote,0.7852942417505189,0.6299212598425197,0.42105263157894735,0.5047318611987383
43,logreg_smote,0.7853374929255927,0.626984126984127,0.41578947368421054,0.5
43,logreg_smote,0.785853298388514,0.624,0.4105263157894737,0.49523809523809526
43,logreg_smote,0.7862899715423831,0.6209677419354839,0.4052631578947368,0.4904458598726114
43,logreg_smote,0.7891092698573356,0.6260162601626016,0.4052631578947368,0.4920127795527156
43,logreg_smote,0.7897760719480791,0.6229508196721312,0.4,0.4871794871794871
43,logreg_smote,0.7921343320772944,0.6198347107438017,0.39473684210526316,0.48231511254019294
43,logreg_smote,0.7950764102251264,0.6166666666666667,0.3894736842105263,0.47741935483870973
43,logreg_smote,0.7953445631306661,0.6218487394957983,0.3894736842105263,0.47896440129449847
43,logreg_smote,0.7966029519770459,0.6271186440677966,0.3894736842105263,0.4805194805194805
43,logreg_smote,0.7972066744037296,0.6324786324786325,0.3894736842105263,0.482084690553746
43,logreg_smote,0.7978204793155067,0.6293103448275862,0.38421052631578945,0.4771241830065359
43,logreg_smote,0.7987924596516508,0.6260869565217392,0.37894736842105264,0.4721311475409837
43,logreg_smote,0.7998345878668627,0.631578947368421,0.37894736842105264,0.47368421052631576
43,logreg_smote,0.8023671886255559,0.6283185840707964,0.3736842105263158,0.46864686468646866
43,logreg_smote,0.8054370182707739,0.6339285714285714,0.3736842105263158,0.4701986754966887
43,logreg_smote,0.8067905878759344,0.6396396396396397,0.3736842105263158,0.47176079734219273
43,logreg_smote,0.8070025945542532,0.6363636363636364,0.3684210526315789,0.4666666666666667
43,logreg_smote,0.8082531089090302,0.6422018348623854,0.3684210526315789,0.4682274247491639
43,logreg_smote,0.80865077591708,0.6481481481481481,0.3684210526315789,0.4697986577181208
43,logreg_smote,0.8121967197992115,0.6542056074766355,0.3684210526315789,0.4713804713804714
43,logreg_smote,0.8125286807096829,0.6509433962264151,0.3631578947368421,0.46621621621621623
43,logreg_smote,0.8134303666304747,0.6476190476190476,0.35789473684210527,0.4610169491525423
43,logreg_smote,0.8137420001254639,0.6442307692307693,0.3526315789473684,0.4557823129251701
43,logreg_smote,0.8151846799215706,0.6407766990291263,0.3473684210526316,0.45051194539249145
43,logreg_smote,0.8161475708473692,0.6372549019607843,0.34210526315789475,0.4452054794520548
43,logreg_smote,0.8165792507820951,0.6336633663366337,0.3368421052631579,0.43986254295532645
43,logreg_smote,0.8172545688197999,0.63,0.33157894736842103,0.4344827586206896
43,logreg_smote,0.8184608247883036,0.6262626262626263,0.3263157894736842,0.4290657439446367
43,logreg_smote,0.8205517396537672,0.6326530612244898,0.3263157894736842,0.4305555555555556
43,logreg_smote,0.8205898827882188,0.6391752577319587,0.3263157894736842,0.43205574912891986
43,logreg_smote,0.822217906094096,0.6458333333333334,0.3263157894736842,0.4335664335664336
43,logreg_smote,0.8240986846986392,0.6421052631578947,0.32105263157894737,0.4280701754385965
43,logreg_smote,0.8252453370817551,0.6382978723404256,0.3157894736842105,0.4225352112676056
43,logreg_smote,0.8275695042378433,0.6451612903225806,0.3157894736842105,0.4240282685512367
43,logreg_smote,0.8280320215225757,0.6521739130434783,0.3157894736842105,0.425531914893617
43,logreg_smote,0.829659383466044,0.6593406593406593,0.3157894736842105,0.4270462633451957
43,logreg_smote,0.8299731564429944,0.6666666666666666,0.3157894736842105,0.42857142857142855
43,logreg_smote,0.8319429566831601,0.6741573033707865,0.3157894736842105,0.4301075268817204
43,logreg_smote,0.8343094275211219,0.6818181818181818,0.3157894736842105,0.4316546762589928
43,logreg_smote,0.8345080007879344,0.6896551724137931,0.3157894736842105,0.43321299638989164
43,logreg_smote,0.8348606205431581,0.686046511627907,0.3105263157894737,0.427536231884058
43,logreg_smote,0.8352037263238761,0.6941176470588235,0.3105263157894737,0.42909090909090913
43,logreg_smote,0.8360226933981086,0.7023809523809523,0.3105263157894737,0.4306569343065693
43,logreg_smote,0.8391532285123685,0.7108433734939759,0.3105263157894737,0.4322344322344322
43,logreg_smote,0.839176866373719,0.7195121951219512,0.3105263157894737,0.43382352941176466
43,logreg_smote,0.8409284669289121,0.7283950617283951,0.3105263157894737,0.4354243542435425
43,logreg_smote,0.8409732137565544,0.725,0.30526315789473685,0.4296296296296297
43,logreg_smote,0.8417419788057718,0.7341772151898734,0.30526315789473685,0.43122676579925656
43,logreg_smote,0.8462083616770405,0.7435897435897436,0.30526315789473685,0.43283582089552236
43,logreg_smote,0.8473123221316128,0.7402597402597403,0.3,0.42696629213483145
43,logreg_smote,0.8476569966801739,0.7368421052631579,0.29473684210526313,0.42105263157894735
43,logreg_smote,0.8500621788780843,0.7466666666666667,0.29473684210526313,0.4226415094339622
43,logreg_smote,0.8509885539271873,0.7432432432432432,0.2894736842105263,0.4166666666666667
43,logreg_smote,0.8514395588834828,0.7397260273972602,0.28421052631578947,0.4106463878326997
43,logreg_smote,0.8518557762646486,0.7361111111111112,0.2789473684210526,0.4045801526717557
43,logreg_smote,0.8522104731251939,0.7323943661971831,0.2736842105263158,0.3984674329501916
43,logreg_smote,0.8533054317883693,0.7285714285714285,0.26842105263157895,0.3923076923076923
43,logreg_smote,0.8534206667088158,0.7246376811594203,0.2631578947368421,0.3861003861003861
43,logreg_smote,0.853841279365771,0.7352941176470589,0.2631578947368421,0.3875968992248062
43,logreg_smote,0.853896407750279,0.7313432835820896,0.2578947368421053,0.3813229571984436
43,logreg_smote,0.8540142372921653,0.7424242424242424,0.2578947368421053,0.38281250000000006
43,logreg_smote,0.8540427748750049,0.7384615384615385,0.25263157894736843,0.3764705882352941
43,logreg_smote,0.8544445991450513,0.75,0.25263157894736843,0.37795275590551186
43,logreg_smote,0.8552956366743061,0.746031746031746,0.24736842105263157,0.37154150197628455
43,logreg_smote,0.8565192671932395,0.7419354838709677,0.24210526315789474,0.3650793650793651
43,logreg_smote,0.8580959907967989,0.7540983606557377,0.24210526315789474,0.3665338645418327
43,logreg_smote,0.8591478168124693,0.75,0.23684210526315788,0.36
43,logreg_smote,0.8593489804219555,0.7457627118644068,0.23157894736842105,0.3534136546184739
43,logreg_smote,0.8677958941785172,0.7413793103448276,0.22631578947368422,0.34677419354838707
43,logreg_smote,0.8693736812063078,0.7368421052631579,0.22105263157894736,0.340080971659919
43,logreg_smote,0.8729921455612264,0.7321428571428571,0.21578947368421053,0.3333333333333333
43,logreg_smote,0.8746430427409229,0.7454545454545455,0.21578947368421053,0.3346938775510204
43,logreg_smote,0.8764772228456917,0.7592592592592593,0.21578947368421053,0.33606557377049184
43,logreg_smote,0.8805809892068397,0.7735849056603774,0.21578947368421053,0.3374485596707819
43,logreg_smote,0.8818310537452727,0.7692307692307693,0.21052631578947367,0.3305785123966942
43,logreg_smote,0.8826659248265157,0.7647058823529411,0.20526315789473684,0.3236514522821577
43,logreg_smote,0.8828237218911895,0.76,0.2,0.3166666666666667
43,logreg_smote,0.8842821831852526,0.7551020408163265,0.19473684210526315,0.3096234309623431
43,logreg_smote,0.8845116804278241,0.75,0.18947368421052632,0.3025210084033613
43,logreg_smote,0.8848153341478878,0.7659574468085106,0.18947368421052632,0.3037974683544304
43,logreg_smote,0.8859701001991352,0.782608695652174,0.18947368421052632,0.30508474576271183
43,logreg_smote,0.8863562480673943,0.7777777777777778,0.18421052631578946,0.2978723404255319
43,logreg_smote,0.8881463765045556,0.7727272727272727,0.17894736842105263,0.2905982905982906
43,logreg_smote,0.8902912589186579,0.7906976744186046,0.17894736842105263,0.2918454935622318
43,logreg_smote,0.8952445316116066,0.7857142857142857,0.1736842105263158,0.28448275862068967
43,logreg_smote,0.9012655763005921,0.7804878048780488,0.16842105263157894,0.27705627705627706
43,logreg_smote,0.9030875606596055,0.8,0.16842105263157894,0.2782608695652174
43,logreg_smote,0.9035264030112958,0.7948717948717948,0.1631578947368421,0.27074235807860264
43,logreg_smote,0.9050506145310061,0.7894736842105263,0.15789473684210525,0.2631578947368421
43,logreg_smote,0.9083166093224505,0.7837837837837838,0.15263157894736842,0.2555066079295154
43,logreg_smote,0.9122006064922875,0.7777777777777778,0.14736842105263157,0.247787610619469
43,logreg_smote,0.9141245430846617,0.7714285714285715,0.14210526315789473,0.24
43,logreg_smote,0.9152393642410064,0.7647058823529411,0.1368421052631579,0.23214285714285718
43,logreg_smote,0.9156379765479474,0.7878787878787878,0.1368421052631579,0.2331838565022422
43,logreg_smote,0.9178377378101805,0.78125,0.13157894736842105,0.22522522522522523
43,logreg_smote,0.9208410733111614,0.7741935483870968,0.12631578947368421,0.21719457013574664
43,logreg_smote,0.9226830280506423,0.7666666666666667,0.12105263157894737,0.20909090909090908
43,logreg_smote,0.9228474431605259,0.7586206896551724,0.11578947368421053,0.2009132420091324
43,logreg_smote,0.9232002379279448,0.75,0.11052631578947368,0.19266055045871558
43,logreg_smote,0.9236134146093179,0.7407407407407407,0.10526315789473684,0.18433179723502305
43,logreg_smote,0.9310665320424115,0.7692307692307693,0.10526315789473684,0.18518518518518517
43,logreg_smote,0.934854895075749,0.76,0.1,0.17674418604651165
43,logreg_smote,0.9373465130068457,0.75,0.09473684210526316,0.16822429906542058
43,logreg_smote,0.9379732266798481,0.7391304347826086,0.08947368421052632,0.1596244131455399
43,logreg_smote,0.9408918222058625,0.7727272727272727,0.08947368421052632,0.16037735849056606
43,logreg_smote,0.9426095984071585,0.7619047619047619,0.08421052631578947,0.15165876777251186
43,logreg_smote,0.9430271171569822,0.75,0.07894736842105263,0.14285714285714285
43,logreg_smote,0.945996245148015,0.7368421052631579,0.07368421052631578,0.13397129186602869
43,logreg_smote,0.9461859824126417,0.7777777777777778,0.07368421052631578,0.1346153846153846
43,logreg_smote,0.950405675851426,0.7647058823529411,0.06842105263157895,0.12560386473429952
43,logreg_smote,0.9529469841797583,0.75,0.06315789473684211,0.11650485436893204
43,logreg_smote,0.9547958697080718,0.7333333333333333,0.05789473684210526,0.10731707317073172
43,logreg_smote,0.9561332805755347,0.7857142857142857,0.05789473684210526,0.10784313725490197
43,logreg_smote,0.9595390566049063,0.7692307692307693,0.05263157894736842,0.09852216748768472
43,logreg_smote,0.9603221535348276,0.8333333333333334,0.05263157894736842,0.099009900990099
43,logreg_smote,0.9612198542459199,0.8181818181818182,0.04736842105263158,0.08955223880597014
43,logreg_smote,0.9639459603328798,0.8,0.042105263157894736,0.07999999999999999
43,logreg_smote,0.9664595287528671,0.7777777777777778,0.03684210526315789,0.07035175879396985
43,logreg_smote,0.9684170475961466,0.75,0.031578947368421054,0.06060606060606061
43,logreg_smote,0.9743721831264627,0.7142857142857143,0.02631578947368421,0.050761421319796954
43,logreg_smote,0.9753728955139622,0.8333333333333334,0.02631578947368421,0.0510204081632653
43,logreg_smote,0.9765471481876989,0.8,0.021052631578947368,0.041025641025641026
43,logreg_smote,0.9783232921410768,1.0,0.021052631578947368,0.041237113402061855
43,logreg_smote,0.9810304883506863,1.0,0.015789473684210527,0.031088082901554404
43,logreg_smote,0.9822896758114714,1.0,0.010526315789473684,0.020833333333333332
43,logreg_smote,0.9828564309062285,1.0,0.005263157894736842,0.010471204188481674
43,xgboost_smote,9.309711458627135e-06,0.16156462585034015,1.0,0.2781844802342606
43,xgboost_smote,1.4226392522687092e-05,0.16170212765957448,1.0,0.2783882783882784
43,xgboost_smote,1.5199590961856302e-05,0.16183986371379896,1.0,0.2785923753665689
43,xgboost_smote,1.8592680135043338e-05,0.16197783461210571,1.0,0.27879677182685253
43,xgboost_smote,2.280278022226412e-05,0.1621160409556314,1.0,0.2790014684287812
43,xgboost_smote,2.3581767891300842e-05,0.16225448334756618,1.0,0.27920646583394565
43,xgboost_smote,2.4231327188317664e-05,0.1623931623931624,1.0,0.27941176470588236
43,xgboost_smote,2.437248986097984e-05,0.16253207869974337,1.0,0.27961736571008095
43,xgboost_smote,2.6862675440497696e-05,0.16267123287671234,1.0,0.27982326951399117
43,xgboost_smote,3.1789451895747334e-05,0.16281062553556128,1.0,0.2800294767870302
43,xgboost_smote,4.078548954566941e-05,0.16295025728987994,1.0,0.28023598820059
43,xgboost_smote,4.122532845940441e-05,0.1630901287553648,1.0,0.28044280442804426
43,xgboost_smote,4.1538783989381045e-05,0.16323024054982818,1.0,0.28064992614475626
43,xgboost_smote,4.2924759327434e-05,0.16337059329320722,1.0,0.2808573540280857
43,xgboost_smote,4.3163126974832267e-05,0.16351118760757316,1.0,0.28106508875739644
43,xgboost_smote,4.3855277908733115e-05,0.1636520241171404,1.0,0.28127313101406365
43,xgboost_smote,4.9172169383382425e-05,0.16379310344827586,1.0,0.2814814814814815
43,xgboost_smote,5.1570608775364235e-05,0.1630716134598792,0.9947368421052631,0.2802075611564122
43,xgboost_smote,5.281384801492095e-05,0.16321243523316062,0.9947368421052631,0.28041543026706234
43,xgboost_smote,5.825636617373675e-05,0.1633535004321521,0.9947368421052631,0.2806236080178174
43,xgboost_smote,5.902662451262586e-05,0.16349480968858132,0.9947368421052631,0.28083209509658247
43,xgboost_smote,6.046902490197681e-05,0.16363636363636364,0.9947368421052631,0.2810408921933086
43,xgboost_smote,7.050870772218332e-05,0.1637781629116118,0.9947368421052631,0.28125
43,xgboost_smote,7.192573684733361e-05,0.16392020815264527,0.9947368421052631,0.2814594192107223
43,xgboost_smote,7.603292033309117e-05,0.1640625,0.9947368421052631,0.2816691505216095
43,xgboost_smote,7.653894135728478e-05,0.16420503909643788,0.9947368421052631,0.2818791946308725
43,xgboost_smote,7.846228254493326e-05,0.16434782608695653,0.9947368421052631,0.28208955223880594
43,xgboost_smote,8.406920096604154e-05,0.16449086161879894,0.9947368421052631,0.28230022404779687
43,xgboost_smote,8.547853212803602e-05,0.16463414634146342,0.9947368421052631,0.2825112107623319
43,xgboost_smote,8.81044179550372e-05,0.16477768090671316,0.9947368421052631,0.2827225130890052
43,xgboost_smote,8.82955064298585e-05,0.1649214659685864,0.9947368421052631,0.28293413173652693
43,xgboost_smote,9.052271343534812e-05,0.16506550218340613,0.9947368421052631,0.28314606741573034
43,xgboost_smote,9.070745727512985e-05,0.1652097902097902,0.9947368421052631,0.28335832083958024
43,xgboost_smote,9.216203034156933e-05,0.16535433070866143,0.9947368421052631,0.2835708927231808
43,xgboost_smote,9.31777321966365e-05,0.16549912434325745,0.9947368421052631,0.28378378378378377
43,xgboost_smote,9.98644027276896e-05,0.1656441717791411,0.9947368421052631,0.28399699474079637
43,xgboost_smote,0.0001065041942638345,0.16578947368421051,0.9947368421052631,0.28421052631578947
43,xgboost_smote,0.00011145066673634574,0.16593503072870938,0.9947368421052631,0.28442437923250563
43,xgboost_smote,0.00011350832210155204,0.16608084358523725,0.9947368421052631,0.2846385542168675
43,xgboost_smote,0.00011385315156076103,0.1662269129287599,0.9947368421052631,0.28485305199698574
43,xgboost_smote,0.00011444615665823221,0.16637323943661972,0.9947368421052631,0.2850678733031674
43,xgboost_smote,0.0001190888651763089,0.16651982378854627,0.9947368421052631,0.28528301886792456
43,xgboost_smote,0.00012451698421500623,0.16666666666666666,0.9947368421052631,0.2854984894259818
43,xgboost_smote,0.00012582069030031562,0.16681376875551632,0.9947368421052631,0.28571428571428575
43,xgboost_smote,0.00013056246098130941,0.16696113074204946,0.9947368421052631,0.28593040847201207
43,xgboost_smote,0.00013060592755209655,0.16710875331564987,0.9947368421052631,0.2861468584405753
43,xgboost_smote,0.00013061663776170462,0.1672566371681416,0.9947368421052631,0.2863636363636364
43,xgboost_smote,0.00013508328993339092,0.16740478299379982,0.9947368421052631,0.28658074298711145
43,xgboost_smote,0.00013798645522911102,0.1675531914893617,0.9947368421052631,0.2867981790591806
43,xgboost_smote,0.00013898927136324346,0.16770186335403728,0.9947368421052631,0.2870159453302962
43,xgboost_smote,0.00014282992924563587,0.16785079928952043,0.9947368421052631,0.2872340425531915
43,xgboost_smote,0.00014415425539482385,0.168,0.9947368421052631,0.28745247148288977
43,xgboost_smote,0.0001454369048587978,0.16814946619217083,0.9947368421052631,0.28767123287671237
43,xgboost_smote,0.00014667010691482574,0.1682991985752449,0.9947368421052631,0.2878903274942879
43,xgboost_smote,0.00014907454897183925,0.16844919786096257,0.9947368421052631,0.288109756097561
43,xgboost_smote,0.0001526946434751153,0.16770740410347904,0.9894736842105263,0.28680396643783374
43,xgboost_smote,0.00015603695646859705,0.16785714285714284,0.9894736842105263,0.28702290076335873
43,xgboost_smote,0.00015637640899512917,0.1680071492403932,0.9894736842105263,0.2872421695951108
43,xgboost_smote,0.00015757624350953847,0.16815742397137745,0.9894736842105263,0.2874617737003058
43,xgboost_smote,0.00017482315888628364,0.1683079677708147,0.9894736842105263,0.28768171384850805
43,xgboost_smote,0.00017591389769222587,0.16845878136200718,0.9894736842105263,0.2879019908116386
43,xgboost_smote,0.00017634214600548148,0.16860986547085202,0.9894736842105263,0.28812260536398465
43,xgboost_smote,0.0001769706141203642,0.1687612208258528,0.9894736842105263,0.28834355828220853
43,xgboost_smote,0.00018362920673098415,0.16891284815813118,0.9894736842105263,0.28856485034535684
43,xgboost_smote,0.00018500933947507292,0.16906474820143885,0.9894736842105263,0.2887864823348694
43,xgboost_smote,0.0001881910429801792,0.1692169216921692,0.9894736842105263,0.2890084550345887
43,xgboost_smote,0.00018949975492432714,0.16936936936936936,0.9894736842105263,0.2892307692307692
43,xgboost_smote,0.0001951600715983659,0.16952209197475204,0.9894736842105263,0.28945342571208627
43,xgboost_smote,0.00020079652313143015,0.16967509025270758,0.9894736842105263,0.2896764252696456
43,xgboost_smote,0.00020217435667291284,0.16982836495031617,0.9894736842105263,0.2898997686969931
43,xgboost_smote,0.00020903549739159644,0.16998191681735986,0.9894736842105263,0.29012345679012347
43,xgboost_smote,0.00021872846991755068,0.17013574660633485,0.9894736842105263,0.29034749034749036
43,xgboost_smote,0.0002219138841610402,0.17028985507246377,0.9894736842105263,0.2905718701700154
43,xgboost_smote,0.00022525928216055036,0.17044424297370808,0.9894736842105263,0.2907965970610982
43,xgboost_smote,0.00022721616551280022,0.1705989110707804,0.9894736842105263,0.2910216718266254
43,xgboost_smote,0.0002282582427142188,0.17075386012715713,0.9894736842105263,0.2912470952749806
43,xgboost_smote,0.00022907406673766673,0.1709090909090909,0.9894736842105263,0.29147286821705426
43,xgboost_smote,0.00022937326866667718,0.1710646041856233,0.9894736842105263,0.29169899146625294
43,xgboost_smote,0.0002395022747805342,0.17122040072859745,0.9894736842105263,0.29192546583850937
43,xgboost_smote,0.00024143204791471362,0.17137648131267091,0.9894736842105263,0.2921522921522921
43,xgboost_smote,0.0002415361232124269,0.17153284671532848,0.9894736842105263,0.29237947122861585
43,xgboost_smote,0.00024632865097373724,0.17168949771689498,0.9894736842105263,0.2926070038910506
43,xgboost_smote,0.0002478403621353209,0.17184643510054845,0.9894736842105263,0.2928348909657321
43,xgboost_smote,0.00025613486650399864,0.17200365965233302,0.9894736842105263,0.2930631332813718
43,xgboost_smote,0.00026590964989736676,0.17216117216117216,0.9894736842105263,0.29329173166926675
43,xgboost_smote,0.0002710085827857256,0.17140238313473877,0.9842105263157894,0.291959406713505
43,xgboost_smote,0.00027664515073411167,0.17155963302752295,0.9842105263157894,0.29218750000000004
43,xgboost_smote,0.00027884007431566715,0.1717171717171717,0.9842105263157894,0.2924159499609069
43,xgboost_smote,0.00028147129341959953,0.171875,0.9842105263157894,0.29264475743348983
43,xgboost_smote,0.0002829524746630341,0.17203311867525298,0.9842105263157894,0.292873923257635
43,xgboost_smote,0.00028940991614945233,0.1721915285451197,0.9842105263157894,0.2931034482758621
43,xgboost_smote,0.0002936969103757292,0.17235023041474654,0.9842105263157894,0.29333333333333333
43,xgboost_smote,0.00029544063727371395,0.17250922509225092,0.9842105263157894,0.29356357927786497
43,xgboost_smote,0.0002966528991237283,0.17266851338873498,0.9842105263157894,0.29379418695993714
43,xgboost_smote,0.0003054712142329663,0.17282809611829944,0.9842105263157894,0.29402515723270434
43,xgboost_smote,0.00030736453481949866,0.17298797409805736,0.9842105263157894,0.2942564909520063
43,xgboost_smote,0.0003088123048655689,0.17314814814814813,0.9842105263157894,0.29448818897637796
43,xgboost_smote,0.00030891329515725374,0.17330861909175163,0.9842105263157894,0.29472025216706066
43,xgboost_smote,0.00031140900682657957,0.17346938775510204,0.9842105263157894,0.29495268138801256
43,xgboost_smote,0.00031718716491013765,0.17363045496750232,0.9842105263157894,0.2951854775059195
43,xgboost_smote,0.000319833547109738,0.1737918215613383,0.9842105263157894,0.29541864139020535
43,xgboost_smote,0.00032111708424054086,0.173953488372093,0.9842105263157894,0.29565217391304344
43,xgboost_smote,0.00032196930260397494,0.17411545623836128,0.9842105263157894,0.2958860759493671
43,xgboost_smote,0.00033151431125588715,0.17427772600186392,0.9842105263157894,0.2961203483768804
43,xgboost_smote,0.0003377362445462495,0.17444029850746268,0.9842105263157894,0.2963549920760697
43,xgboost_smote,0.00033826453727670014,0.1746031746031746,0.9842105263157894,0.29659000793021406
43,xgboost_smote,0.0003407231706660241,0.17476635514018693,0.9842105263157894,0.2968253968253968
43,xgboost_smote,0.0003411457291804254,0.17492984097287184,0.9842105263157894,0.29706115965051627
43,xgboost_smote,0.00034722924465313554,0.1750936329588015,0.9842105263157894,0.29729729729729726
43,xgboost_smote,0.0003524886560626328,0.17525773195876287,0.9842105263157894,0.29753381066030227
43,xgboost_smote,0.0003531553375069052,0.175422138836773,0.9842105263157894,0.29777070063694266
43,xgboost_smote,0.00035397522151470184,0.1755868544600939,0.9842105263157894,0.2980079681274901
43,xgboost_smote,0.00035430662683211267,0.17575187969924813,0.9842105263157894,0.2982456140350877
43,xgboost_smote,0.00035655894316732883,0.17591721542803387,0.9842105263157894,0.29848363926576216
43,xgboost_smote,0.00035716345882974565,0.1760828625235405,0.9842105263157894,0.29872204472843455
43,xgboost_smote,0.0003583705401979387,0.176248821866164,0.9842105263157894,0.29896083133493206
43,xgboost_smote,0.0003644303942564875,0.17641509433962263,0.9842105263157894,0.2992
43,xgboost_smote,0.000372130743926391,0.17658168083097261,0.9842105263157894,0.29943955164131303
43,xgboost_smote,0.00037487156805582345,0.1767485822306238,0.9842105263157894,0.29967948717948717
43,xgboost_smote,0.0003818715922534466,0.17691579943235572,0.9842105263157894,0.2999198075380914
43,xgboost_smote,0.0003906431666109711,0.17708333333333334,0.9842105263157894,0.30016051364365975
43,xgboost_smote,0.00039124730392359197,0.17725118483412322,0.9842105263157894,0.3004016064257028
43,xgboost_smote,0.0003994220751337707,0.1774193548387097,0.9842105263157894,0.30064308681672025
43,xgboost_smote,0.0004063007072545588,0.17758784425451093,0.9842105263157894,0.3008849557522124
43,xgboost_smote,0.0004071308358106762,0.17775665399239543,0.9842105263157894,0.30112721417069244
43,xgboost_smote,0.000407717889174819,0.1779257849666984,0.9842105263157894,0.3013698630136986
43,xgboost_smote,0.00040842470480129123,0.17809523809523808,0.9842105263157894,0.3016129032258064
43,xgboost_smote,0.00041316304123029113,0.1782650142993327,0.9842105263157894,0.3018563357546408
43,xgboost_smote,0.0004197457164991647,0.1784351145038168,0.9842105263157894,0.30210016155088854
43,xgboost_smote,0.0004197873058728874,0.17860553963705827,0.9842105263157894,0.30234438156831045
43,xgboost_smote,0.0004219938418827951,0.17877629063097514,0.9842105263157894,0.302588996763754
43,xgboost_smote,0.0004224156145937741,0.17894736842105263,0.9842105263157894,0.30283400809716604
43,xgboost_smote,0.00042669830145314336,0.17911877394636017,0.9842105263157894,0.30307941653160453
43,xgboost_smote,0.0004328371142037213,0.17929050814956854,0.9842105263157894,0.3033252230332522
43,xgboost_smote,0.0004420385230332613,0.17946257197696738,0.9842105263157894,0.30357142857142855
43,xgboost_smote,0.00044946043635718524,0.17963496637848222,0.9842105263157894,0.30381803411860275
43,xgboost_smote,0.00045323019730858505,0.1798076923076923,0.9842105263157894,0.30406504065040646
43,xgboost_smote,0.0004564233822748065,0.17998075072184794,0.9842105263157894,0.3043124491456468
43,xgboost_smote,0.00045714963926002383,0.18015414258188825,0.9842105263157894,0.30456026058631924
43,xgboost_smote,0.00046026159543544054,0.18032786885245902,0.9842105263157894,0.30480847595762023
43,xgboost_smote,0.0004627177841030061,0.1805019305019305,0.9842105263157894,0.30505709624796085
43,xgboost_smote,0.00047081903903745115,0.18067632850241547,0.9842105263157894,0.3053061224489796
43,xgboost_smote,0.00048025784781202674,0.18085106382978725,0.9842105263157894,0.3055555555555556
43,xgboost_smote,0.0004862338537350297,0.18102613746369797,0.9842105263157894,0.3058053965658218
43,xgboost_smote,0.0004862822825089097,0.1812015503875969,0.9842105263157894,0.3060556464811784
43,xgboost_smote,0.0004913182347081602,0.1813773035887488,0.9842105263157894,0.30630630630630634
43,xgboost_smote,0.0004914830788038671,0.18155339805825244,0.9842105263157894,0.30655737704918035
43,xgboost_smote,0.00049433927051723,0.18075801749271136,0.9789473684210527,0.3051681706316653
43,xgboost_smote,0.0004976074560545385,0.18093385214007782,0.9789473684210527,0.3054187192118227
43,xgboost_smote,0.0005053751519881189,0.18111002921129504,0.9789473684210527,0.30566967953985213
43,xgboost_smote,0.0005066047888249159,0.18128654970760233,0.9789473684210527,0.305921052631579
43,xgboost_smote,0.000513850711286068,0.18146341463414634,0.9789473684210527,0.3061728395061728
43,xgboost_smote,0.0005173375247977674,0.181640625,0.9789473684210527,0.3064250411861615
43,xgboost_smote,0.0005338366026990116,0.18181818181818182,0.9789473684210527,0.3066776586974444
43,xgboost_smote,0.0005403357208706439,0.18199608610567514,0.9789473684210527,0.30693069306930687
43,xgboost_smote,0.0005523122963495553,0.1821743388834476,0.9789473684210527,0.30718414533443433
43,xgboost_smote,0.0005551409558393061,0.18235294117647058,0.9789473684210527,0.3074380165289256
43,xgboost_smote,0.0005606479826383293,0.18253189401373895,0.9789473684210527,0.30769230769230765
43,xgboost_smote,0.0005682841292582452,0.18271119842829076,0.9789473684210527,0.30794701986754963
43,xgboost_smote,0.000576171965803951,0.18190757128810225,0.9736842105263158,0.30654515327257664
43,xgboost_smote,0.0005816130433231592,0.18208661417322836,0.9736842105263158,0.3067993366500829
43,xgboost_smote,0.0005886777653358877,0.18226600985221675,0.9736842105263158,0.3070539419087137
43,xgboost_smote,0.0005914467619732022,0.1814595660749507,0.968421052631579,0.3056478405315615
43,xgboost_smote,0.0005970411002635956,0.18065153010858837,0.9631578947368421,0.3042394014962594
43,xgboost_smote,0.0006184374797157943,0.1808300395256917,0.9631578947368421,0.3044925124792013
43,xgboost_smote,0.0006229927530512214,0.18100890207715134,0.9631578947368421,0.3047460449625312
43,xgboost_smote,0.0006235121982172132,0.18118811881188118,0.9631578947368421,0.305
43,xgboost_smote,0.0006268913857638836,0.18037661050545095,0.9578947368421052,0.30358632193494584
43,xgboost_smote,0.0006289664888754487,0.18055555555555555,0.9578947368421052,0.3038397328881469
43,xgboost_smote,0.0006291635218076408,0.1807348560079444,0.9578947368421052,0.304093567251462
43,xgboost_smote,0.0006309736636467278,0.18091451292246521,0.9578947368421052,0.30434782608695654
43,xgboost_smote,0.0006405190215446055,0.18109452736318407,0.9578947368421052,0.30460251046025105
43,xgboost_smote,0.0006417013355530798,0.18127490039840638,0.9578947368421052,0.304857621440536
43,xgboost_smote,0.0006447407067753375,0.1814556331006979,0.9578947368421052,0.30511316010058676
43,xgboost_smote,0.0006486288039013743,0.18063872255489022,0.9526315789473684,0.30369127516778516
43,xgboost_smote,0.000657101976685226,0.18081918081918083,0.9526315789473684,0.30394626364399663
43,xgboost_smote,0.0006583820795640349,0.18,0.9473684210526315,0.3025210084033613
43,xgboost_smote,0.0006636337493546307,0.18018018018018017,0.9473684210526315,0.3027754415475189
43,xgboost_smote,0.0006651426665484905,0.18036072144288579,0.9473684210526315,0.30303030303030304
43,xgboost_smote,0.0006691406015306711,0.18054162487462388,0.9473684210526315,0.30328559393428817
43,xgboost_smote,0.0006767067825421691,0.18072289156626506,0.9473684210526315,0.30354131534569984
43,xgboost_smote,0.000702313962392509,0.18090452261306533,0.9473684210526315,0.3037974683544304
43,xgboost_smote,0.0007044865633361042,0.18108651911468812,0.9473684210526315,0.30405405405405406
43,xgboost_smote,0.0007151560857892036,0.18126888217522658,0.9473684210526315,0.3043110735418427
43,xgboost_smote,0.0007197102531790733,0.1814516129032258,0.9473684210526315,0.3045685279187817
43,xgboost_smote,0.0007263608276844025,0.18163471241170534,0.9473684210526315,0.30482641828958507
43,xgboost_smote,0.0007350682863034308,0.18181818181818182,0.9473684210526315,0.3050847457627119
43,xgboost_smote,0.0007425463991239667,0.1820020222446916,0.9473684210526315,0.30534351145038174
43,xgboost_smote,0.0007498668855987489,0.18218623481781376,0.9473684210526315,0.30560271646859083
43,xgboost_smote,0.0007627586019225419,0.182370820668693,0.9473684210526315,0.3058623619371283
43,xgboost_smote,0.0007750423392280936,0.18255578093306288,0.9473684210526315,0.30612244897959184
43,xgboost_smote,0.0007966198609210551,0.18274111675126903,0.9473684210526315,0.30638297872340425
43,xgboost_smote,0.0007997824577614665,0.18292682926829268,0.9473684210526315,0.3066439522998296
43,xgboost_smote,0.0008066360605880618,0.18311291963377416,0.9473684210526315,0.3069053708439898
43,xgboost_smote,0.00080962321953848,0.18329938900203666,0.9473684210526315,0.3071672354948805
43,xgboost_smote,0.000811953388620168,0.1834862385321101,0.9473684210526315,0.3074295473953885
43,xgboost_smote,0.000813801190815866,0.1836734693877551,0.9473684210526315,0.3076923076923077
43,xgboost_smote,0.0008191374945454299,0.18283963227783454,0.9421052631578948,0.30624465355004277
43,xgboost_smote,0.0008236999274231493,0.18302658486707565,0.9421052631578948,0.3065068493150685
43,xgboost_smote,0.0008261454058811069,0.18219037871033777,0.9368421052631579,0.3050556983718937
43,xgboost_smote,0.0008525325101800263,0.18237704918032788,0.9368421052631579,0.3053173241852487
43,xgboost_smote,0.0008570263744331896,0.18256410256410258,0.9368421052631579,0.30557939914163096
43,xgboost_smote,0.0008595871040597558,0.18275154004106775,0.9368421052631579,0.30584192439862545
43,xgboost_smote,0.0008598688873462379,0.1829393627954779,0.9368421052631579,0.3061049011177988
43,xgboost_smote,0.0008635901031084359,0.1831275720164609,0.9368421052631579,0.306368330464716
43,xgboost_smote,0.0008855850319378078,0.18331616889804325,0.9368421052631579,0.30663221360895776
43,xgboost_smote,0.0008923307177610695,0.18350515463917524,0.9368421052631579,0.3068965517241379
43,xgboost_smote,0.000898568017873913,0.18369453044375644,0.9368421052631579,0.3071613459879206
43,xgboost_smote,0.0009060044540092349,0.18388429752066116,0.9368421052631579,0.307426597582038
43,xgboost_smote,0.0009136786684393883,0.18407445708376421,0.9368421052631579,0.3076923076923077
43,xgboost_smote,0.0009479757864028215,0.18426501035196688,0.9368421052631579,0.3079584775086505
43,xgboost_smote,0.0009556759614497423,0.1844559585492228,0.9368421052631579,0.3082251082251083
43,xgboost_smote,0.0009679151116870344,0.18464730290456433,0.9368421052631579,0.30849220103986136
43,xgboost_smote,0.0009721293463371694,0.18483904465212878,0.9368421052631579,0.30875975715524717
43,xgboost_smote,0.0009890999644994736,0.18503118503118504,0.9368421052631579,0.3090277777777778
43,xgboost_smote,0.0009918493451550603,0.18522372528616024,0.9368421052631579,0.30929626411815814
43,xgboost_smote,0.0010140665108337998,0.18541666666666667,0.9368421052631579,0.3095652173913044
43,xgboost_smote,0.0010151336900889874,0.18561001042752867,0.9368421052631579,0.3098346388163621
43,xgboost_smote,0.0010158737422898412,0.18580375782881003,0.9368421052631579,0.31010452961672474
43,xgboost_smote,0.0010184660786762834,0.18599791013584116,0.9368421052631579,0.3103748910200523
43,xgboost_smote,0.0010187944862991571,0.18619246861924685,0.9368421052631579,0.3106457242582897
43,xgboost_smote,0.0010216059163212776,0.18638743455497384,0.9368421052631579,0.3109170305676856
43,xgboost_smote,0.0010282740695402026,0.18658280922431866,0.9368421052631579,0.3111888111888112
43,xgboost_smote,0.0010381077881902456,0.18677859391395593,0.9368421052631579,0.3114610673665792
43,xgboost_smote,0.0010558441281318665,0.1869747899159664,0.9368421052631579,0.3117338003502627
43,xgboost_smote,0.0010637853993102908,0.1871713985278654,0.9368421052631579,0.3120070113935145
43,xgboost_smote,0.0010643023997545242,0.18736842105263157,0.9368421052631579,0.31228070175438594
43,xgboost_smote,0.0010698308469727635,0.18756585879873552,0.9368421052631579,0.3125548726953468
43,xgboost_smote,0.0010710229398682714,0.1877637130801688,0.9368421052631579,0.31282952548330406
43,xgboost_smote,0.0010768817737698555,0.18796198521647306,0.9368421052631579,0.3131046613896218
43,xgboost_smote,0.0010806940263137221,0.18816067653276955,0.9368421052631579,0.31338028169014087
43,xgboost_smote,0.0010865750955417752,0.18835978835978837,0.9368421052631579,0.31365638766519827
43,xgboost_smote,0.0010867557721212506,0.1885593220338983,0.9368421052631579,0.31393298059964725
43,xgboost_smote,0.0011263330234214664,0.18875927889713678,0.9368421052631579,0.31421006178287725
43,xgboost_smote,0.001129364361986518,0.18895966029723993,0.9368421052631579,0.31448763250883394
43,xgboost_smote,0.0011329029221087694,0.1891604675876727,0.9368421052631579,0.31476569407603894
43,xgboost_smote,0.0011330486740916967,0.18936170212765957,0.9368421052631579,0.3150442477876106
43,xgboost_smote,0.0011365760583430529,0.18956336528221512,0.9368421052631579,0.31532329495128436
43,xgboost_smote,0.0011401252122595906,0.18976545842217485,0.9368421052631579,0.31560283687943264
43,xgboost_smote,0.0011464767158031464,0.18996798292422626,0.9368421052631579,0.31588287488908606
43,xgboost_smote,0.0011562543222680688,0.19017094017094016,0.9368421052631579,0.31616341030195383
43,xgboost_smote,0.0011714770225808024,0.19037433155080213,0.9368421052631579,0.3164444444444444
43,xgboost_smote,0.0011729493271559477,0.1905781584582441,0.9368421052631579,0.31672597864768687
43,xgboost_smote,0.001178372884169221,0.1907824222936763,0.9368421052631579,0.3170080142475512
43,xgboost_smote,0.0011957136448472738,0.19098712446351931,0.9368421052631579,0.31729055258467026
43,xgboost_smote,0.001200247323140502,0.19119226638023631,0.9368421052631579,0.3175735950044603
43,xgboost_smote,0.0012146062217652798,0.1913978494623656,0.9368421052631579,0.3178571428571429
43,xgboost_smote,0.0012154545402154326,0.1916038751345533,0.9368421052631579,0.3181411974977659
43,xgboost_smote,0.0012218608753755689,0.19181034482758622,0.9368421052631579,0.3184257602862254
43,xgboost_smote,0.0012439116835594177,0.19201725997842503,0.9368421052631579,0.31871083258728733
43,xgboost_smote,0.0012454274110496044,0.19222462203023757,0.9368421052631579,0.31899641577060933
43,xgboost_smote,0.0012534138513728976,0.19243243243243244,0.9368421052631579,0.31928251121076234
43,xgboost_smote,0.0012650706339627504,0.19264069264069264,0.9368421052631579,0.3195691202872531
43,xgboost_smote,0.0012810510816052556,0.19284940411700974,0.9368421052631579,0.3198562443845463
43,xgboost_smote,0.0012936759740114212,0.19305856832971802,0.9368421052631579,0.3201438848920864
43,xgboost_smote,0.0013078948250040412,0.19326818675352878,0.9368421052631579,0.3204320432043204
43,xgboost_smote,0.0013225431321188807,0.1934782608695652,0.9368421052631579,0.3207207207207207
43,xgboost_smote,0.0013343978207558393,0.19368879216539717,0.9368421052631579,0.32100991884580704
43,xgboost_smote,0.0013392460532486439,0.19389978213507625,0.9368421052631579,0.32129963898916963
43,xgboost_smote,0.0013680669944733381,0.1941112322791712,0.9368421052631579,0.3215898825654923
43,xgboost_smote,0.0013780953595414758,0.1943231441048035,0.9368421052631579,0.3218806509945751
43,xgboost_smote,0.00139215390663594,0.19453551912568307,0.9368421052631579,0.3221719457013575
43,xgboost_smote,0.001395103638060391,0.19474835886214442,0.9368421052631579,0.322463768115942
43,xgboost_smote,0.0013954052701592445,0.1949616648411829,0.9368421052631579,0.3227561196736174
43,xgboost_smote,0.0014063944108784199,0.19517543859649122,0.9368421052631579,0.323049001814882
43,xgboost_smote,0.0014115584781393409,0.19538968166849616,0.9368421052631579,0.32334241598546776
43,xgboost_smote,0.0014233922120183706,0.1945054945054945,0.9315789473684211,0.3218181818181818
43,xgboost_smote,0.0014244831399992108,0.19471947194719472,0.9315789473684211,0.32211101000909914
43,xgboost_smote,0.0014272109838202596,0.1949339207048458,0.9315789473684211,0.3224043715846994
43,xgboost_smote,0.0014503593556582928,0.19514884233737598,0.9315789473684211,0.32269826800364637
43,xgboost_smote,0.0014583839802071452,0.19536423841059603,0.9315789473684211,0.322992700729927
43,xgboost_smote,0.001461449428461492,0.19558011049723756,0.9315789473684211,0.32328767123287666
43,xgboost_smote,0.0014630061341449618,0.19579646017699115,0.9315789473684211,0.32358318098720285
43,xgboost_smote,0.0014657595893368125,0.19490586932447398,0.9263157894736842,0.3220494053064959
43,xgboost_smote,0.0014842579839751124,0.1951219512195122,0.9263157894736842,0.32234432234432236
43,xgboost_smote,0.001499643549323082,0.195338512763596,0.9263157894736842,0.3226397800183318
43,xgboost_smote,0.0015045065665617585,0.19555555555555557,0.9263157894736842,0.3229357798165138
43,xgboost_smote,0.001520998659543693,0.19577308120133483,0.9263157894736842,0.32323232323232326
43,xgboost_smote,0.0015223895898088813,0.19599109131403117,0.9263157894736842,0.32352941176470584
43,xgboost_smote,0.0015240235952660441,0.19620958751393533,0.9263157894736842,0.32382704691812325
43,xgboost_smote,0.0015404856530949473,0.19642857142857142,0.9263157894736842,0.3241252302025783
43,xgboost_smote,0.0015507037751376629,0.19664804469273742,0.9263157894736842,0.3244239631336405
43,xgboost_smote,0.0015606009401381016,0.19686800894854586,0.9263157894736842,0.3247232472324723
43,xgboost_smote,0.0015722370008006692,0.19708846584546472,0.9263157894736842,0.32502308402585406
43,xgboost_smote,0.001578552764840424,0.19730941704035873,0.9263157894736842,0.32532347504621073
43,xgboost_smote,0.0015868011396378279,0.19753086419753085,0.9263157894736842,0.32562442183163737
43,xgboost_smote,0.0015961113385856152,0.19775280898876405,0.9263157894736842,0.3259259259259259
43,xgboost_smote,0.0016208699671551585,0.19797525309336333,0.9263157894736842,0.3262279888785913
43,xgboost_smote,0.0016239803517237306,0.1981981981981982,0.9263157894736842,0.32653061224489793
43,xgboost_smote,0.0016480364138260484,0.1984216459977452,0.9263157894736842,0.3268337975858867
43,xgboost_smote,0.0016502747312188148,0.1986455981941309,0.9263157894736842,0.3271375464684015
43,xgboost_smote,0.001655304804444313,0.19887005649717515,0.9263157894736842,0.3274418604651163
43,xgboost_smote,0.0016663315473124385,0.19909502262443438,0.9263157894736842,0.32774674115456237
43,xgboost_smote,0.0016704107401892543,0.19932049830124576,0.9263157894736842,0.32805219012115566
43,xgboost_smote,0.0016800680896267295,0.19954648526077098,0.9263157894736842,0.3283582089552239
43,xgboost_smote,0.0016881049377843738,0.19977298524404086,0.9263157894736842,0.32866479925303455
43,xgboost_smote,0.0016887529054656625,0.2,0.9263157894736842,0.3289719626168225
43,xgboost_smote,0.0017113009234890342,0.19908987485779295,0.9210526315789473,0.32740879326473343
43,xgboost_smote,0.001745697227306664,0.19931662870159453,0.9210526315789473,0.3277153558052434
43,xgboost_smote,0.0017609548522159457,0.19954389965792474,0.9210526315789473,0.32802249297094654
43,xgboost_smote,0.0017648687353357673,0.1997716894977169,0.9210526315789473,0.3283302063789869
43,xgboost_smote,0.0017744562355801463,0.2,0.9210526315789473,0.3286384976525822
43,xgboost_smote,0.0017835574690252542,0.20022883295194507,0.9210526315789473,0.32894736842105265
43,xgboost_smote,0.0017980796983465552,0.19931271477663232,0.9157894736842105,0.32737535277516466
43,xgboost_smote,0.0018131989054381847,0.19954128440366972,0.9157894736842105,0.3276836158192091
43,xgboost_smote,0.001873730681836605,0.1997703788748565,0.9157894736842105,0.32799245994344955
43,xgboost_smote,0.0018928464269265532,0.2,0.9157894736842105,0.32830188679245287
43,xgboost_smote,0.0018945245537906885,0.2002301495972382,0.9157894736842105,0.32861189801699714
43,xgboost_smote,0.001903228578157723,0.20046082949308755,0.9157894736842105,0.32892249527410206
43,xgboost_smote,0.0019346311455592513,0.20069204152249134,0.9157894736842105,0.32923368022705773
43,xgboost_smote,0.001939104520715773,0.20092378752886836,0.9157894736842105,0.3295454545454546
43,xgboost_smote,0.0019441184122115374,0.20115606936416186,0.9157894736842105,0.3298578199052133
43,xgboost_smote,0.0019724108278751373,0.2013888888888889,0.9157894736842105,0.3301707779886148
43,xgboost_smote,0.0019899378530681133,0.20162224797219003,0.9157894736842105,0.33048433048433046
43,xgboost_smote,0.0019917995668947697,0.20185614849187936,0.9157894736842105,0.3307984790874525
43,xgboost_smote,0.0019998366478830576,0.20209059233449478,0.9157894736842105,0.3311132254995243
43,xgboost_smote,0.0020146851893514395,0.20232558139534884,0.9157894736842105,0.33142857142857146
43,xgboost_smote,0.0020161729771643877,0.20256111757857975,0.9157894736842105,0.3317445185891325
43,xgboost_smote,0.0020193280652165413,0.20163170163170163,0.9105263157894737,0.3301526717557252
43,xgboost_smote,0.002032728400081396,0.20186697782963828,0.9105263157894737,0.33046800382043934
43,xgboost_smote,0.0020478677470237017,0.20210280373831777,0.9105263157894737,0.33078393881453155
43,xgboost_smote,0.002081061713397503,0.2023391812865497,0.9105263157894737,0.3311004784688995
43,xgboost_smote,0.002101649297401309,0.202576112412178,0.9105263157894737,0.3314176245210728
43,xgboost_smote,0.002107738284394145,0.20281359906213364,0.9105263157894737,0.3317353787152445
43,xgboost_smote,0.0021078414283692837,0.20305164319248825,0.9105263157894737,0.3320537428023032
43,xgboost_smote,0.002116234041750431,0.20329024676850763,0.9105263157894737,0.3323727185398655
43,xgboost_smote,0.0021369196474552155,0.20352941176470588,0.9105263157894737,0.33269230769230773
43,xgboost_smote,0.0021468226332217455,0.2037691401648999,0.9105263157894737,0.3330125120307989
43,xgboost_smote,0.002160376403480768,0.20400943396226415,0.9105263157894737,0.33333333333333337
43,xgboost_smote,0.002174698282033205,0.20425029515938606,0.9105263157894737,0.33365477338476374
43,xgboost_smote,0.0021946034394204617,0.2044917257683215,0.9105263157894737,0.333976833976834
43,xgboost_smote,0.0022040409967303276,0.20473372781065088,0.9105263157894737,0.3342995169082126
43,xgboost_smote,0.0022064615041017532,0.20497630331753555,0.9105263157894737,0.33462282398452614
43,xgboost_smote,0.002217264147475362,0.20521945432977462,0.9105263157894737,0.33494675701839305
43,xgboost_smote,0.002229135250672698,0.20546318289786222,0.9105263157894737,0.33527131782945735
43,xgboost_smote,0.00223096227273345,0.2057074910820452,0.9105263157894737,0.3355965082444229
43,xgboost_smote,0.002245977520942688,0.20595238095238094,0.9105263157894737,0.33592233009708733
43,xgboost_smote,0.002250881167128682,0.2061978545887962,0.9105263157894737,0.3362487852283771
43,xgboost_smote,0.0022509207483381033,0.2064439140811456,0.9105263157894737,0.33657587548638135
43,xgboost_smote,0.00226147030480206,0.2066905615292712,0.9105263157894737,0.33690360272638753
43,xgboost_smote,0.0022688156459480524,0.2069377990430622,0.9105263157894737,0.3372319688109162
43,xgboost_smote,0.002287097042426467,0.20718562874251498,0.9105263157894737,0.3375609756097561
43,xgboost_smote,0.0022891664411872625,0.20743405275779375,0.9105263157894737,0.337890625
43,xgboost_smote,0.0022972156293690205,0.20768307322929172,0.9105263157894737,0.3382209188660802
43,xgboost_smote,0.0023327055387198925,0.20793269230769232,0.9105263157894737,0.3385518590998043
43,xgboost_smote,0.0023367207031697035,0.20818291215403129,0.9105263157894737,0.3388834476003918
43,xgboost_smote,0.0023454218171536922,0.20843373493975903,0.9105263157894737,0.3392156862745098
43,xgboost_smote,0.0023531580809503794,0.2074788902291918,0.9052631578947369,0.33758586849852795
43,xgboost_smote,0.0024089128710329533,0.20772946859903382,0.9052631578947369,0.33791748526522597
43,xgboost_smote,0.002417636336758733,0.2079806529625151,0.9052631578947369,0.3382497541789577
43,xgboost_smote,0.0024278066121041775,0.20823244552058112,0.9052631578947369,0.3385826771653543
43,xgboost_smote,0.0024298573844134808,0.2084848484848485,0.9052631578947369,0.33891625615763543
43,xgboost_smote,0.0024330471642315388,0.2087378640776699,0.9052631578947369,0.33925049309664695
43,xgboost_smote,0.0024496850091964006,0.2077764277035237,0.9,0.33761105626850935
43,xgboost_smote,0.0024582012556493282,0.20802919708029197,0.9,0.33794466403162055
43,xgboost_smote,0.0024735017213970423,0.20828258221680876,0.9,0.3382789317507418
43,xgboost_smote,0.0024896562099456787,0.20853658536585365,0.9,0.3386138613861386
43,xgboost_smote,0.002495117951184511,0.2087912087912088,0.9,0.3389494549058474
43,xgboost_smote,0.0025051762349903584,0.20904645476772615,0.9,0.3392857142857143
43,xgboost_smote,0.002507441211491823,0.20930232558139536,0.9,0.339622641509434
43,xgboost_smote,0.002515300875529647,0.20955882352941177,0.9,0.3399602385685884
43,xgboost_smote,0.0025158992502838373,0.2098159509202454,0.9,0.3402985074626866
43,xgboost_smote,0.0025202359538525343,0.21007371007371006,0.9,0.34063745019920316
43,xgboost_smote,0.002536072628572583,0.21033210332103322,0.9,0.34097706879361916
43,xgboost_smote,0.0025542061775922775,0.2105911330049261,0.9,0.3413173652694611
43,xgboost_smote,0.002572060562670231,0.21085080147965474,0.9,0.34165834165834164
43,xgboost_smote,0.002593674696981907,0.2111111111111111,0.9,0.34199999999999997
43,xgboost_smote,0.002593954559415579,0.21137206427688504,0.9,0.3423423423423424
43,xgboost_smote,0.0025950998533517122,0.2103960396039604,0.8947368421052632,0.34068136272545085
43,xgboost_smote,0.00260055810213089,0.21065675340768278,0.8947368421052632,0.3410230692076229
43,xgboost_smote,0.0026234914548695087,0.20967741935483872,0.8894736842105263,0.33935742971887556
43,xgboost_smote,0.0026249915827065706,0.20993788819875778,0.8894736842105263,0.3396984924623116
43,xgboost_smote,0.0026511347386986017,0.21019900497512436,0.8894736842105263,0.3400402414486921
43,xgboost_smote,0.0026658284477889538,0.21046077210460773,0.8894736842105263,0.3403826787512588
43,xgboost_smote,0.0026834027376025915,0.21072319201995013,0.8894736842105263,0.34072580645161293
43,xgboost_smote,0.002706794301047921,0.21098626716604243,0.8894736842105263,0.3410696266397578
43,xgboost_smote,0.002748604863882065,0.21125,0.8894736842105263,0.3414141414141414
43,xgboost_smote,0.002787369769066572,0.21151439299123906,0.8894736842105263,0.34175935288169873
43,xgboost_smote,0.0027984122280031443,0.21177944862155387,0.8894736842105263,0.3421052631578947
43,xgboost_smote,0.0028073338326066732,0.2120451693851945,0.8894736842105263,0.342451874366768
43,xgboost_smote,0.0028267884626984596,0.21231155778894473,0.8894736842105263,0.3427991886409736
43,xgboost_smote,0.0028731292113661766,0.21257861635220127,0.8894736842105263,0.3431472081218274
43,xgboost_smote,0.002887069247663021,0.2128463476070529,0.8894736842105263,0.3434959349593496
43,xgboost_smote,0.00290652085095644,0.21311475409836064,0.8894736842105263,0.3438453713123093
43,xgboost_smote,0.0029308758676052094,0.21338383838383837,0.8894736842105263,0.34419551934826886
43,xgboost_smote,0.0029329208191484213,0.213653603034134,0.8894736842105263,0.34454638124362896
43,xgboost_smote,0.0029408824630081654,0.2139240506329114,0.8894736842105263,0.3448979591836735
43,xgboost_smote,0.002948350040242076,0.21292775665399238,0.8842105263157894,0.34320735444330946
43,xgboost_smote,0.0029944968409836292,0.2131979695431472,0.8842105263157894,0.3435582822085889
43,xgboost_smote,0.003038223832845688,0.21346886912325286,0.8842105263157894,0.34390992835209827
43,xgboost_smote,0.003078864421695471,0.21374045801526717,0.8842105263157894,0.3442622950819672
43,xgboost_smote,0.0031006827484816313,0.2140127388535032,0.8842105263157894,0.3446153846153846
43,xgboost_smote,0.003136470913887024,0.21428571428571427,0.8842105263157894,0.3449691991786447
43,xgboost_smote,0.00314323790371418,0.21455938697318008,0.8842105263157894,0.34532374100719426
43,xgboost_smote,0.0032245314214378595,0.21483375959079284,0.8842105263157894,0.345679012345679
43,xgboost_smote,0.0032540839165449142,0.21510883482714468,0.8842105263157894,0.34603501544799176
43,xgboost_smote,0.0032550878822803497,0.2153846153846154,0.8842105263157894,0.3463917525773196
43,xgboost_smote,0.003262691432610154,0.21566110397946084,0.8842105263157894,0.3467492260061919
43,xgboost_smote,0.0032750163227319717,0.2159383033419023,0.8842105263157894,0.3471074380165289
43,xgboost_smote,0.0033324884716421366,0.21621621621621623,0.8842105263157894,0.3474663908996897
43,xgboost_smote,0.003342021955177188,0.21649484536082475,0.8842105263157894,0.34782608695652173
43,xgboost_smote,0.0033567745704203844,0.2167741935483871,0.8842105263157894,0.3481865284974094
43,xgboost_smote,0.0033640137407928705,0.21705426356589147,0.8842105263157894,0.34854771784232363
43,xgboost_smote,0.0033685187809169292,0.21733505821474774,0.8842105263157894,0.3489096573208723
43,xgboost_smote,0.0034044028725475073,0.21761658031088082,0.8842105263157894,0.34927234927234924
43,xgboost_smote,0.0034370028879493475,0.2178988326848249,0.8842105263157894,0.34963579604578565
43,xgboost_smote,0.003453172044828534,0.21818181818181817,0.8842105263157894,0.35
43,xgboost_smote,0.0034559546038508415,0.21846553966189858,0.8842105263157894,0.35036496350364965
43,xgboost_smote,0.0034810893703252077,0.21875,0.8842105263157894,0.3507306889352818
43,xgboost_smote,0.0034843231551349163,0.21773142112125163,0.8789473684210526,0.3490073145245559
43,xgboost_smote,0.00351342954672873,0.21671018276762402,0.8736842105263158,0.3472803347280335
43,xgboost_smote,0.003527158871293068,0.2169934640522876,0.8736842105263158,0.3476439790575916
43,xgboost_smote,0.0035339680034667253,0.21727748691099477,0.8736842105263158,0.3480083857442348
43,xgboost_smote,0.0035384995862841606,0.21756225425950196,0.8736842105263158,0.3483735571878279
43,xgboost_smote,0.0035442509688436985,0.2178477690288714,0.8736842105263158,0.34873949579831937
43,xgboost_smote,0.003553651971742511,0.21813403416557162,0.8736842105263158,0.3491062039957939
43,xgboost_smote,0.0035689028445631266,0.21842105263157896,0.8736842105263158,0.3494736842105264
43,xgboost_smote,0.003593756351619959,0.21870882740447958,0.8736842105263158,0.34984193888303483
43,xgboost_smote,0.003634237451478839,0.21899736147757257,0.8736842105263158,0.350210970464135
43,xgboost_smote,0.003642508527263999,0.2192866578599736,0.8736842105263158,0.35058078141499477
43,xgboost_smote,0.0036574669647961855,0.21957671957671956,0.8736842105263158,0.3509513742071882
43,xgboost_smote,0.0036647652741521597,0.2185430463576159,0.868421052631579,0.3492063492063492
43,xgboost_smote,0.0036843083798885345,0.21883289124668434,0.868421052631579,0.34957627118644063
43,xgboost_smote,0.0036876043304800987,0.21912350597609562,0.868421052631579,0.34994697773064687
43,xgboost_smote,0.003713085316121578,0.21941489361702127,0.868421052631579,0.3503184713375796
43,xgboost_smote,0.0037167384289205074,0.2197070572569907,0.868421052631579,0.3506907545164719
43,xgboost_smote,0.0037652545142918825,0.22,0.868421052631579,0.3510638297872341
43,xgboost_smote,0.0037800597492605448,0.22029372496662217,0.868421052631579,0.3514376996805112
43,xgboost_smote,0.0038048247806727886,0.22058823529411764,0.868421052631579,0.35181236673773986
43,xgboost_smote,0.003818752709776163,0.21954484605087016,0.8631578947368421,0.35005336179295626
43,xgboost_smote,0.003885236568748951,0.21983914209115282,0.8631578947368421,0.35042735042735046
43,xgboost_smote,0.0039013416972011328,0.22013422818791947,0.8631578947368421,0.3508021390374332
43,xgboost_smote,0.00394076993688941,0.21908602150537634,0.8578947368421053,0.3490364025695932
43,xgboost_smote,0.0040078978054225445,0.2193808882907133,0.8578947368421053,0.34941050375133975
43,xgboost_smote,0.0040109180845320225,0.2196765498652291,0.8578947368421053,0.3497854077253219
43,xgboost_smote,0.004025707952678204,0.21997300944669365,0.8578947368421053,0.3501611170784103
43,xgboost_smote,0.004047025926411152,0.22027027027027027,0.8578947368421053,0.35053763440860214
43,xgboost_smote,0.004050779156386852,0.22056833558863329,0.8578947368421053,0.3509149623250808
43,xgboost_smote,0.004058450926095247,0.22086720867208673,0.8578947368421053,0.3512931034482759
43,xgboost_smote,0.0040683927945792675,0.22116689280868385,0.8578947368421053,0.3516720604099245
43,xgboost_smote,0.004069124814122915,0.22146739130434784,0.8578947368421053,0.35205183585313177
43,xgboost_smote,0.004083502106368542,0.2217687074829932,0.8578947368421053,0.35243243243243244
43,xgboost_smote,0.00410945899784565,0.2220708446866485,0.8578947368421053,0.35281385281385286
43,xgboost_smote,0.004128980915993452,0.22237380627557982,0.8578947368421053,0.35319609967497295
43,xgboost_smote,0.004139835946261883,0.2226775956284153,0.8578947368421053,0.3535791757049892
43,xgboost_smote,0.004151754081249237,0.22298221614227087,0.8578947368421053,0.3539630836047774
43,xgboost_smote,0.004183749668300152,0.2232876712328767,0.8578947368421053,0.3543478260869566
43,xgboost_smote,0.004196176305413246,0.22359396433470508,0.8578947368421053,0.3547334058759521
43,xgboost_smote,0.004216879140585661,0.2239010989010989,0.8578947368421053,0.35511982570806094
43,xgboost_smote,0.004256171174347401,0.22420907840440166,0.8578947368421053,0.3555070883315158
43,xgboost_smote,0.004275268409401178,0.22451790633608815,0.8578947368421053,0.35589519650655016
43,xgboost_smote,0.004295745864510536,0.22482758620689655,0.8578947368421053,0.3562841530054645
43,xgboost_smote,0.00434112036600709,0.22513812154696133,0.8578947368421053,0.35667396061269147
43,xgboost_smote,0.004343484994024038,0.22544951590594745,0.8578947368421053,0.35706462212486306
43,xgboost_smote,0.004345089662820101,0.2257617728531856,0.8578947368421053,0.35745614035087725
43,xgboost_smote,0.004383997060358524,0.2260748959778086,0.8578947368421053,0.35784851811196483
43,xgboost_smote,0.0044395336881279945,0.2263888888888889,0.8578947368421053,0.35824175824175825
43,xgboost_smote,0.004453262314200401,0.2267037552155772,0.8578947368421053,0.3586358635863586
43,xgboost_smote,0.004466772545129061,0.22701949860724233,0.8578947368421053,0.3590308370044053
43,xgboost_smote,0.004536095075309277,0.22733612273361228,0.8578947368421053,0.35942668136714445
43,xgboost_smote,0.004550688434392214,0.2276536312849162,0.8578947368421053,0.3598233995584989
43,xgboost_smote,0.0045749712735414505,0.22797202797202798,0.8578947368421053,0.36022099447513817
43,xgboost_smote,0.004649733193218708,0.22829131652661064,0.8578947368421053,0.3606194690265486
43,xgboost_smote,0.004656044766306877,0.22861150070126227,0.8578947368421053,0.36101882613510516
43,xgboost_smote,0.004685250110924244,0.22893258426966293,0.8578947368421053,0.36141906873614194
43,xgboost_smote,0.004729284904897213,0.22925457102672292,0.8578947368421053,0.36182019977802443
43,xgboost_smote,0.004773593507707119,0.2295774647887324,0.8578947368421053,0.3622222222222223
43,xgboost_smote,0.004825543146580458,0.229901269393512,0.8578947368421053,0.3626251390433815
43,xgboost_smote,0.004941812716424465,0.23022598870056496,0.8578947368421053,0.36302895322939865
43,xgboost_smote,0.005017120856791735,0.23055162659123055,0.8578947368421053,0.36343366778149383
43,xgboost_smote,0.005102450959384441,0.23087818696883852,0.8578947368421053,0.3638392857142857
43,xgboost_smote,0.005115942098200321,0.23120567375886525,0.8578947368421053,0.3642458100558659
43,xgboost_smote,0.005128687713295221,0.2315340909090909,0.8578947368421053,0.36465324384787473
43,xgboost_smote,0.00512908399105072,0.23186344238975817,0.8578947368421053,0.3650615901455767
43,xgboost_smote,0.005193599034100771,0.23219373219373218,0.8578947368421053,0.3654708520179372
43,xgboost_smote,0.005215920507907867,0.23252496433666192,0.8578947368421053,0.3658810325476992
43,xgboost_smote,0.005280304234474897,0.23285714285714285,0.8578947368421053,0.3662921348314606
43,xgboost_smote,0.005284125450998545,0.23319027181688126,0.8578947368421053,0.36670416197975253
43,xgboost_smote,0.00529492599889636,0.2335243553008596,0.8578947368421053,0.3671171171171171
43,xgboost_smote,0.005338351707905531,0.23385939741750358,0.8578947368421053,0.36753100338218714
43,xgboost_smote,0.005366680212318897,0.23419540229885058,0.8578947368421053,0.3679458239277652
43,xgboost_smote,0.00550753204151988,0.23453237410071942,0.8578947368421053,0.36836158192090396
43,xgboost_smote,0.005583781283348799,0.23487031700288186,0.8578947368421053,0.36877828054298645
43,xgboost_smote,0.005736419465392828,0.2352092352092352,0.8578947368421053,0.36919592298980747
43,xgboost_smote,0.005769777111709118,0.23554913294797689,0.8578947368421053,0.3696145124716554
43,xgboost_smote,0.005808873567730188,0.23589001447178004,0.8578947368421053,0.37003405221339397
43,xgboost_smote,0.0058359201066195965,0.23623188405797102,0.8578947368421053,0.3704545454545454
43,xgboost_smote,0.0059125483967363834,0.2365747460087083,0.8578947368421053,0.37087599544937433
43,xgboost_smote,0.005925864912569523,0.2369186046511628,0.8578947368421053,0.3712984054669704
43,xgboost_smote,0.005954204127192497,0.23726346433770015,0.8578947368421053,0.3717217787913341
43,xgboost_smote,0.0059591783210635185,0.23760932944606414,0.8578947368421053,0.37214611872146114
43,xgboost_smote,0.006045868620276451,0.23795620437956205,0.8578947368421053,0.3725714285714286
43,xgboost_smote,0.006095851305872202,0.23684210526315788,0.8526315789473684,0.3707093821510297
43,xgboost_smote,0.006109199021011591,0.23718887262079064,0.8526315789473684,0.37113402061855666
43,xgboost_smote,0.006120387930423021,0.2375366568914956,0.8526315789473684,0.37155963302752293
43,xgboost_smote,0.006141278427094221,0.23788546255506607,0.8526315789473684,0.3719862227324913
43,xgboost_smote,0.0061848158948123455,0.23823529411764705,0.8526315789473684,0.37241379310344824
43,xgboost_smote,0.006194918416440487,0.23858615611192932,0.8526315789473684,0.37284234752589185
43,xgboost_smote,0.006265842355787754,0.23893805309734514,0.8526315789473684,0.3732718894009217
43,xgboost_smote,0.0062696440145373344,0.23929098966026588,0.8526315789473684,0.37370242214532867
43,xgboost_smote,0.0062879230827093124,0.23964497041420119,0.8526315789473684,0.3741339491916859
43,xgboost_smote,0.006306115072220564,0.24,0.8526315789473684,0.3745664739884393
43,xgboost_smote,0.006464099511504173,0.23887240356083086,0.8473684210526315,0.3726851851851852
43,xgboost_smote,0.006497851572930813,0.23922734026745915,0.8473684210526315,0.37311703360370796
43,xgboost_smote,0.0064988150261342525,0.23958333333333334,0.8473684210526315,0.3735498839907193
43,xgboost_smote,0.0065458170138299465,0.2399403874813711,0.8473684210526315,0.37398373983739835
43,xgboost_smote,0.006577976513653994,0.24029850746268658,0.8473684210526315,0.3744186046511627
43,xgboost_smote,0.0066382912918925285,0.2406576980568012,0.8473684210526315,0.37485448195576254
43,xgboost_smote,0.006639294791966677,0.2410179640718563,0.8473684210526315,0.3752913752913753
43,xgboost_smote,0.006737901363521814,0.2413793103448276,0.8473684210526315,0.3757292882147025
43,xgboost_smote,0.006773708388209343,0.24174174174174173,0.8473684210526315,0.3761682242990654
43,xgboost_smote,0.006778538227081299,0.24210526315789474,0.8473684210526315,0.3766081871345029
43,xgboost_smote,0.006797528825700283,0.24246987951807228,0.8473684210526315,0.3770491803278689
43,xgboost_smote,0.006947284564375877,0.24283559577677225,0.8473684210526315,0.3774912075029308
43,xgboost_smote,0.006991826929152012,0.243202416918429,0.8473684210526315,0.37793427230046944
43,xgboost_smote,0.007023731246590614,0.24205748865355523,0.8421052631578947,0.3760282021151587
43,xgboost_smote,0.007093159481883049,0.24242424242424243,0.8421052631578947,0.3764705882352941
43,xgboost_smote,0.007102236617356539,0.24279210925644917,0.8421052631578947,0.37691401648998824
43,xgboost_smote,0.007108571007847786,0.24316109422492402,0.8421052631578947,0.3773584905660377
43,xgboost_smote,0.007164518348872662,0.243531202435312,0.8421052631578947,0.3778040141676505
43,xgboost_smote,0.007197882514446974,0.24390243902439024,0.8421052631578947,0.37825059101654845
43,xgboost_smote,0.007198870647698641,0.24427480916030533,0.8421052631578947,0.378698224852071
43,xgboost_smote,0.0072135464288294315,0.24311926605504589,0.8368421052631579,0.37677725118483407
43,xgboost_smote,0.007341575808823109,0.2434915773353752,0.8368421052631579,0.3772241992882562
43,xgboost_smote,0.007348835002630949,0.24386503067484663,0.8368421052631579,0.3776722090261283
43,xgboost_smote,0.0074390084482729435,0.24270353302611367,0.8315789473684211,0.37574316290130794
43,xgboost_smote,0.007469631731510162,0.24307692307692308,0.8315789473684211,0.3761904761904762
43,xgboost_smote,0.007480283733457327,0.24345146379044685,0.8315789473684211,0.3766388557806913
43,xgboost_smote,0.0074818311259150505,0.24382716049382716,0.8315789473684211,0.3770883054892601
43,xgboost_smote,0.00748423533514142,0.24420401854714066,0.8315789473684211,0.37753882915173237
43,xgboost_smote,0.007549748755991459,0.24458204334365324,0.8315789473684211,0.37799043062200954
43,xgboost_smote,0.007574029266834259,0.24496124031007752,0.8315789473684211,0.3784431137724551
43,xgboost_smote,0.007618214003741741,0.2453416149068323,0.8315789473684211,0.3788968824940048
43,xgboost_smote,0.0077138240449130535,0.24572317262830481,0.8315789473684211,0.37935174069627847
43,xgboost_smote,0.007924064062535763,0.24610591900311526,0.8315789473684211,0.3798076923076923
43,xgboost_smote,0.008028610609471798,0.24648985959438377,0.8315789473684211,0.38026474127557164
43,xgboost_smote,0.008038968779146671,0.246875,0.8315789473684211,0.38072289156626504
43,xgboost_smote,0.008065709844231606,0.24726134585289514,0.8315789473684211,0.3811821471652594
43,xgboost_smote,0.00811894703656435,0.2476489028213166,0.8315789473684211,0.38164251207729466
43,xgboost_smote,0.008152746595442295,0.24803767660910517,0.8315789473684211,0.38210399032648124
43,xgboost_smote,0.00821093562990427,0.24842767295597484,0.8315789473684211,0.38256658595641646
43,xgboost_smote,0.008272473700344563,0.24881889763779527,0.8315789473684211,0.383030303030303
43,xgboost_smote,0.008313463069498539,0.24921135646687698,0.8315789473684211,0.38349514563106796
43,xgboost_smote,0.00834682211279869,0.24960505529225907,0.8315789473684211,0.38396111786148246
43,xgboost_smote,0.008356149308383465,0.25,0.8315789473684211,0.38442822384428227
43,xgboost_smote,0.008491825312376022,0.25039619651347067,0.8315789473684211,0.3848964677222899
43,xgboost_smote,0.008557128719985485,0.2507936507936508,0.8315789473684211,0.38536585365853665
43,xgboost_smote,0.008595297113060951,0.25119236883942764,0.8315789473684211,0.3858363858363858
43,xgboost_smote,0.008725223131477833,0.25,0.8263157894736842,0.3838630806845965
43,xgboost_smote,0.008735056035220623,0.2503987240829346,0.8263157894736842,0.38433292533659724
43,xgboost_smote,0.008744313381612301,0.2507987220447284,0.8263157894736842,0.3848039215686274
43,xgboost_smote,0.0087789511308074,0.2512,0.8263157894736842,0.38527607361963184
43,xgboost_smote,0.008822447620332241,0.2516025641025641,0.8263157894736842,0.3857493857493858
43,xgboost_smote,0.008953787386417389,0.2520064205457464,0.8263157894736842,0.3862238622386224
43,xgboost_smote,0.009102800861001015,0.25241157556270094,0.8263157894736842,0.38669950738916253
43,xgboost_smote,0.009119611233472824,0.2528180354267311,0.8263157894736842,0.38717632552404446
43,xgboost_smote,0.009188500232994556,0.2532258064516129,0.8263157894736842,0.3876543209876543
43,xgboost_smote,0.009209509007632732,0.25363489499192243,0.8263157894736842,0.38813349814585907
43,xgboost_smote,0.00933937169611454,0.2540453074433657,0.8263157894736842,0.38861386138613857
43,xgboost_smote,0.009422202594578266,0.2544570502431118,0.8263157894736842,0.3890954151177199
43,xgboost_smote,0.009450322017073631,0.25487012987012986,0.8263157894736842,0.38957816377171217
43,xgboost_smote,0.009505643509328365,0.2552845528455285,0.8263157894736842,0.3900621118012423
43,xgboost_smote,0.009569033980369568,0.255700325732899,0.8263157894736842,0.39054726368159204
43,xgboost_smote,0.009738605469465256,0.2561174551386623,0.8263157894736842,0.3910336239103362
43,xgboost_smote,0.009753783233463764,0.2565359477124183,0.8263157894736842,0.3915211970074812
43,xgboost_smote,0.009817013517022133,0.2553191489361702,0.8210526315789474,0.38951310861423216
43,xgboost_smote,0.00984290149062872,0.25573770491803277,0.8210526315789474,0.38999999999999996
43,xgboost_smote,0.00994438212364912,0.2561576354679803,0.8210526315789474,0.39048811013767215
43,xgboost_smote,0.010010064579546452,0.2565789473684211,0.8210526315789474,0.39097744360902253
43,xgboost_smote,0.010100875049829483,0.257001647446458,0.8210526315789474,0.39146800501882056
43,xgboost_smote,0.010256600566208363,0.25742574257425743,0.8210526315789474,0.39195979899497485
43,xgboost_smote,0.010348770767450333,0.2578512396694215,0.8210526315789474,0.3924528301886792
43,xgboost_smote,0.010407891124486923,0.25662251655629137,0.8157894736842105,0.3904282115869018
43,xgboost_smote,0.010442952625453472,0.2570480928689884,0.8157894736842105,0.3909205548549811
43,xgboost_smote,0.010498156771063805,0.2574750830564784,0.8157894736842105,0.39141414141414144
43,xgboost_smote,0.010596463456749916,0.2579034941763727,0.8157894736842105,0.3919089759797725
43,xgboost_smote,0.010605940595269203,0.25833333333333336,0.8157894736842105,0.3924050632911392
43,xgboost_smote,0.010629493743181229,0.2587646076794658,0.8157894736842105,0.39290240811153365
43,xgboost_smote,0.010637289844453335,0.2591973244147157,0.8157894736842105,0.39340101522842635
43,xgboost_smote,0.010729001834988594,0.25963149078726966,0.8157894736842105,0.3939008894536213
43,xgboost_smote,0.01073529478162527,0.2600671140939597,0.8157894736842105,0.39440203562340964
43,xgboost_smote,0.010783789679408073,0.2605042016806723,0.8157894736842105,0.39490445859872614
43,xgboost_smote,0.010801821015775204,0.2609427609427609,0.8157894736842105,0.3954081632653061
43,xgboost_smote,0.01093672402203083,0.26138279932546377,0.8157894736842105,0.39591315453384424
43,xgboost_smote,0.011196071282029152,0.26182432432432434,0.8157894736842105,0.3964194373401535
43,xgboost_smote,0.011359336785972118,0.2622673434856176,0.8157894736842105,0.3969270166453265
43,xgboost_smote,0.011366117745637894,0.2627118644067797,0.8157894736842105,0.3974358974358974
43,xgboost_smote,0.011423630639910698,0.2631578947368421,0.8157894736842105,0.39794608472400506
43,xgboost_smote,0.011534003540873528,0.26360544217687076,0.8157894736842105,0.39845758354755784
43,xgboost_smote,0.011588084511458874,0.262350936967632,0.8105263157894737,0.3963963963963964
43,xgboost_smote,0.011622663587331772,0.2627986348122867,0.8105263157894737,0.3969072164948454
43,xgboost_smote,0.011655163951218128,0.26324786324786326,0.8105263157894737,0.39741935483870966
43,xgboost_smote,0.011743991635739803,0.2636986301369863,0.8105263157894737,0.3979328165374677
43,xgboost_smote,0.011839349754154682,0.2641509433962264,0.8105263157894737,0.3984476067270375
43,xgboost_smote,0.012050128541886806,0.2646048109965636,0.8105263157894737,0.39896373056994816
43,xgboost_smote,0.012058851309120655,0.26506024096385544,0.8105263157894737,0.39948119325551235
43,xgboost_smote,0.012102865613996983,0.2637931034482759,0.8052631578947368,0.39740259740259737
43,xgboost_smote,0.012119793333113194,0.26424870466321243,0.8052631578947368,0.39791937581274384
43,xgboost_smote,0.012120859697461128,0.2647058823529412,0.8052631578947368,0.3984375
43,xgboost_smote,0.012269247323274612,0.2651646447140381,0.8052631578947368,0.3989569752281616
43,xgboost_smote,0.012388002127408981,0.265625,0.8052631578947368,0.3994778067885117
43,xgboost_smote,0.012462640181183815,0.26608695652173914,0.8052631578947368,0.4
43,xgboost_smote,0.01247471198439598,0.2665505226480836,0.8052631578947368,0.40052356020942403
43,xgboost_smote,0.012595780193805695,0.2670157068062827,0.8052631578947368,0.40104849279161203
43,xgboost_smote,0.0126602528616786,0.2674825174825175,0.8052631578947368,0.4015748031496063
43,xgboost_smote,0.012706086970865726,0.2679509632224168,0.8052631578947368,0.4021024967148489
43,xgboost_smote,0.012738091871142387,0.26842105263157895,0.8052631578947368,0.4026315789473684
43,xgboost_smote,0.012761878781020641,0.2688927943760984,0.8052631578947368,0.40316205533596833
43,xgboost_smote,0.012771248817443848,0.26936619718309857,0.8052631578947368,0.40369393139841686
43,xgboost_smote,0.012866606004536152,0.2698412698412698,0.8052631578947368,0.40422721268163797
43,xgboost_smote,0.012874857522547245,0.2703180212014134,0.8052631578947368,0.4047619047619047
43,xgboost_smote,0.012885133735835552,0.27079646017699116,0.8052631578947368,0.4052980132450332
43,xgboost_smote,0.01295365858823061,0.2712765957446808,0.8052631578947368,0.4058355437665782
43,xgboost_smote,0.013054464012384415,0.2699822380106572,0.8,0.40371845949535196
43,xgboost_smote,0.013126113452017307,0.2704626334519573,0.8,0.4042553191489362
43,xgboost_smote,0.0131547125056386,0.2709447415329768,0.8,0.4047936085219707
43,xgboost_smote,0.01317380927503109,0.2714285714285714,0.8,0.4053333333333333
43,xgboost_smote,0.01321070734411478,0.27191413237924866,0.8,0.4058744993324433
43,xgboost_smote,0.01349728461354971,0.2724014336917563,0.8,0.4064171122994652
43,xgboost_smote,0.013738126493990421,0.27289048473967686,0.8,0.4069611780455154
43,xgboost_smote,0.013799140229821205,0.2733812949640288,0.8,0.4075067024128686
43,xgboost_smote,0.013847229070961475,0.27387387387387385,0.8,0.4080536912751677
43,xgboost_smote,0.01385550107806921,0.2743682310469314,0.8,0.4086021505376344
43,xgboost_smote,0.013990641571581364,0.27486437613019893,0.8,0.40915208613728127
43,xgboost_smote,0.014171039685606956,0.2753623188405797,0.8,0.40970350404312667
43,xgboost_smote,0.014215855859220028,0.27586206896551724,0.8,0.4102564102564103
43,xgboost_smote,0.014222626574337482,0.27636363636363637,0.8,0.41081081081081083
43,xgboost_smote,0.014233019202947617,0.2768670309653916,0.8,0.41136671177266576
43,xgboost_smote,0.014283987693488598,0.2773722627737226,0.8,0.4119241192411924
43,xgboost_smote,0.014567949809134007,0.2760511882998172,0.7947368421052632,0.4097693351424695
43,xgboost_smote,0.014741144143044949,0.2765567765567766,0.7947368421052632,0.4103260869565218
43,xgboost_smote,0.014765860512852669,0.27706422018348625,0.7947368421052632,0.4108843537414966
43,xgboost_smote,0.01478974986821413,0.2775735294117647,0.7947368421052632,0.4114441416893733
43,xgboost_smote,0.014859495684504509,0.27808471454880296,0.7947368421052632,0.41200545702592084
43,xgboost_smote,0.014919400215148926,0.2785977859778598,0.7947368421052632,0.41256830601092903
43,xgboost_smote,0.015159155242145061,0.27911275415896486,0.7947368421052632,0.4131326949384405
43,xgboost_smote,0.015187380835413933,0.2796296296296296,0.7947368421052632,0.41369863013698627
43,xgboost_smote,0.015204455703496933,0.28014842300556586,0.7947368421052632,0.4142661179698217
43,xgboost_smote,0.015268267132341862,0.28066914498141265,0.7947368421052632,0.41483516483516486
43,xgboost_smote,0.015462457202374935,0.2811918063314711,0.7947368421052632,0.4154057771664374
43,xgboost_smote,0.015577546320855618,0.28171641791044777,0.7947368421052632,0.4159779614325068
43,xgboost_smote,0.01609964109957218,0.2822429906542056,0.7947368421052632,0.416551724137931
43,xgboost_smote,0.01615888439118862,0.28277153558052437,0.7947368421052632,0.4171270718232045
43,xgboost_smote,0.016159892082214355,0.28330206378986866,0.7947368421052632,0.41770401106500693
43,xgboost_smote,0.016332143917679787,0.28383458646616544,0.7947368421052632,0.4182825484764543
43,xgboost_smote,0.01634068787097931,0.2843691148775895,0.7947368421052632,0.41886269070735094
43,xgboost_smote,0.016525812447071075,0.2849056603773585,0.7947368421052632,0.4194444444444444
43,xgboost_smote,0.016602447256445885,0.28544423440453687,0.7947368421052632,0.42002781641168285
43,xgboost_smote,0.0166028905659914,0.2859848484848485,0.7947368421052632,0.4206128133704735
43,xgboost_smote,0.01671169139444828,0.286527514231499,0.7947368421052632,0.42119944211994415
43,xgboost_smote,0.016726836562156677,0.2870722433460076,0.7947368421052632,0.4217877094972068
43,xgboost_smote,0.016792526468634605,0.2857142857142857,0.7894736842105263,0.41958041958041953
43,xgboost_smote,0.01683284342288971,0.2862595419847328,0.7894736842105263,0.4201680672268908
43,xgboost_smote,0.017105765640735626,0.28680688336520077,0.7894736842105263,0.420757363253857
43,xgboost_smote,0.017216019332408905,0.28735632183908044,0.7894736842105263,0.42134831460674155
43,xgboost_smote,0.017241720110177994,0.28790786948176583,0.7894736842105263,0.42194092827004215
43,xgboost_smote,0.01761999912559986,0.28846153846153844,0.7894736842105263,0.42253521126760557
43,xgboost_smote,0.01766432635486126,0.28901734104046245,0.7894736842105263,0.42313117066290556
43,xgboost_smote,0.017834192141890526,0.28957528957528955,0.7894736842105263,0.42372881355932207
43,xgboost_smote,0.01783442497253418,0.2901353965183752,0.7894736842105263,0.42432814710042427
43,xgboost_smote,0.018216101452708244,0.29069767441860467,0.7894736842105263,0.42492917847025496
43,xgboost_smote,0.018228620290756226,0.2912621359223301,0.7894736842105263,0.42553191489361697
43,xgboost_smote,0.018513787537813187,0.2918287937743191,0.7894736842105263,0.42613636363636365
43,xgboost_smote,0.01879517361521721,0.29239766081871343,0.7894736842105263,0.42674253200568985
43,xgboost_smote,0.01889484003186226,0.29296875,0.7894736842105263,0.42735042735042733
43,xgboost_smote,0.01895943470299244,0.29354207436399216,0.7894736842105263,0.42796005706134094
43,xgboost_smote,0.018974579870700836,0.29411764705882354,0.7894736842105263,0.42857142857142855
43,xgboost_smote,0.0192624069750309,0.29469548133595286,0.7894736842105263,0.42918454935622324
43,xgboost_smote,0.01935003511607647,0.2952755905511811,0.7894736842105263,0.42979942693409745
43,xgboost_smote,0.019352134317159653,0.2958579881656805,0.7894736842105263,0.430416068866571
43,xgboost_smote,0.01937582530081272,0.2964426877470356,0.7894736842105263,0.43103448275862066
43,xgboost_smote,0.019510667771100998,0.297029702970297,0.7894736842105263,0.43165467625899273
43,xgboost_smote,0.019671181216835976,0.2976190476190476,0.7894736842105263,0.4322766570605187
43,xgboost_smote,0.01971585676074028,0.2982107355864811,0.7894736842105263,0.43290043290043284
43,xgboost_smote,0.01993456296622753,0.29880478087649404,0.7894736842105263,0.43352601156069365
43,xgboost_smote,0.020088231191039085,0.2994011976047904,0.7894736842105263,0.4341534008683068
43,xgboost_smote,0.020366931334137917,0.3,0.7894736842105263,0.4347826086956521
43,xgboost_smote,0.02037363499403,0.30060120240480964,0.7894736842105263,0.43541364296081275
43,xgboost_smote,0.020594516769051552,0.30120481927710846,0.7894736842105263,0.43604651162790703
43,xgboost_smote,0.020612288266420364,0.29979879275653926,0.7842105263157895,0.43377001455604075
43,xgboost_smote,0.020691433921456337,0.3004032258064516,0.7842105263157895,0.4344023323615161
43,xgboost_smote,0.020779961720108986,0.301010101010101,0.7842105263157895,0.435036496350365
43,xgboost_smote,0.0208731759339571,0.3016194331983806,0.7842105263157895,0.43567251461988304
43,xgboost_smote,0.020927008241415024,0.3022312373225152,0.7842105263157895,0.43631039531478766
43,xgboost_smote,0.02104269526898861,0.30284552845528456,0.7842105263157895,0.43695014662756604
43,xgboost_smote,0.02115892991423607,0.3034623217922607,0.7842105263157895,0.4375917767988252
43,xgboost_smote,0.02132892794907093,0.3040816326530612,0.7842105263157895,0.4382352941176471
43,xgboost_smote,0.021678049117326736,0.3047034764826176,0.7842105263157895,0.4388807069219441
43,xgboost_smote,0.021699490025639534,0.305327868852459,0.7842105263157895,0.43952802359882004
43,xgboost_smote,0.021723005920648575,0.3059548254620123,0.7842105263157895,0.4401772525849335
43,xgboost_smote,0.02172621339559555,0.3065843621399177,0.7842105263157895,0.44082840236686394
43,xgboost_smote,0.021802054718136787,0.30515463917525776,0.7789473684210526,0.43851851851851853
43,xgboost_smote,0.02193595841526985,0.30578512396694213,0.7789473684210526,0.4391691394658754
43,xgboost_smote,0.02265201322734356,0.3064182194616977,0.7789473684210526,0.4398216939078752
43,xgboost_smote,0.022702183574438095,0.3070539419087137,0.7789473684210526,0.4404761904761905
43,xgboost_smote,0.022717636078596115,0.3076923076923077,0.7789473684210526,0.44113263785394935
43,xgboost_smote,0.022927971556782722,0.30625,0.7736842105263158,0.43880597014925377
43,xgboost_smote,0.02308531105518341,0.3068893528183716,0.7736842105263158,0.43946188340807174
43,xgboost_smote,0.023086415603756905,0.3075313807531381,0.7736842105263158,0.4401197604790419
43,xgboost_smote,0.0231070127338171,0.3081761006289308,0.7736842105263158,0.4407796101949025
43,xgboost_smote,0.023229943588376045,0.3067226890756303,0.7684210526315789,0.4384384384384385
43,xgboost_smote,0.02340293675661087,0.30526315789473685,0.7631578947368421,0.4360902255639098
43,xgboost_smote,0.023506753146648407,0.3059071729957806,0.7631578947368421,0.4367469879518072
43,xgboost_smote,0.023551492020487785,0.30655391120507397,0.7631578947368421,0.4374057315233785
43,xgboost_smote,0.02397041581571102,0.3050847457627119,0.7578947368421053,0.43504531722054385
43,xgboost_smote,0.024066781625151634,0.3057324840764331,0.7578947368421053,0.4357034795763994
43,xgboost_smote,0.024264495819807053,0.30638297872340425,0.7578947368421053,0.4363636363636363
43,xgboost_smote,0.024652382358908653,0.3070362473347548,0.7578947368421053,0.4370257966616085
43,xgboost_smote,0.024699106812477112,0.3076923076923077,0.7578947368421053,0.4376899696048633
43,xgboost_smote,0.024852916598320007,0.3083511777301927,0.7578947368421053,0.4383561643835617
43,xgboost_smote,0.024867957457900047,0.3090128755364807,0.7578947368421053,0.43902439024390244
43,xgboost_smote,0.025117207318544388,0.3096774193548387,0.7578947368421053,0.4396946564885496
43,xgboost_smote,0.02541276626288891,0.3103448275862069,0.7578947368421053,0.4403669724770642
43,xgboost_smote,0.02551601082086563,0.31101511879049676,0.7578947368421053,0.44104134762634
43,xgboost_smote,0.025544054806232452,0.30952380952380953,0.7526315789473684,0.4386503067484662
43,xgboost_smote,0.02594572678208351,0.31019522776572667,0.7526315789473684,0.4393241167434716
43,xgboost_smote,0.026025375351309776,0.3108695652173913,0.7526315789473684,0.44
43,xgboost_smote,0.026113711297512054,0.3093681917211329,0.7473684210526316,0.43759630200308164
43,xgboost_smote,0.02613219805061817,0.31004366812227074,0.7473684210526316,0.4382716049382716
43,xgboost_smote,0.026205455884337425,0.31072210065645517,0.7473684210526316,0.43894899536321486
43,xgboost_smote,0.02621995285153389,0.31140350877192985,0.7473684210526316,0.43962848297213625
43,xgboost_smote,0.026248116046190262,0.3120879120879121,0.7473684210526316,0.4403100775193799
43,xgboost_smote,0.02628103643655777,0.31277533039647576,0.7473684210526316,0.4409937888198757
43,xgboost_smote,0.026296988129615784,0.31346578366445915,0.7473684210526316,0.4416796267496112
43,xgboost_smote,0.026346348226070404,0.3141592920353982,0.7473684210526316,0.44236760124610586
43,xgboost_smote,0.026491733267903328,0.3148558758314856,0.7473684210526316,0.4430577223088924
43,xgboost_smote,0.026866773143410683,0.31333333333333335,0.7421052631578947,0.44062500000000004
43,xgboost_smote,0.02749938890337944,0.31403118040089084,0.7421052631578947,0.44131455399061026
43,xgboost_smote,0.027876852080225945,0.31473214285714285,0.7421052631578947,0.44200626959247646
43,xgboost_smote,0.02788032777607441,0.31543624161073824,0.7421052631578947,0.44270015698587123
43,xgboost_smote,0.0281192809343338,0.31614349775784756,0.7421052631578947,0.4433962264150944
43,xgboost_smote,0.028234949335455894,0.31685393258426964,0.7421052631578947,0.4440944881889763
43,xgboost_smote,0.0287335105240345,0.31756756756756754,0.7421052631578947,0.444794952681388
43,xgboost_smote,0.028745479881763458,0.3182844243792325,0.7421052631578947,0.4454976303317535
43,xgboost_smote,0.028747251257300377,0.3190045248868778,0.7421052631578947,0.44620253164556956
43,xgboost_smote,0.02893090806901455,0.3197278911564626,0.7421052631578947,0.4469096671949287
43,xgboost_smote,0.029276249930262566,0.32045454545454544,0.7421052631578947,0.4476190476190476
43,xgboost_smote,0.029381386935710907,0.3211845102505695,0.7421052631578947,0.44833068362480133
43,xgboost_smote,0.02945111319422722,0.3219178082191781,0.7421052631578947,0.44904458598726116
43,xgboost_smote,0.029692791402339935,0.32265446224256294,0.7421052631578947,0.44976076555023925
43,xgboost_smote,0.029859263449907303,0.32339449541284404,0.7421052631578947,0.4504792332268371
43,xgboost_smote,0.030531272292137146,0.32413793103448274,0.7421052631578947,0.4512
43,xgboost_smote,0.03058214858174324,0.3225806451612903,0.7368421052631579,0.4487179487179487
43,xgboost_smote,0.03068467229604721,0.3233256351039261,0.7368421052631579,0.449438202247191
43,xgboost_smote,0.031048597767949104,0.32407407407407407,0.7368421052631579,0.45016077170418006
43,xgboost_smote,0.031090687960386276,0.3248259860788863,0.7368421052631579,0.4508856682769726
43,xgboost_smote,0.031100552529096603,0.32325581395348835,0.7315789473684211,0.44838709677419347
43,xgboost_smote,0.03163032606244087,0.32400932400932403,0.7315789473684211,0.44911147011308566
43,xgboost_smote,0.03167320415377617,0.3247663551401869,0.7315789473684211,0.44983818770226536
43,xgboost_smote,0.03173874691128731,0.3255269320843091,0.7315789473684211,0.45056726094003247
43,xgboost_smote,0.031929969787597656,0.323943661971831,0.7263157894736842,0.44805194805194803
43,xgboost_smote,0.03207280486822128,0.3247058823529412,0.7263157894736842,0.44878048780487806
43,xgboost_smote,0.03209507837891579,0.32547169811320753,0.7263157894736842,0.4495114006514658
43,xgboost_smote,0.03219554200768471,0.3262411347517731,0.7263157894736842,0.4502446982055465
43,xgboost_smote,0.03225353732705116,0.32701421800947866,0.7263157894736842,0.45098039215686275
43,xgboost_smote,0.03229333087801933,0.32779097387173395,0.7263157894736842,0.45171849427168576
43,xgboost_smote,0.03254510834813118,0.32857142857142857,0.7263157894736842,0.45245901639344266
43,xgboost_smote,0.03272901102900505,0.32935560859188545,0.7263157894736842,0.4532019704433498
43,xgboost_smote,0.03298020735383034,0.33014354066985646,0.7263157894736842,0.45394736842105265
43,xgboost_smote,0.032999295741319656,0.33093525179856115,0.7263157894736842,0.4546952224052719
43,xgboost_smote,0.03353063017129898,0.3317307692307692,0.7263157894736842,0.45544554455445546
43,xgboost_smote,0.03353837877511978,0.3325301204819277,0.7263157894736842,0.45619834710743795
43,xgboost_smote,0.033554378896951675,0.3333333333333333,0.7263157894736842,0.45695364238410596
43,xgboost_smote,0.03365354612469673,0.3341404358353511,0.7263157894736842,0.4577114427860697
43,xgboost_smote,0.034157514572143555,0.33495145631067963,0.7263157894736842,0.4584717607973422
43,xgboost_smote,0.03504309058189392,0.3333333333333333,0.7210526315789474,0.4559068219633944
43,xgboost_smote,0.03525562956929207,0.33414634146341465,0.7210526315789474,0.45666666666666667
43,xgboost_smote,0.03526566922664642,0.33496332518337407,0.7210526315789474,0.4574290484140233
43,xgboost_smote,0.03557613119482994,0.3333333333333333,0.7157894736842105,0.4548494983277592
43,xgboost_smote,0.035582348704338074,0.3316953316953317,0.7105263157894737,0.45226130653266333
43,xgboost_smote,0.035618316382169724,0.33251231527093594,0.7105263157894737,0.4530201342281879
43,xgboost_smote,0.035803064703941345,0.3333333333333333,0.7105263157894737,0.453781512605042
43,xgboost_smote,0.03584969788789749,0.3341584158415842,0.7105263157894737,0.45454545454545453
43,xgboost_smote,0.035866543650627136,0.3349875930521092,0.7105263157894737,0.45531197301854975
43,xgboost_smote,0.03607470542192459,0.3358208955223881,0.7105263157894737,0.45608108108108114
43,xgboost_smote,0.0361686646938324,0.33665835411471323,0.7105263157894737,0.4568527918781726
43,xgboost_smote,0.03637063875794411,0.3375,0.7105263157894737,0.45762711864406774
43,xgboost_smote,0.036559153348207474,0.3358395989974937,0.7052631578947368,0.45500848896434626
43,xgboost_smote,0.03669125959277153,0.33668341708542715,0.7052631578947368,0.4557823129251701
43,xgboost_smote,0.036700714379549026,0.33753148614609574,0.7052631578947368,0.4565587734241908
43,xgboost_smote,0.03696741163730621,0.3383838383838384,0.7052631578947368,0.45733788395904434
43,xgboost_smote,0.03721908852458,0.3367088607594937,0.7,0.4547008547008547
43,xgboost_smote,0.03737115487456322,0.33756345177664976,0.7,0.45547945205479456
43,xgboost_smote,0.03782997280359268,0.3384223918575064,0.7,0.4562607204116638
43,xgboost_smote,0.037902433425188065,0.3392857142857143,0.7,0.45704467353951894
43,xgboost_smote,0.03791432827711105,0.340153452685422,0.7,0.45783132530120485
43,xgboost_smote,0.03852889686822891,0.34102564102564104,0.7,0.45862068965517244
43,xgboost_smote,0.03884373977780342,0.34190231362467866,0.7,0.459412780656304
43,xgboost_smote,0.03912948817014694,0.3427835051546392,0.7,0.46020761245674746
43,xgboost_smote,0.0399387963116169,0.34108527131782945,0.6947368421052632,0.4575389948006932
43,xgboost_smote,0.040281377732753754,0.34196891191709844,0.6947368421052632,0.45833333333333337
43,xgboost_smote,0.040606364607810974,0.34285714285714286,0.6947368421052632,0.45913043478260873
43,xgboost_smote,0.040708888322114944,0.34375,0.6947368421052632,0.4599303135888502
43,xgboost_smote,0.04090747609734535,0.34464751958224543,0.6947368421052632,0.4607329842931937
43,xgboost_smote,0.04093952476978302,0.34554973821989526,0.6947368421052632,0.46153846153846156
43,xgboost_smote,0.0420658178627491,0.3464566929133858,0.6947368421052632,0.4623467600700526
43,xgboost_smote,0.042630139738321304,0.3447368421052632,0.6894736842105263,0.4596491228070176
43,xgboost_smote,0.0430598221719265,0.34564643799472294,0.6894736842105263,0.46045694200351495
43,xgboost_smote,0.04321436583995819,0.34656084656084657,0.6894736842105263,0.46126760563380276
43,xgboost_smote,0.043390851467847824,0.34748010610079577,0.6894736842105263,0.46208112874779544
43,xgboost_smote,0.04352248087525368,0.3484042553191489,0.6894736842105263,0.46289752650176674
43,xgboost_smote,0.043750081211328506,0.34933333333333333,0.6894736842105263,0.46371681415929206
43,xgboost_smote,0.04431680217385292,0.3502673796791444,0.6894736842105263,0.46453900709219864
43,xgboost_smote,0.0443439818918705,0.3485254691689008,0.6842105263157895,0.46181172291296624
43,xgboost_smote,0.04487786814570427,0.34946236559139787,0.6842105263157895,0.4626334519572954
43,xgboost_smote,0.045168403536081314,0.3504043126684636,0.6842105263157895,0.46345811051693403
43,xgboost_smote,0.045403093099594116,0.35135135135135137,0.6842105263157895,0.4642857142857143
43,xgboost_smote,0.04636064171791077,0.3523035230352303,0.6842105263157895,0.4651162790697674
43,xgboost_smote,0.046977393329143524,0.35054347826086957,0.6789473684210526,0.4623655913978495
43,xgboost_smote,0.04738101363182068,0.35149863760217986,0.6789473684210526,0.4631956912028726
43,xgboost_smote,0.04753543436527252,0.3524590163934426,0.6789473684210526,0.4640287769784173
43,xgboost_smote,0.04780992493033409,0.35342465753424657,0.6789473684210526,0.4648648648648648
43,xgboost_smote,0.04935894533991814,0.3543956043956044,0.6789473684210526,0.46570397111913364
43,xgboost_smote,0.04940153658390045,0.35537190082644626,0.6789473684210526,0.4665461121157323
43,xgboost_smote,0.04951102286577225,0.356353591160221,0.6789473684210526,0.467391304347826
43,xgboost_smote,0.049708154052495956,0.3573407202216066,0.6789473684210526,0.4682395644283121
43,xgboost_smote,0.04975001886487007,0.35833333333333334,0.6789473684210526,0.4690909090909091
43,xgboost_smote,0.04979874938726425,0.3565459610027855,0.6736842105263158,0.46630236794171215
43,xgboost_smote,0.050156254321336746,0.3575418994413408,0.6736842105263158,0.4671532846715329
43,xgboost_smote,0.05054999887943268,0.3585434173669468,0.6736842105263158,0.46800731261425965
43,xgboost_smote,0.05076085776090622,0.3595505617977528,0.6736842105263158,0.46886446886446886
43,xgboost_smote,0.05171249061822891,0.36056338028169016,0.6736842105263158,0.4697247706422018
43,xgboost_smote,0.052023738622665405,0.3615819209039548,0.6736842105263158,0.4705882352941176
43,xgboost_smote,0.05262375622987747,0.3626062322946176,0.6736842105263158,0.47145488029465926
43,xgboost_smote,0.05297935754060745,0.36079545454545453,0.6684210526315789,0.4686346863468635
43,xgboost_smote,0.053922440856695175,0.358974358974359,0.6631578947368421,0.4658040665434381
43,xgboost_smote,0.05424577742815018,0.35714285714285715,0.6578947368421053,0.46296296296296297
43,xgboost_smote,0.0543459914624691,0.35816618911174786,0.6578947368421053,0.463821892393321
43,xgboost_smote,0.05531436204910278,0.35919540229885055,0.6578947368421053,0.4646840148698885
43,xgboost_smote,0.05542541295289993,0.3573487031700288,0.6526315789473685,0.4618249534450652
43,xgboost_smote,0.056508567184209824,0.3583815028901734,0.6526315789473685,0.4626865671641791
43,xgboost_smote,0.05757485330104828,0.35942028985507246,0.6526315789473685,0.4635514018691589
43,xgboost_smote,0.0582759864628315,0.36046511627906974,0.6526315789473685,0.4644194756554307
43,xgboost_smote,0.06061142683029175,0.36151603498542273,0.6526315789473685,0.46529080675422135
43,xgboost_smote,0.06066406890749931,0.36257309941520466,0.6526315789473685,0.4661654135338346
43,xgboost_smote,0.06171928718686104,0.36363636363636365,0.6526315789473685,0.46704331450094166
43,xgboost_smote,0.065421462059021,0.36470588235294116,0.6526315789473685,0.46792452830188674
43,xgboost_smote,0.06576230376958847,0.36283185840707965,0.6473684210526316,0.4650283553875237
43,xgboost_smote,0.06636110693216324,0.363905325443787,0.6473684210526316,0.46590909090909094
43,xgboost_smote,0.0668354406952858,0.3649851632047478,0.6473684210526316,0.4667931688804554
43,xgboost_smote,0.06718385219573975,0.36607142857142855,0.6473684210526316,0.46768060836501896
43,xgboost_smote,0.06758899986743927,0.36716417910447763,0.6473684210526316,0.4685714285714285
43,xgboost_smote,0.0677514597773552,0.36826347305389223,0.6473684210526316,0.4694656488549618
43,xgboost_smote,0.06781954318284988,0.3663663663663664,0.6421052631578947,0.4665391969407266
43,xgboost_smote,0.06787709891796112,0.3674698795180723,0.6421052631578947,0.46743295019157094
43,xgboost_smote,0.06796114146709442,0.3685800604229607,0.6421052631578947,0.4683301343570057
43,xgboost_smote,0.06986309587955475,0.3696969696969697,0.6421052631578947,0.46923076923076923
43,xgboost_smote,0.07006210088729858,0.3677811550151976,0.6368421052631579,0.46628131021194613
43,xgboost_smote,0.0707004964351654,0.36890243902439024,0.6368421052631579,0.4671814671814672
43,xgboost_smote,0.07082994282245636,0.37003058103975534,0.6368421052631579,0.46808510638297873
43,xgboost_smote,0.07179045677185059,0.37116564417177916,0.6368421052631579,0.4689922480620155
43,xgboost_smote,0.07183182239532471,0.3723076923076923,0.6368421052631579,0.46990291262135925
43,xgboost_smote,0.07231374830007553,0.3734567901234568,0.6368421052631579,0.47081712062256803
43,xgboost_smote,0.072459377348423,0.3746130030959752,0.6368421052631579,0.4717348927875244
43,xgboost_smote,0.07251070439815521,0.37577639751552794,0.6368421052631579,0.47265624999999994
43,xgboost_smote,0.07282081991434097,0.37694704049844235,0.6368421052631579,0.47358121330724073
43,xgboost_smote,0.07316071540117264,0.378125,0.6368421052631579,0.4745098039215686
43,xgboost_smote,0.07443763315677643,0.3793103448275862,0.6368421052631579,0.47544204322200384
43,xgboost_smote,0.07539185881614685,0.37735849056603776,0.631578947368421,0.4724409448818897
43,xgboost_smote,0.07640780508518219,0.3753943217665615,0.6263157894736842,0.46942800788954636
43,xgboost_smote,0.07652007043361664,0.37658227848101267,0.6263157894736842,0.4703557312252964
43,xgboost_smote,0.07694032788276672,0.37777777777777777,0.6263157894736842,0.47128712871287126
43,xgboost_smote,0.07696239650249481,0.37898089171974525,0.6263157894736842,0.4722222222222222
43,xgboost_smote,0.0773698166012764,0.3801916932907348,0.6263157894736842,0.4731610337972167
43,xgboost_smote,0.07786066085100174,0.3814102564102564,0.6263157894736842,0.4741035856573705
43,xgboost_smote,0.07935972511768341,0.37942122186495175,0.6210526315789474,0.47105788423153694
43,xgboost_smote,0.08072830736637115,0.38064516129032255,0.6210526315789474,0.47200000000000003
43,xgboost_smote,0.08240966498851776,0.3786407766990291,0.6157894736842106,0.46893787575150303
43,xgboost_smote,0.08263850957155228,0.37987012987012986,0.6157894736842106,0.46987951807228917
43,xgboost_smote,0.08278848975896835,0.3811074918566775,0.6157894736842106,0.47082494969818917
43,xgboost_smote,0.08281975984573364,0.3790849673202614,0.6105263157894737,0.46774193548387094
43,xgboost_smote,0.08543190360069275,0.3770491803278688,0.6052631578947368,0.46464646464646464
43,xgboost_smote,0.08679761737585068,0.3782894736842105,0.6052631578947368,0.46558704453441296
43,xgboost_smote,0.08697786927223206,0.3795379537953795,0.6052631578947368,0.4665314401622718
43,xgboost_smote,0.0877855122089386,0.38079470198675497,0.6052631578947368,0.467479674796748
43,xgboost_smote,0.08786097913980484,0.38205980066445183,0.6052631578947368,0.4684317718940937
43,xgboost_smote,0.08873112499713898,0.38333333333333336,0.6052631578947368,0.4693877551020408
43,xgboost_smote,0.08953659236431122,0.38461538461538464,0.6052631578947368,0.4703476482617587
43,xgboost_smote,0.08959723263978958,0.3859060402684564,0.6052631578947368,0.4713114754098361
43,xgboost_smote,0.08990247547626495,0.3872053872053872,0.6052631578947368,0.4722792607802875
43,xgboost_smote,0.09057316184043884,0.3885135135135135,0.6052631578947368,0.4732510288065843
43,xgboost_smote,0.09149522334337234,0.3898305084745763,0.6052631578947368,0.4742268041237114
43,xgboost_smote,0.09168972820043564,0.391156462585034,0.6052631578947368,0.4752066115702479
43,xgboost_smote,0.09211140871047974,0.3924914675767918,0.6052631578947368,0.4761904761904762
43,xgboost_smote,0.09233590215444565,0.3938356164383562,0.6052631578947368,0.47717842323651455
43,xgboost_smote,0.09545987844467163,0.3951890034364261,0.6052631578947368,0.47817047817047814
43,xgboost_smote,0.09554235637187958,0.39655172413793105,0.6052631578947368,0.47916666666666674
43,xgboost_smote,0.09589780867099762,0.39792387543252594,0.6052631578947368,0.4801670146137787
43,xgboost_smote,0.09635511785745621,0.3993055555555556,0.6052631578947368,0.4811715481171548
43,xgboost_smote,0.09758525341749191,0.397212543554007,0.6,0.47798742138364786
43,xgboost_smote,0.09865941852331161,0.3951048951048951,0.5947368421052631,0.47478991596638653
43,xgboost_smote,0.10005789995193481,0.3929824561403509,0.5894736842105263,0.47157894736842104
43,xgboost_smote,0.10116160660982132,0.39436619718309857,0.5894736842105263,0.4725738396624472
43,xgboost_smote,0.10291013866662979,0.3957597173144876,0.5894736842105263,0.47357293868921774
43,xgboost_smote,0.10507398843765259,0.3971631205673759,0.5894736842105263,0.4745762711864407
43,xgboost_smote,0.10763272643089294,0.398576512455516,0.5894736842105263,0.47558386411889597
43,xgboost_smote,0.10793670266866684,0.4,0.5894736842105263,0.4765957446808511
43,xgboost_smote,0.10820411890745163,0.4014336917562724,0.5894736842105263,0.47761194029850745
43,xgboost_smote,0.10928142070770264,0.4028776978417266,0.5894736842105263,0.47863247863247854
43,xgboost_smote,0.11051961779594421,0.4043321299638989,0.5894736842105263,0.4796573875802998
43,xgboost_smote,0.11319757997989655,0.4057971014492754,0.5894736842105263,0.48068669527896996
43,xgboost_smote,0.11393384635448456,0.4072727272727273,0.5894736842105263,0.48172043010752685
43,xgboost_smote,0.11524996906518936,0.4051094890510949,0.5842105263157895,0.478448275862069
43,xgboost_smote,0.11633969843387604,0.40293040293040294,0.5789473684210527,0.47516198704103674
43,xgboost_smote,0.11737632751464844,0.40441176470588236,0.5789473684210527,0.4761904761904762
43,xgboost_smote,0.11839575320482254,0.4059040590405904,0.5789473684210527,0.47722342733188716
43,xgboost_smote,0.1189269945025444,0.4074074074074074,0.5789473684210527,0.47826086956521735
43,xgboost_smote,0.12160541117191315,0.4052044609665427,0.5736842105263158,0.4749455337690632
43,xgboost_smote,0.12190617620944977,0.40671641791044777,0.5736842105263158,0.4759825327510917
43,xgboost_smote,0.12623725831508636,0.40823970037453183,0.5736842105263158,0.4770240700218818
43,xgboost_smote,0.1267169564962387,0.40601503759398494,0.5684210526315789,0.4736842105263158
43,xgboost_smote,0.12724825739860535,0.4075471698113208,0.5684210526315789,0.4747252747252747
43,xgboost_smote,0.1275295466184616,0.4090909090909091,0.5684210526315789,0.47577092511013214
43,xgboost_smote,0.12778355181217194,0.41064638783269963,0.5684210526315789,0.4768211920529802
43,xgboost_smote,0.12793055176734924,0.4122137404580153,0.5684210526315789,0.4778761061946903
43,xgboost_smote,0.12857156991958618,0.4099616858237548,0.5631578947368421,0.47450110864745015
43,xgboost_smote,0.12886762619018555,0.4076923076923077,0.5578947368421052,0.4711111111111111
43,xgboost_smote,0.1295364648103714,0.40540540540540543,0.5526315789473685,0.467706013363029
43,xgboost_smote,0.13084086775779724,0.4069767441860465,0.5526315789473685,0.46875000000000006
43,xgboost_smote,0.1326192021369934,0.4085603112840467,0.5526315789473685,0.46979865771812085
43,xgboost_smote,0.13290777802467346,0.41015625,0.5526315789473685,0.47085201793721976
43,xgboost_smote,0.13368432223796844,0.40784313725490196,0.5473684210526316,0.4674157303370786
43,xgboost_smote,0.1341552734375,0.4094488188976378,0.5473684210526316,0.46846846846846846
43,xgboost_smote,0.1351383775472641,0.41106719367588934,0.5473684210526316,0.4695259593679459
43,xgboost_smote,0.13653303682804108,0.4126984126984127,0.5473684210526316,0.47058823529411764
43,xgboost_smote,0.13961277902126312,0.41434262948207173,0.5473684210526316,0.471655328798186
43,xgboost_smote,0.1397959291934967,0.412,0.5421052631578948,0.46818181818181814
43,xgboost_smote,0.14222821593284607,0.41365461847389556,0.5421052631578948,0.469248291571754
43,xgboost_smote,0.14327093958854675,0.4153225806451613,0.5421052631578948,0.4703196347031963
43,xgboost_smote,0.14507614076137543,0.41700404858299595,0.5421052631578948,0.471395881006865
43,xgboost_smote,0.14687217772006989,0.4186991869918699,0.5421052631578948,0.4724770642201835
43,xgboost_smote,0.14949989318847656,0.4204081632653061,0.5421052631578948,0.47356321839080456
43,xgboost_smote,0.15195782482624054,0.42213114754098363,0.5421052631578948,0.4746543778801844
43,xgboost_smote,0.1528208702802658,0.42386831275720166,0.5421052631578948,0.47575057736720555
43,xgboost_smote,0.15336956083774567,0.4256198347107438,0.5421052631578948,0.4768518518518519
43,xgboost_smote,0.15524019300937653,0.42738589211618255,0.5421052631578948,0.4779582366589327
43,xgboost_smote,0.1569679081439972,0.42916666666666664,0.5421052631578948,0.4790697674418605
43,xgboost_smote,0.15804867446422577,0.4309623430962343,0.5421052631578948,0.48018648018648025
43,xgboost_smote,0.160892054438591,0.42857142857142855,0.5368421052631579,0.4766355140186916
43,xgboost_smote,0.16090352833271027,0.43037974683544306,0.5368421052631579,0.47775175644028106
43,xgboost_smote,0.16110780835151672,0.4322033898305085,0.5368421052631579,0.4788732394366197
43,xgboost_smote,0.16325870156288147,0.4340425531914894,0.5368421052631579,0.48
43,xgboost_smote,0.16330447793006897,0.4358974358974359,0.5368421052631579,0.4811320754716981
43,xgboost_smote,0.16752754151821136,0.4334763948497854,0.531578947368421,0.4775413711583924
43,xgboost_smote,0.16813118755817413,0.43103448275862066,0.5263157894736842,0.4739336492890995
43,xgboost_smote,0.1722281575202942,0.4329004329004329,0.5263157894736842,0.4750593824228028
43,xgboost_smote,0.17336931824684143,0.43478260869565216,0.5263157894736842,0.47619047619047616
43,xgboost_smote,0.17371681332588196,0.4366812227074236,0.5263157894736842,0.47732696897374705
43,xgboost_smote,0.1759580671787262,0.43859649122807015,0.5263157894736842,0.4784688995215311
43,xgboost_smote,0.1791539490222931,0.44052863436123346,0.5263157894736842,0.4796163069544364
43,xgboost_smote,0.18324504792690277,0.4424778761061947,0.5263157894736842,0.4807692307692308
43,xgboost_smote,0.185834139585495,0.4444444444444444,0.5263157894736842,0.4819277108433735
43,xgboost_smote,0.19379761815071106,0.44642857142857145,0.5263157894736842,0.4830917874396135
43,xgboost_smote,0.19503547251224518,0.4439461883408072,0.5210526315789473,0.47941888619854717
43,xgboost_smote,0.19560812413692474,0.44144144144144143,0.5157894736842106,0.47572815533980584
43,xgboost_smote,0.19695015251636505,0.43891402714932126,0.5105263157894737,0.4720194647201947
43,xgboost_smote,0.20358061790466309,0.43636363636363634,0.5052631578947369,0.4682926829268293
43,xgboost_smote,0.21002066135406494,0.4383561643835616,0.5052631578947369,0.46943765281173594
43,xgboost_smote,0.21162161231040955,0.44036697247706424,0.5052631578947369,0.47058823529411764
43,xgboost_smote,0.21304096281528473,0.4423963133640553,0.5052631578947369,0.47174447174447176
43,xgboost_smote,0.21306264400482178,0.4398148148148148,0.5,0.46798029556650245
43,xgboost_smote,0.21456608176231384,0.4418604651162791,0.5,0.46913580246913583
43,xgboost_smote,0.21816672384738922,0.4439252336448598,0.5,0.47029702970297027
43,xgboost_smote,0.22650153934955597,0.4460093896713615,0.5,0.47146401985111663
43,xgboost_smote,0.2317447066307068,0.4481132075471698,0.5,0.47263681592039797
43,xgboost_smote,0.2335081398487091,0.45023696682464454,0.5,0.4738154613466334
43,xgboost_smote,0.23808994889259338,0.4523809523809524,0.5,0.47500000000000003
43,xgboost_smote,0.24126382172107697,0.45454545454545453,0.5,0.47619047619047616
43,xgboost_smote,0.24169890582561493,0.4519230769230769,0.49473684210526314,0.4723618090452262
43,xgboost_smote,0.2417190968990326,0.45410628019323673,0.49473684210526314,0.473551637279597
43,xgboost_smote,0.24238097667694092,0.4563106796116505,0.49473684210526314,0.47474747474747475
43,xgboost_smote,0.2452462911605835,0.4585365853658537,0.49473684210526314,0.47594936708860763
43,xgboost_smote,0.24539953470230103,0.46078431372549017,0.49473684210526314,0.47715736040609136
43,xgboost_smote,0.2456888109445572,0.4630541871921182,0.49473684210526314,0.47837150127226463
43,xgboost_smote,0.2559678852558136,0.46534653465346537,0.49473684210526314,0.4795918367346939
43,xgboost_smote,0.2560672461986542,0.46766169154228854,0.49473684210526314,0.48081841432225064
43,xgboost_smote,0.2608462870121002,0.47,0.49473684210526314,0.482051282051282
43,xgboost_smote,0.268515944480896,0.4723618090452261,0.49473684210526314,0.48329048843187655
43,xgboost_smote,0.26976004242897034,0.47474747474747475,0.49473684210526314,0.48453608247422686
43,xgboost_smote,0.2701760530471802,0.47715736040609136,0.49473684210526314,0.48578811369509045
43,xgboost_smote,0.2716461718082428,0.47959183673469385,0.49473684210526314,0.48704663212435234
43,xgboost_smote,0.2796393036842346,0.48205128205128206,0.49473684210526314,0.48831168831168825
43,xgboost_smote,0.2808056175708771,0.4793814432989691,0.48947368421052634,0.484375
43,xgboost_smote,0.28100040555000305,0.48186528497409326,0.48947368421052634,0.48563968668407315
43,xgboost_smote,0.28230923414230347,0.484375,0.48947368421052634,0.4869109947643979
43,xgboost_smote,0.28295761346817017,0.4869109947643979,0.48947368421052634,0.4881889763779528
43,xgboost_smote,0.28712669014930725,0.48947368421052634,0.48947368421052634,0.48947368421052634
43,xgboost_smote,0.28969234228134155,0.48677248677248675,0.4842105263157895,0.4854881266490766
43,xgboost_smote,0.29064273834228516,0.48936170212765956,0.4842105263157895,0.48677248677248675
43,xgboost_smote,0.29897335171699524,0.4919786096256685,0.4842105263157895,0.4880636604774536
43,xgboost_smote,0.29917022585868835,0.4946236559139785,0.4842105263157895,0.4893617021276596
43,xgboost_smote,0.30223485827445984,0.4918918918918919,0.4789473684210526,0.48533333333333334
43,xgboost_smote,0.3029210865497589,0.4945652173913043,0.4789473684210526,0.4866310160427807
43,xgboost_smote,0.30660203099250793,0.4972677595628415,0.4789473684210526,0.4879356568364611
43,xgboost_smote,0.3104945719242096,0.5,0.4789473684210526,0.489247311827957
43,xgboost_smote,0.31820055842399597,0.5027624309392266,0.4789473684210526,0.49056603773584906
43,xgboost_smote,0.32342061400413513,0.5055555555555555,0.4789473684210526,0.4918918918918919
43,xgboost_smote,0.3279551863670349,0.5083798882681564,0.4789473684210526,0.49322493224932246
43,xgboost_smote,0.33006301522254944,0.5056179775280899,0.47368421052631576,0.48913043478260865
43,xgboost_smote,0.3324596583843231,0.5084745762711864,0.47368421052631576,0.49046321525885556
43,xgboost_smote,0.33441492915153503,0.5113636363636364,0.47368421052631576,0.4918032786885245
43,xgboost_smote,0.33922767639160156,0.5142857142857142,0.47368421052631576,0.4931506849315068
43,xgboost_smote,0.3394101858139038,0.5172413793103449,0.47368421052631576,0.49450549450549447
43,xgboost_smote,0.3415462374687195,0.5202312138728323,0.47368421052631576,0.4958677685950412
43,xgboost_smote,0.34205862879753113,0.5232558139534884,0.47368421052631576,0.4972375690607735
43,xgboost_smote,0.3544096350669861,0.5263157894736842,0.47368421052631576,0.4986149584487534
43,xgboost_smote,0.35455355048179626,0.5235294117647059,0.46842105263157896,0.49444444444444446
43,xgboost_smote,0.3563087582588196,0.5266272189349113,0.46842105263157896,0.4958217270194986
43,xgboost_smote,0.35765087604522705,0.5238095238095238,0.4631578947368421,0.49162011173184356
43,xgboost_smote,0.3598039150238037,0.5269461077844312,0.4631578947368421,0.49299719887955185
43,xgboost_smote,0.36184096336364746,0.5301204819277109,0.4631578947368421,0.49438202247191015
43,xgboost_smote,0.3637736141681671,0.5272727272727272,0.45789473684210524,0.4901408450704225
43,xgboost_smote,0.3653980493545532,0.524390243902439,0.45263157894736844,0.48587570621468923
43,xgboost_smote,0.36826562881469727,0.5276073619631901,0.45263157894736844,0.48725212464589235
43,xgboost_smote,0.37015339732170105,0.5308641975308642,0.45263157894736844,0.48863636363636365
43,xgboost_smote,0.3717983067035675,0.5341614906832298,0.45263157894736844,0.4900284900284901
43,xgboost_smote,0.3784226179122925,0.53125,0.4473684210526316,0.4857142857142857
43,xgboost_smote,0.3787350058555603,0.5345911949685535,0.4473684210526316,0.4871060171919771
43,xgboost_smote,0.3852369487285614,0.5379746835443038,0.4473684210526316,0.48850574712643674
43,xgboost_smote,0.3855750858783722,0.5414012738853503,0.4473684210526316,0.4899135446685879
43,xgboost_smote,0.39104631543159485,0.5448717948717948,0.4473684210526316,0.49132947976878616
43,xgboost_smote,0.39951810240745544,0.5483870967741935,0.4473684210526316,0.49275362318840576
43,xgboost_smote,0.4047204554080963,0.551948051948052,0.4473684210526316,0.4941860465116279
43,xgboost_smote,0.40910574793815613,0.5490196078431373,0.4421052631578947,0.4897959183673469
43,xgboost_smote,0.4162866771221161,0.5526315789473685,0.4421052631578947,0.4912280701754386
43,xgboost_smote,0.41668468713760376,0.5562913907284768,0.4421052631578947,0.49266862170087966
43,xgboost_smote,0.43056806921958923,0.56,0.4421052631578947,0.4941176470588235
43,xgboost_smote,0.4365086257457733,0.5570469798657718,0.4368421052631579,0.4896755162241888
43,xgboost_smote,0.4381901025772095,0.5540540540540541,0.43157894736842106,0.485207100591716
43,xgboost_smote,0.44418013095855713,0.5510204081632653,0.4263157894736842,0.48071216617210677
43,xgboost_smote,0.44488513469696045,0.5547945205479452,0.4263157894736842,0.48214285714285715
43,xgboost_smote,0.4473806917667389,0.5586206896551724,0.4263157894736842,0.48358208955223886
43,xgboost_smote,0.4542897939682007,0.5555555555555556,0.42105263157894735,0.4790419161676646
43,xgboost_smote,0.4619583785533905,0.5524475524475524,0.41578947368421054,0.47447447447447444
43,xgboost_smote,0.46974727511405945,0.5563380281690141,0.41578947368421054,0.4759036144578313
43,xgboost_smote,0.47020480036735535,0.5531914893617021,0.4105263157894737,0.4712990936555891
43,xgboost_smote,0.4718998074531555,0.5571428571428572,0.4105263157894737,0.4727272727272728
43,xgboost_smote,0.47374293208122253,0.5611510791366906,0.4105263157894737,0.4741641337386018
43,xgboost_smote,0.4745022654533386,0.5579710144927537,0.4052631578947368,0.46951219512195125
43,xgboost_smote,0.4808626174926758,0.5620437956204379,0.4052631578947368,0.47094801223241584
43,xgboost_smote,0.48882976174354553,0.5661764705882353,0.4052631578947368,0.4723926380368098
43,xgboost_smote,0.48960956931114197,0.5703703703703704,0.4052631578947368,0.47384615384615386
43,xgboost_smote,0.4923088550567627,0.5746268656716418,0.4052631578947368,0.47530864197530864
43,xgboost_smote,0.49504050612449646,0.5789473684210527,0.4052631578947368,0.47678018575851394
43,xgboost_smote,0.49769285321235657,0.5757575757575758,0.4,0.47204968944099385
43,xgboost_smote,0.5005295872688293,0.5801526717557252,0.4,0.4735202492211838
43,xgboost_smote,0.5048235058784485,0.5769230769230769,0.39473684210526316,0.46875
43,xgboost_smote,0.5056971907615662,0.5813953488372093,0.39473684210526316,0.4702194357366771
43,xgboost_smote,0.5092652440071106,0.5859375,0.39473684210526316,0.4716981132075472
43,xgboost_smote,0.5096514821052551,0.5826771653543307,0.3894736842105263,0.4668769716088328
43,xgboost_smote,0.5173667073249817,0.5873015873015873,0.3894736842105263,0.46835443037974683
43,xgboost_smote,0.5218076109886169,0.584,0.38421052631578945,0.46349206349206346
43,xgboost_smote,0.5221173763275146,0.5887096774193549,0.38421052631578945,0.46496815286624205
43,xgboost_smote,0.5226711630821228,0.5853658536585366,0.37894736842105264,0.4600638977635783
43,xgboost_smote,0.5434288382530212,0.5819672131147541,0.3736842105263158,0.4551282051282052
43,xgboost_smote,0.5525911450386047,0.5785123966942148,0.3684210526315789,0.45016077170418006
43,xgboost_smote,0.5533799529075623,0.575,0.3631578947368421,0.44516129032258067
43,xgboost_smote,0.5533893704414368,0.5798319327731093,0.3631578947368421,0.44660194174757284
43,xgboost_smote,0.5715228915214539,0.5847457627118644,0.3631578947368421,0.44805194805194803
43,xgboost_smote,0.5728519558906555,0.5897435897435898,0.3631578947368421,0.4495114006514658
43,xgboost_smote,0.5788434147834778,0.5862068965517241,0.35789473684210527,0.4444444444444445
43,xgboost_smote,0.5846859812736511,0.5826086956521739,0.3526315789473684,0.43934426229508194
43,xgboost_smote,0.5963484048843384,0.5789473684210527,0.3473684210526316,0.4342105263157895
43,xgboost_smote,0.6013086438179016,0.584070796460177,0.3473684210526316,0.4356435643564357
43,xgboost_smote,0.6050648093223572,0.5892857142857143,0.3473684210526316,0.4370860927152318
43,xgboost_smote,0.6057140231132507,0.5855855855855856,0.34210526315789475,0.43189368770764125
43,xgboost_smote,0.6082537770271301,0.5909090909090909,0.34210526315789475,0.43333333333333335
43,xgboost_smote,0.615253746509552,0.5963302752293578,0.34210526315789475,0.4347826086956522
43,xgboost_smote,0.626505970954895,0.5925925925925926,0.3368421052631579,0.4295302013422819
43,xgboost_smote,0.6266900300979614,0.5981308411214953,0.3368421052631579,0.4309764309764309
43,xgboost_smote,0.6508330702781677,0.5943396226415094,0.33157894736842103,0.4256756756756757
43,xgboost_smote,0.6534475088119507,0.5904761904761905,0.3263157894736842,0.4203389830508475
43,xgboost_smote,0.6562630534172058,0.5961538461538461,0.3263157894736842,0.42176870748299317
43,xgboost_smote,0.6567633152008057,0.5922330097087378,0.32105263157894737,0.41638225255972694
43,xgboost_smote,0.6595847606658936,0.5980392156862745,0.32105263157894737,0.4178082191780822
43,xgboost_smote,0.681355357170105,0.6039603960396039,0.32105263157894737,0.41924398625429554
43,xgboost_smote,0.6927757263183594,0.61,0.32105263157894737,0.4206896551724138
43,xgboost_smote,0.6934376955032349,0.6161616161616161,0.32105263157894737,0.42214532871972316
43,xgboost_smote,0.6943342089653015,0.6224489795918368,0.32105263157894737,0.4236111111111111
43,xgboost_smote,0.6944157481193542,0.6288659793814433,0.32105263157894737,0.4250871080139373
43,xgboost_smote,0.6994784474372864,0.625,0.3157894736842105,0.4195804195804196
43,xgboost_smote,0.7129241824150085,0.6210526315789474,0.3105263157894737,0.41403508771929826
43,xgboost_smote,0.719757616519928,0.6276595744680851,0.3105263157894737,0.4154929577464789
43,xgboost_smote,0.7257291078567505,0.6236559139784946,0.30526315789473685,0.4098939929328622
43,xgboost_smote,0.7337176203727722,0.6195652173913043,0.3,0.40425531914893614
43,xgboost_smote,0.7456567883491516,0.6153846153846154,0.29473684210526313,0.39857651245551595
43,xgboost_smote,0.7542396783828735,0.6111111111111112,0.2894736842105263,0.3928571428571429
43,xgboost_smote,0.7650310397148132,0.6067415730337079,0.28421052631578947,0.38709677419354843
43,xgboost_smote,0.7690685987472534,0.6136363636363636,0.28421052631578947,0.3884892086330935
43,xgboost_smote,0.7904117703437805,0.6206896551724138,0.28421052631578947,0.3898916967509025
43,xgboost_smote,0.7929494976997375,0.627906976744186,0.28421052631578947,0.3913043478260869
43,xgboost_smote,0.7979183197021484,0.6352941176470588,0.28421052631578947,0.3927272727272727
43,xgboost_smote,0.8014208078384399,0.6428571428571429,0.28421052631578947,0.3941605839416058
43,xgboost_smote,0.8056867122650146,0.6385542168674698,0.2789473684210526,0.38827838827838823
43,xgboost_smote,0.8086023926734924,0.6341463414634146,0.2736842105263158,0.3823529411764706
43,xgboost_smote,0.8126292824745178,0.6296296296296297,0.26842105263157895,0.3763837638376384
43,xgboost_smote,0.8205562233924866,0.6375,0.26842105263157895,0.37777777777777777
43,xgboost_smote,0.8276960849761963,0.6455696202531646,0.26842105263157895,0.379182156133829
43,xgboost_smote,0.8279999494552612,0.6410256410256411,0.2631578947368421,0.3731343283582089
43,xgboost_smote,0.8373530507087708,0.6493506493506493,0.2631578947368421,0.37453183520599254
43,xgboost_smote,0.8418018221855164,0.6578947368421053,0.2631578947368421,0.3759398496240602
43,xgboost_smote,0.8421126008033752,0.6666666666666666,0.2631578947368421,0.3773584905660377
43,xgboost_smote,0.8428972959518433,0.6756756756756757,0.2631578947368421,0.3787878787878788
43,xgboost_smote,0.8558348417282104,0.6712328767123288,0.2578947368421053,0.3726235741444867
43,xgboost_smote,0.861076831817627,0.6666666666666666,0.25263157894736843,0.366412213740458
43,xgboost_smote,0.8615573048591614,0.6619718309859155,0.24736842105263157,0.3601532567049809
43,xgboost_smote,0.8627154231071472,0.6571428571428571,0.24210526315789474,0.35384615384615387
43,xgboost_smote,0.8662257194519043,0.6521739130434783,0.23684210526315788,0.3474903474903475
43,xgboost_smote,0.8718978762626648,0.6617647058823529,0.23684210526315788,0.34883720930232553
43,xgboost_smote,0.8757578134536743,0.6567164179104478,0.23157894736842105,0.3424124513618677
43,xgboost_smote,0.88022381067276,0.6515151515151515,0.22631578947368422,0.3359375
43,xgboost_smote,0.8807384967803955,0.6461538461538462,0.22105263157894736,0.3294117647058823
43,xgboost_smote,0.8888521790504456,0.65625,0.22105263157894736,0.3307086614173228
43,xgboost_smote,0.8894583582878113,0.6666666666666666,0.22105263157894736,0.3320158102766798
43,xgboost_smote,0.8913326859474182,0.6774193548387096,0.22105263157894736,0.3333333333333333
43,xgboost_smote,0.8913679122924805,0.6885245901639344,0.22105263157894736,0.3346613545816733
43,xgboost_smote,0.8969528675079346,0.7,0.22105263157894736,0.33599999999999997
43,xgboost_smote,0.8970259428024292,0.711864406779661,0.22105263157894736,0.3373493975903615
43,xgboost_smote,0.9027712345123291,0.7241379310344828,0.22105263157894736,0.3387096774193548
43,xgboost_smote,0.902876079082489,0.7192982456140351,0.21578947368421053,0.33198380566801616
43,xgboost_smote,0.9069287180900574,0.7321428571428571,0.21578947368421053,0.3333333333333333
43,xgboost_smote,0.9093098640441895,0.7454545454545455,0.21578947368421053,0.3346938775510204
43,xgboost_smote,0.9136814475059509,0.7407407407407407,0.21052631578947367,0.32786885245901637
43,xgboost_smote,0.9236586689949036,0.7358490566037735,0.20526315789473684,0.32098765432098764
43,xgboost_smote,0.926426351070404,0.75,0.20526315789473684,0.3223140495867769
43,xgboost_smote,0.9340885877609253,0.7450980392156863,0.2,0.3153526970954357
43,xgboost_smote,0.9341335296630859,0.74,0.19473684210526315,0.30833333333333335
43,xgboost_smote,0.9389207363128662,0.7551020408163265,0.19473684210526315,0.3096234309623431
43,xgboost_smote,0.9403348565101624,0.75,0.18947368421052632,0.3025210084033613
43,xgboost_smote,0.943719208240509,0.7446808510638298,0.18421052631578946,0.2953586497890295
43,xgboost_smote,0.948049008846283,0.7608695652173914,0.18421052631578946,0.2966101694915254
43,xgboost_smote,0.9509626626968384,0.7555555555555555,0.17894736842105263,0.2893617021276596
43,xgboost_smote,0.9534837603569031,0.75,0.1736842105263158,0.2820512820512821
43,xgboost_smote,0.9563667178153992,0.7674418604651163,0.1736842105263158,0.2832618025751073
43,xgboost_smote,0.960594892501831,0.7857142857142857,0.1736842105263158,0.28448275862068967
43,xgboost_smote,0.9622901082038879,0.7804878048780488,0.16842105263157894,0.27705627705627706
43,xgboost_smote,0.9626030325889587,0.775,0.1631578947368421,0.2695652173913044
43,xgboost_smote,0.9631378650665283,0.7692307692307693,0.15789473684210525,0.26200873362445415
43,xgboost_smote,0.9689526557922363,0.7894736842105263,0.15789473684210525,0.2631578947368421
43,xgboost_smote,0.9726701378822327,0.7837837837837838,0.15263157894736842,0.2555066079295154
43,xgboost_smote,0.9731718301773071,0.7777777777777778,0.14736842105263157,0.247787610619469
43,xgboost_smote,0.9753661155700684,0.8,0.14736842105263157,0.24888888888888888
43,xgboost_smote,0.9756932854652405,0.8235294117647058,0.14736842105263157,0.24999999999999997
43,xgboost_smote,0.9760538339614868,0.8181818181818182,0.14210526315789473,0.242152466367713
43,xgboost_smote,0.9802263975143433,0.8125,0.1368421052631579,0.23423423423423426
43,xgboost_smote,0.9808728694915771,0.8387096774193549,0.1368421052631579,0.23529411764705885
43,xgboost_smote,0.9828377962112427,0.8333333333333334,0.13157894736842105,0.22727272727272727
43,xgboost_smote,0.9832172393798828,0.8620689655172413,0.13157894736842105,0.228310502283105
43,xgboost_smote,0.9849290251731873,0.8571428571428571,0.12631578947368421,0.2201834862385321
43,xgboost_smote,0.9851670861244202,0.8518518518518519,0.12105263157894737,0.2119815668202765
43,xgboost_smote,0.9852879047393799,0.8461538461538461,0.11578947368421053,0.2037037037037037
43,xgboost_smote,0.9866679906845093,0.84,0.11052631578947368,0.19534883720930232
43,xgboost_smote,0.9876305460929871,0.875,0.11052631578947368,0.19626168224299065
43,xgboost_smote,0.9878522157669067,0.8695652173913043,0.10526315789473684,0.18779342723004694
43,xgboost_smote,0.9880902767181396,0.8636363636363636,0.1,0.17924528301886794
43,xgboost_smote,0.9911895990371704,0.9047619047619048,0.1,0.18009478672985785
43,xgboost_smote,0.991694986820221,0.9,0.09473684210526316,0.17142857142857143
43,xgboost_smote,0.9921408891677856,0.9473684210526315,0.09473684210526316,0.1722488038277512
43,xgboost_smote,0.9928146600723267,0.9444444444444444,0.08947368421052632,0.16346153846153846
43,xgboost_smote,0.9929607510566711,0.9411764705882353,0.08421052631578947,0.1545893719806763
43,xgboost_smote,0.9934346675872803,0.9375,0.07894736842105263,0.14563106796116504
43,xgboost_smote,0.9937198162078857,0.9333333333333333,0.07368421052631578,0.13658536585365852
43,xgboost_smote,0.9941931366920471,0.9285714285714286,0.06842105263157895,0.12745098039215688
43,xgboost_smote,0.9961369633674622,0.9230769230769231,0.06315789473684211,0.11822660098522168
43,xgboost_smote,0.9967278242111206,0.9166666666666666,0.05789473684210526,0.10891089108910891
43,xgboost_smote,0.9971557855606079,0.9090909090909091,0.05263157894736842,0.09950248756218903
43,xgboost_smote,0.9973788261413574,0.9,0.04736842105263158,0.09
43,xgboost_smote,0.9975080490112305,0.8888888888888888,0.042105263157894736,0.08040201005025124
43,xgboost_smote,0.997542142868042,0.875,0.03684210526315789,0.0707070707070707
43,xgboost_smote,0.9976778626441956,1.0,0.03684210526315789,0.07106598984771574
43,xgboost_smote,0.9976847171783447,1.0,0.031578947368421054,0.061224489795918366
43,xgboost_smote,0.997914731502533,1.0,0.02631578947368421,0.05128205128205127
43,xgboost_smote,0.9982902407646179,1.0,0.021052631578947368,0.041237113402061855
43,xgboost_smote,0.9989864230155945,1.0,0.015789473684210527,0.031088082901554404
43,xgboost_smote,0.9991708993911743,1.0,0.010526315789473684,0.020833333333333332
43,xgboost_smote,0.9994414448738098,1.0,0.005263157894736842,0.010471204188481674
44,logreg_smote,0.001600418313329469,0.16156462585034015,1.0,0.2781844802342606
44,logreg_smote,0.0016944645724424274,0.16170212765957448,1.0,0.2783882783882784
44,logreg_smote,0.002514941686989226,0.16183986371379896,1.0,0.2785923753665689
44,logreg_smote,0.003249708804651528,0.16197783461210571,1.0,0.27879677182685253
44,logreg_smote,0.004059669321709297,0.1621160409556314,1.0,0.2790014684287812
44,logreg_smote,0.004398095560261676,0.16225448334756618,1.0,0.27920646583394565
44,logreg_smote,0.004471327878328237,0.1623931623931624,1.0,0.27941176470588236
44,logreg_smote,0.004550003910913057,0.16253207869974337,1.0,0.27961736571008095
44,logreg_smote,0.005293744707798691,0.16267123287671234,1.0,0.27982326951399117
44,logreg_smote,0.005296519487689465,0.16281062553556128,1.0,0.2800294767870302
44,logreg_smote,0.006023042435509322,0.16295025728987994,1.0,0.28023598820059
44,logreg_smote,0.006466270402893312,0.1630901287553648,1.0,0.28044280442804426
44,logreg_smote,0.006514284754540085,0.16323024054982818,1.0,0.28064992614475626
44,logreg_smote,0.006523012096893441,0.16337059329320722,1.0,0.2808573540280857
44,logreg_smote,0.00665655227765843,0.16351118760757316,1.0,0.28106508875739644
44,logreg_smote,0.006748511776717699,0.1636520241171404,1.0,0.28127313101406365
44,logreg_smote,0.006841530311027262,0.16379310344827586,1.0,0.2814814814814815
44,logreg_smote,0.007350132845261463,0.16393442622950818,1.0,0.28169014084507044
44,logreg_smote,0.0077240315152620215,0.16407599309153714,1.0,0.2818991097922849
44,logreg_smote,0.008026359540458666,0.16421780466724287,1.0,0.28210838901262064
44,logreg_smote,0.008117596581424556,0.1643598615916955,1.0,0.2823179791976226
44,logreg_smote,0.008201042234237926,0.16363636363636364,0.9947368421052631,0.2810408921933086
44,logreg_smote,0.008477186796799322,0.1637781629116118,0.9947368421052631,0.28125
44,logreg_smote,0.008717018537601554,0.16392020815264527,0.9947368421052631,0.2814594192107223
44,logreg_smote,0.008766176139306433,0.1640625,0.9947368421052631,0.2816691505216095
44,logreg_smote,0.008812819778360632,0.16420503909643788,0.9947368421052631,0.2818791946308725
44,logreg_smote,0.008868058972106803,0.16434782608695653,0.9947368421052631,0.28208955223880594
44,logreg_smote,0.008928528484154376,0.16449086161879894,0.9947368421052631,0.28230022404779687
44,logreg_smote,0.009282435630911785,0.16463414634146342,0.9947368421052631,0.2825112107623319
44,logreg_smote,0.009521539637556196,0.16477768090671316,0.9947368421052631,0.2827225130890052
44,logreg_smote,0.009862879066767296,0.1649214659685864,0.9947368421052631,0.28293413173652693
44,logreg_smote,0.01027520915897083,0.16506550218340613,0.9947368421052631,0.28314606741573034
44,logreg_smote,0.010915807639274125,0.1652097902097902,0.9947368421052631,0.28335832083958024
44,logreg_smote,0.010984823380965316,0.16535433070866143,0.9947368421052631,0.2835708927231808
44,logreg_smote,0.011153717781608867,0.16549912434325745,0.9947368421052631,0.28378378378378377
44,logreg_smote,0.011297183508284715,0.1656441717791411,0.9947368421052631,0.28399699474079637
44,logreg_smote,0.011579473379576556,0.16578947368421051,0.9947368421052631,0.28421052631578947
44,logreg_smote,0.011909258794158923,0.16593503072870938,0.9947368421052631,0.28442437923250563
44,logreg_smote,0.011928352795596677,0.16608084358523725,0.9947368421052631,0.2846385542168675
44,logreg_smote,0.012221042162932325,0.1662269129287599,0.9947368421052631,0.28485305199698574
44,logreg_smote,0.012309116348776263,0.16637323943661972,0.9947368421052631,0.2850678733031674
44,logreg_smote,0.01393121380620878,0.16651982378854627,0.9947368421052631,0.28528301886792456
44,logreg_smote,0.01427371381101962,0.16666666666666666,0.9947368421052631,0.2854984894259818
44,logreg_smote,0.014365153282840356,0.16681376875551632,0.9947368421052631,0.28571428571428575
44,logreg_smote,0.014495017743379317,0.16696113074204946,0.9947368421052631,0.28593040847201207
44,logreg_smote,0.014695454886555605,0.16710875331564987,0.9947368421052631,0.2861468584405753
44,logreg_smote,0.014931146004155939,0.1672566371681416,0.9947368421052631,0.2863636363636364
44,logreg_smote,0.0150043652698957,0.16740478299379982,0.9947368421052631,0.28658074298711145
44,logreg_smote,0.015313736134568424,0.1675531914893617,0.9947368421052631,0.2867981790591806
44,logreg_smote,0.015396425323634316,0.16770186335403728,0.9947368421052631,0.2870159453302962
44,logreg_smote,0.015603806253731048,0.16785079928952043,0.9947368421052631,0.2872340425531915
44,logreg_smote,0.01569205743887021,0.168,0.9947368421052631,0.28745247148288977
44,logreg_smote,0.015717131290042454,0.16814946619217083,0.9947368421052631,0.28767123287671237
44,logreg_smote,0.01582768142749017,0.1682991985752449,0.9947368421052631,0.2878903274942879
44,logreg_smote,0.015886332356961592,0.16844919786096257,0.9947368421052631,0.288109756097561
44,logreg_smote,0.015910979013628933,0.16859946476360393,0.9947368421052631,0.28832951945080093
44,logreg_smote,0.01638853727893057,0.16875,0.9947368421052631,0.2885496183206107
44,logreg_smote,0.01648246027580581,0.16890080428954424,0.9947368421052631,0.2887700534759358
44,logreg_smote,0.017252858775912577,0.16905187835420393,0.9947368421052631,0.28899082568807344
44,logreg_smote,0.017436755376951805,0.1692032229185318,0.9947368421052631,0.28921193573068094
44,logreg_smote,0.017590549683248323,0.1693548387096774,0.9947368421052631,0.28943338437978555
44,logreg_smote,0.018813733122506476,0.16950672645739912,0.9947368421052631,0.2896551724137931
44,logreg_smote,0.019405813432065395,0.1696588868940754,0.9947368421052631,0.2898773006134969
44,logreg_smote,0.019473859512607453,0.16981132075471697,0.9947368421052631,0.29009976976208746
44,logreg_smote,0.019579514715792015,0.16996402877697842,0.9947368421052631,0.2903225806451613
44,logreg_smote,0.020082019643177535,0.1701170117011701,0.9947368421052631,0.29054573405073014
44,logreg_smote,0.020341992040032942,0.17027027027027028,0.9947368421052631,0.2907692307692308
44,logreg_smote,0.020511618356558,0.16952209197475204,0.9894736842105263,0.28945342571208627
44,logreg_smote,0.020652865948864427,0.16967509025270758,0.9894736842105263,0.2896764252696456
44,logreg_smote,0.02067174120515477,0.16982836495031617,0.9894736842105263,0.2898997686969931
44,logreg_smote,0.020839289297616526,0.16998191681735986,0.9894736842105263,0.29012345679012347
44,logreg_smote,0.020983322374567216,0.17013574660633485,0.9894736842105263,0.29034749034749036
44,logreg_smote,0.021049752291665707,0.17028985507246377,0.9894736842105263,0.2905718701700154
44,logreg_smote,0.02180988447451569,0.17044424297370808,0.9894736842105263,0.2907965970610982
44,logreg_smote,0.022606693548225396,0.1705989110707804,0.9894736842105263,0.2910216718266254
44,logreg_smote,0.022783677052875224,0.17075386012715713,0.9894736842105263,0.2912470952749806
44,logreg_smote,0.02320057443974836,0.1709090909090909,0.9894736842105263,0.29147286821705426
44,logreg_smote,0.023447436054008484,0.1710646041856233,0.9894736842105263,0.29169899146625294
44,logreg_smote,0.023578525860462583,0.17122040072859745,0.9894736842105263,0.29192546583850937
44,logreg_smote,0.023632449097794446,0.17046490428441202,0.9842105263157894,0.2905982905982906
44,logreg_smote,0.02486219494752374,0.17062043795620438,0.9842105263157894,0.29082426127527217
44,logreg_smote,0.025273118394459754,0.17077625570776256,0.9842105263157894,0.2910505836575875
44,logreg_smote,0.02556754677133057,0.17093235831809872,0.9842105263157894,0.2912772585669782
44,logreg_smote,0.025577997445448513,0.17108874656907594,0.9842105263157894,0.2915042868277474
44,logreg_smote,0.025838987977204526,0.17124542124542125,0.9842105263157894,0.29173166926677063
44,logreg_smote,0.026291185461770852,0.17140238313473877,0.9842105263157894,0.291959406713505
44,logreg_smote,0.02675733454657379,0.17155963302752295,0.9842105263157894,0.29218750000000004
44,logreg_smote,0.027598581070637628,0.1717171717171717,0.9842105263157894,0.2924159499609069
44,logreg_smote,0.028009510067734975,0.171875,0.9842105263157894,0.29264475743348983
44,logreg_smote,0.028318771698316803,0.17203311867525298,0.9842105263157894,0.292873923257635
44,logreg_smote,0.02845786877443436,0.1721915285451197,0.9842105263157894,0.2931034482758621
44,logreg_smote,0.02926691415448327,0.17142857142857143,0.9789473684210527,0.2917647058823529
44,logreg_smote,0.029362464811874652,0.17158671586715868,0.9789473684210527,0.2919937205651491
44,logreg_smote,0.029698401312178623,0.17174515235457063,0.9789473684210527,0.2922230950510605
44,logreg_smote,0.030121127665725392,0.17190388170055454,0.9789473684210527,0.29245283018867924
44,logreg_smote,0.030309581862925646,0.17206290471785385,0.9789473684210527,0.29268292682926833
44,logreg_smote,0.030533166073873314,0.17222222222222222,0.9789473684210527,0.2929133858267717
44,logreg_smote,0.030642658040430183,0.17238183503243745,0.9789473684210527,0.2931442080378251
44,logreg_smote,0.030813303261934228,0.1725417439703154,0.9789473684210527,0.2933753943217666
44,logreg_smote,0.030868038860067025,0.17270194986072424,0.9789473684210527,0.29360694554064726
44,logreg_smote,0.031081159446292403,0.17286245353159851,0.9789473684210527,0.29383886255924174
44,logreg_smote,0.031368857833857594,0.17302325581395347,0.9789473684210527,0.2940711462450593
44,logreg_smote,0.031741662102019876,0.17318435754189945,0.9789473684210527,0.29430379746835444
44,logreg_smote,0.03190165869532665,0.1733457595526561,0.9789473684210527,0.29453681710213775
44,logreg_smote,0.03198118196368121,0.17350746268656717,0.9789473684210527,0.29477020602218695
44,logreg_smote,0.032479109925590624,0.17273576097105509,0.9736842105263158,0.2934179222839017
44,logreg_smote,0.03272623409306358,0.17289719626168223,0.9736842105263158,0.29365079365079366
44,logreg_smote,0.03290792394969135,0.17305893358278765,0.9736842105263158,0.2938840349483718
44,logreg_smote,0.03296959747432234,0.17322097378277154,0.9736842105263158,0.29411764705882354
44,logreg_smote,0.03340891730436808,0.1733833177132146,0.9736842105263158,0.294351630867144
44,logreg_smote,0.033497279877998797,0.17354596622889307,0.9736842105263158,0.2945859872611465
44,logreg_smote,0.033502370280617054,0.17370892018779344,0.9736842105263158,0.2948207171314741
44,logreg_smote,0.03378051165314575,0.17387218045112782,0.9736842105263158,0.2950558213716109
44,logreg_smote,0.03385697285158917,0.17403574788334902,0.9736842105263158,0.29529130087789307
44,logreg_smote,0.03465108173870023,0.17419962335216574,0.9736842105263158,0.29552715654952083
44,logreg_smote,0.035488796309491144,0.17436380772855797,0.9736842105263158,0.29576338928856916
44,logreg_smote,0.03584929082875278,0.17452830188679244,0.9736842105263158,0.296
44,logreg_smote,0.03595344938731501,0.17469310670443816,0.9736842105263158,0.2962369895916733
44,logreg_smote,0.03638770946423848,0.17485822306238186,0.9736842105263158,0.2964743589743589
44,logreg_smote,0.03722962538015601,0.1750236518448439,0.9736842105263158,0.2967121090617482
44,logreg_smote,0.037523151545934386,0.17518939393939395,0.9736842105263158,0.2969502407704655
44,logreg_smote,0.03812055767547532,0.17535545023696683,0.9736842105263158,0.2971887550200803
44,logreg_smote,0.03872922429844264,0.17552182163187854,0.9736842105263158,0.29742765273311894
44,logreg_smote,0.03930217917251179,0.17568850902184235,0.9736842105263158,0.29766693483507645
44,logreg_smote,0.039321087817908544,0.1758555133079848,0.9736842105263158,0.2979066022544284
44,logreg_smote,0.03936562631069124,0.17602283539486205,0.9736842105263158,0.29814665592264306
44,logreg_smote,0.03976526069876593,0.1761904761904762,0.9736842105263158,0.29838709677419356
44,logreg_smote,0.04025323985765197,0.17635843660629172,0.9736842105263158,0.2986279257465698
44,logreg_smote,0.040267996059137764,0.1765267175572519,0.9736842105263158,0.29886914378029084
44,logreg_smote,0.04102213005554679,0.1766953199617956,0.9736842105263158,0.2991107518189167
44,logreg_smote,0.041924521965150306,0.17686424474187382,0.9736842105263158,0.2993527508090615
44,logreg_smote,0.04196238205259997,0.17703349282296652,0.9736842105263158,0.29959514170040485
44,logreg_smote,0.04199274532448052,0.17624521072796934,0.968421052631579,0.2982171799027552
44,logreg_smote,0.042842549851466405,0.17641418983700863,0.968421052631579,0.2984590429845905
44,logreg_smote,0.04354726093648983,0.1765834932821497,0.968421052631579,0.29870129870129875
44,logreg_smote,0.04359654859594436,0.17675312199807877,0.968421052631579,0.29894394800974816
44,logreg_smote,0.04400751897431045,0.17692307692307693,0.968421052631579,0.29918699186991876
44,logreg_smote,0.04422310042241382,0.17709335899903753,0.968421052631579,0.2994304312449146
44,logreg_smote,0.044858873642436806,0.17726396917148363,0.968421052631579,0.2996742671009772
44,logreg_smote,0.04498958927644954,0.17743490838958534,0.968421052631579,0.299918500407498
44,logreg_smote,0.045034021422208415,0.1776061776061776,0.968421052631579,0.30016313213703105
44,logreg_smote,0.045124760469252144,0.17777777777777778,0.968421052631579,0.30040816326530617
44,logreg_smote,0.04529455693104656,0.17794970986460348,0.968421052631579,0.3006535947712418
44,logreg_smote,0.04534910914559284,0.1781219748305905,0.968421052631579,0.30089942763695826
44,logreg_smote,0.045635863598926754,0.17829457364341086,0.968421052631579,0.30114566284779054
44,logreg_smote,0.04566420288364016,0.1784675072744908,0.968421052631579,0.30139230139230144
44,logreg_smote,0.04625762757137868,0.1786407766990291,0.968421052631579,0.30163934426229505
44,logreg_smote,0.04626576234435093,0.17881438289601556,0.968421052631579,0.30188679245283023
44,logreg_smote,0.046432933340093706,0.17898832684824903,0.968421052631579,0.3021346469622332
44,logreg_smote,0.0468442128179777,0.17916260954235638,0.968421052631579,0.30238290879211177
44,logreg_smote,0.047534469332237816,0.1793372319688109,0.968421052631579,0.3026315789473684
44,logreg_smote,0.047601224373495475,0.1795121951219512,0.968421052631579,0.3028806584362139
44,logreg_smote,0.0476121143140186,0.1796875,0.968421052631579,0.30313014827018125
44,logreg_smote,0.048285071327926,0.1798631476050831,0.968421052631579,0.30338004946413855
44,logreg_smote,0.04986160877862136,0.18003913894324852,0.968421052631579,0.3036303630363036
44,logreg_smote,0.049891993372067726,0.1802154750244858,0.968421052631579,0.3038810900082576
44,logreg_smote,0.050347829244237065,0.1803921568627451,0.968421052631579,0.3041322314049587
44,logreg_smote,0.05040334048432492,0.18056918547595682,0.968421052631579,0.304383788254756
44,logreg_smote,0.05040879479077216,0.1807465618860511,0.968421052631579,0.304635761589404
44,logreg_smote,0.05049460951746786,0.18092428711897737,0.968421052631579,0.3048881524440762
44,logreg_smote,0.050601256531769494,0.18110236220472442,0.968421052631579,0.30514096185737977
44,logreg_smote,0.05064903360319074,0.1812807881773399,0.968421052631579,0.30539419087136926
44,logreg_smote,0.050759809714342144,0.1814595660749507,0.968421052631579,0.3056478405315615
44,logreg_smote,0.05139452834280057,0.18163869693978282,0.968421052631579,0.3059019118869493
44,logreg_smote,0.051407809681669796,0.18181818181818182,0.968421052631579,0.30615640599001664
44,logreg_smote,0.05145007422425116,0.18199802176063304,0.968421052631579,0.3064113238967527
44,logreg_smote,0.05149748094310808,0.18217821782178217,0.968421052631579,0.30666666666666664
44,logreg_smote,0.05252529859222314,0.1823587710604559,0.968421052631579,0.30692243536280234
44,logreg_smote,0.053250749613684485,0.18253968253968253,0.968421052631579,0.3071786310517529
44,logreg_smote,0.053415469595255935,0.182720953326713,0.968421052631579,0.30743525480367584
44,logreg_smote,0.053655267598595145,0.18290258449304175,0.968421052631579,0.3076923076923077
44,logreg_smote,0.053773603295446865,0.18308457711442785,0.968421052631579,0.3079497907949791
44,logreg_smote,0.05410550495382861,0.18326693227091634,0.968421052631579,0.3082077051926298
44,logreg_smote,0.054578026262522256,0.18344965104685942,0.968421052631579,0.308466051969824
44,logreg_smote,0.055589418623525115,0.18363273453093812,0.968421052631579,0.3087248322147651
44,logreg_smote,0.05636295617696467,0.1838161838161838,0.968421052631579,0.3089840470193115
44,logreg_smote,0.05641549242386337,0.184,0.968421052631579,0.3092436974789916
44,logreg_smote,0.05684920227634084,0.1841841841841842,0.968421052631579,0.30950378469301937
44,logreg_smote,0.057642830337209516,0.1843687374749499,0.968421052631579,0.30976430976430974
44,logreg_smote,0.05838095638006928,0.18455366098294884,0.968421052631579,0.3100252737994945
44,logreg_smote,0.05856544508243916,0.18473895582329317,0.968421052631579,0.3102866779089376
44,logreg_smote,0.058856887052690425,0.1849246231155779,0.968421052631579,0.3105485232067511
44,logreg_smote,0.05887031485740286,0.1851106639839034,0.968421052631579,0.3108108108108108
44,logreg_smote,0.05894026152634434,0.18529707955689828,0.968421052631579,0.3110735418427726
44,logreg_smote,0.05971604650738921,0.18548387096774194,0.968421052631579,0.311336717428088
44,logreg_smote,0.061334985535247695,0.1846619576185671,0.9631578947368421,0.30990685859441147
44,logreg_smote,0.06145401982025463,0.18484848484848485,0.9631578947368421,0.3101694915254237
44,logreg_smote,0.06265754291107807,0.18503538928210314,0.9631578947368421,0.3104325699745547
44,logreg_smote,0.06270494013492006,0.18522267206477733,0.9631578947368421,0.3106960950764007
44,logreg_smote,0.06287900143879319,0.18541033434650456,0.9631578947368421,0.3109600679694138
44,logreg_smote,0.06345378737452075,0.18559837728194725,0.9631578947368421,0.3112244897959183
44,logreg_smote,0.06366590510764893,0.18578680203045686,0.9631578947368421,0.31148936170212765
44,logreg_smote,0.06373043361282502,0.18597560975609756,0.9631578947368421,0.31175468483816016
44,logreg_smote,0.06438424812079378,0.1861648016276704,0.9631578947368421,0.3120204603580563
44,logreg_smote,0.0647159358489533,0.18635437881873726,0.9631578947368421,0.3122866894197952
44,logreg_smote,0.06552517213296369,0.18654434250764526,0.9631578947368421,0.31255337318531173
44,logreg_smote,0.06594820994089225,0.186734693877551,0.9631578947368421,0.3128205128205128
44,logreg_smote,0.06606119640749213,0.18590398365679264,0.9578947368421052,0.311377245508982
44,logreg_smote,0.0674328368938692,0.18609406952965235,0.9578947368421052,0.3116438356164383
44,logreg_smote,0.06827612166528879,0.1862845445240532,0.9578947368421052,0.31191088260497
44,logreg_smote,0.06955006840405566,0.1864754098360656,0.9578947368421052,0.31217838765008576
44,logreg_smote,0.06956533839723232,0.18666666666666668,0.9578947368421052,0.3124463519313305
44,logreg_smote,0.06959658469633738,0.1868583162217659,0.9578947368421052,0.3127147766323024
44,logreg_smote,0.0715617671960857,0.18705035971223022,0.9578947368421052,0.31298366294067065
44,logreg_smote,0.07164548017679337,0.18724279835390947,0.9578947368421052,0.3132530120481928
44,logreg_smote,0.07169754876814641,0.1874356333676622,0.9578947368421052,0.3135228251507321
44,logreg_smote,0.07204998674009665,0.18762886597938144,0.9578947368421052,0.3137931034482758
44,logreg_smote,0.07329093096672216,0.18782249742002063,0.9578947368421052,0.3140638481449526
44,logreg_smote,0.07360149108844959,0.18801652892561985,0.9578947368421052,0.3143350604490501
44,logreg_smote,0.0736149269307059,0.18821096173733196,0.9578947368421052,0.31460674157303375
44,logreg_smote,0.07365723135672715,0.18840579710144928,0.9578947368421052,0.314878892733564
44,logreg_smote,0.07485684360188367,0.18860103626943006,0.9578947368421052,0.3151515151515151
44,logreg_smote,0.0750555933720811,0.1887966804979253,0.9578947368421052,0.315424610051993
44,logreg_smote,0.07575851514830644,0.18899273104880582,0.9578947368421052,0.31569817866435385
44,logreg_smote,0.07586408312953936,0.1891891891891892,0.9578947368421052,0.3159722222222222
44,logreg_smote,0.07634868217671298,0.18938605619146723,0.9578947368421052,0.31624674196351
44,logreg_smote,0.07648390680833031,0.18958333333333333,0.9578947368421052,0.3165217391304348
44,logreg_smote,0.07733197942570541,0.1897810218978102,0.9578947368421052,0.3167972149695387
44,logreg_smote,0.07742845451677549,0.18997912317327767,0.9578947368421052,0.3170731707317074
44,logreg_smote,0.07823836002035543,0.1891327063740857,0.9526315789473684,0.31560592850915437
44,logreg_smote,0.0785434296095784,0.1893305439330544,0.9526315789473684,0.3158813263525305
44,logreg_smote,0.07860352541216452,0.18848167539267016,0.9473684210526315,0.31441048034934493
44,logreg_smote,0.07886451133203352,0.18867924528301888,0.9473684210526315,0.3146853146853147
44,logreg_smote,0.07888016382191736,0.1888772298006296,0.9473684210526315,0.31496062992125984
44,logreg_smote,0.07948916702529386,0.18907563025210083,0.9473684210526315,0.31523642732049034
44,logreg_smote,0.07974626724996202,0.1892744479495268,0.9473684210526315,0.31551270815074495
44,logreg_smote,0.08011008037258563,0.18947368421052632,0.9473684210526315,0.3157894736842105
44,logreg_smote,0.08045087802642699,0.18967334035827185,0.9473684210526315,0.3160667251975417
44,logreg_smote,0.08165522493486976,0.189873417721519,0.9473684210526315,0.3163444639718805
44,logreg_smote,0.08245413847876445,0.1900739176346357,0.9473684210526315,0.31662269129287596
44,logreg_smote,0.08299912005086843,0.19027484143763213,0.9473684210526315,0.3169014084507042
44,logreg_smote,0.08311111931294358,0.19047619047619047,0.9473684210526315,0.3171806167400881
44,logreg_smote,0.08328590383597922,0.1906779661016949,0.9473684210526315,0.31746031746031744
44,logreg_smote,0.08375846910611424,0.19088016967126192,0.9473684210526315,0.31774051191526914
44,logreg_smote,0.0840495084942687,0.1910828025477707,0.9473684210526315,0.31802120141342755
44,logreg_smote,0.08440383535013123,0.19128586609989373,0.9473684210526315,0.3183023872679045
44,logreg_smote,0.08443049237226263,0.19148936170212766,0.9473684210526315,0.3185840707964601
44,logreg_smote,0.08629288223290166,0.1906283280085197,0.9421052631578948,0.3170947741364039
44,logreg_smote,0.08647536573540206,0.1908315565031983,0.9421052631578948,0.3173758865248227
44,logreg_smote,0.08649740265727786,0.18996798292422626,0.9368421052631579,0.31588287488908606
44,logreg_smote,0.08706648704282911,0.19017094017094016,0.9368421052631579,0.31616341030195383
44,logreg_smote,0.08709260031829283,0.19037433155080213,0.9368421052631579,0.3164444444444444
44,logreg_smote,0.08731600029388348,0.1905781584582441,0.9368421052631579,0.31672597864768687
44,logreg_smote,0.0874788398863917,0.18971061093247588,0.9315789473684211,0.31522707034728403
44,logreg_smote,0.08780279756880265,0.18991416309012876,0.9315789473684211,0.3155080213903743
44,logreg_smote,0.08851452753518604,0.19011815252416756,0.9315789473684211,0.3157894736842105
44,logreg_smote,0.0887461722240196,0.19032258064516128,0.9315789473684211,0.3160714285714285
44,logreg_smote,0.0889206147648522,0.19052744886975242,0.9315789473684211,0.3163538873994638
44,logreg_smote,0.08940659746763549,0.19073275862068967,0.9315789473684211,0.31663685152057247
44,logreg_smote,0.09044060264583931,0.19093851132686085,0.9315789473684211,0.3169203222918532
44,logreg_smote,0.09203128039292977,0.19114470842332612,0.9315789473684211,0.31720430107526876
44,logreg_smote,0.09207953017549217,0.19135135135135134,0.9315789473684211,0.31748878923766816
44,logreg_smote,0.09320188518905986,0.19155844155844157,0.9315789473684211,0.3177737881508079
44,logreg_smote,0.09381572108605973,0.19176598049837487,0.9315789473684211,0.31805929919137466
44,logreg_smote,0.09424828451560707,0.19197396963123645,0.9315789473684211,0.3183453237410072
44,logreg_smote,0.09444607599778934,0.19218241042345277,0.9315789473684211,0.3186318631863186
44,logreg_smote,0.09743214338268837,0.1923913043478261,0.9315789473684211,0.31891891891891894
44,logreg_smote,0.09829777375894713,0.1926006528835691,0.9315789473684211,0.31920649233543735
44,logreg_smote,0.09835776553286897,0.19172113289760348,0.9263157894736842,0.3176895306859206
44,logreg_smote,0.09851577073315801,0.19193020719738277,0.9263157894736842,0.3179765130984643
44,logreg_smote,0.09854204556984175,0.19213973799126638,0.9263157894736842,0.3182640144665461
44,logreg_smote,0.0986633876798789,0.1923497267759563,0.9263157894736842,0.31855203619909506
44,logreg_smote,0.09904425735349952,0.1925601750547046,0.9263157894736842,0.3188405797101449
44,logreg_smote,0.09951775584985838,0.1927710843373494,0.9263157894736842,0.31912964641885766
44,logreg_smote,0.10028528556442345,0.19298245614035087,0.9263157894736842,0.3194192377495463
44,logreg_smote,0.10041914014201561,0.19319429198682767,0.9263157894736842,0.31970935513169846
44,logreg_smote,0.10047267802799459,0.1934065934065934,0.9263157894736842,0.32
44,logreg_smote,0.10058017979203203,0.1936193619361936,0.9263157894736842,0.32029117379435845
44,logreg_smote,0.10058579853662146,0.19383259911894274,0.9263157894736842,0.3205828779599272
44,logreg_smote,0.101350784857822,0.1940463065049614,0.9263157894736842,0.32087511394712853
44,logreg_smote,0.10165624648199607,0.19426048565121412,0.9263157894736842,0.3211678832116789
44,logreg_smote,0.10236980035821124,0.19447513812154696,0.9263157894736842,0.3214611872146118
44,logreg_smote,0.10254635686177224,0.19469026548672566,0.9263157894736842,0.32175502742230344
44,logreg_smote,0.10282377113156077,0.19490586932447398,0.9263157894736842,0.3220494053064959
44,logreg_smote,0.103380925823054,0.1951219512195122,0.9263157894736842,0.32234432234432236
44,logreg_smote,0.10489520348378742,0.195338512763596,0.9263157894736842,0.3226397800183318
44,logreg_smote,0.10576095572540226,0.19555555555555557,0.9263157894736842,0.3229357798165138
44,logreg_smote,0.10589381435280745,0.19577308120133483,0.9263157894736842,0.32323232323232326
44,logreg_smote,0.10704222715213627,0.19599109131403117,0.9263157894736842,0.32352941176470584
44,logreg_smote,0.10900206098376967,0.19620958751393533,0.9263157894736842,0.32382704691812325
44,logreg_smote,0.10915076809369999,0.19642857142857142,0.9263157894736842,0.3241252302025783
44,logreg_smote,0.10974986581939442,0.19664804469273742,0.9263157894736842,0.3244239631336405
44,logreg_smote,0.10983050988958173,0.19686800894854586,0.9263157894736842,0.3247232472324723
44,logreg_smote,0.11036692661187261,0.19708846584546472,0.9263157894736842,0.32502308402585406
44,logreg_smote,0.11043079081253566,0.19730941704035873,0.9263157894736842,0.32532347504621073
44,logreg_smote,0.1105260197204524,0.19753086419753085,0.9263157894736842,0.32562442183163737
44,logreg_smote,0.11091021145039252,0.19775280898876405,0.9263157894736842,0.3259259259259259
44,logreg_smote,0.11104607007690578,0.19797525309336333,0.9263157894736842,0.3262279888785913
44,logreg_smote,0.11156924423446926,0.1981981981981982,0.9263157894736842,0.32653061224489793
44,logreg_smote,0.1117396907040591,0.1984216459977452,0.9263157894736842,0.3268337975858867
44,logreg_smote,0.11254128157707728,0.1986455981941309,0.9263157894736842,0.3271375464684015
44,logreg_smote,0.11257867062288324,0.19887005649717515,0.9263157894736842,0.3274418604651163
44,logreg_smote,0.11275717639367482,0.19909502262443438,0.9263157894736842,0.32774674115456237
44,logreg_smote,0.11275754873022706,0.19932049830124576,0.9263157894736842,0.32805219012115566
44,logreg_smote,0.11284965346381519,0.19954648526077098,0.9263157894736842,0.3283582089552239
44,logreg_smote,0.11324929307292503,0.19977298524404086,0.9263157894736842,0.32866479925303455
44,logreg_smote,0.11399523291064055,0.2,0.9263157894736842,0.3289719626168225
44,logreg_smote,0.11433638673828111,0.20022753128555176,0.9263157894736842,0.3292797006548176
44,logreg_smote,0.11490519670397809,0.19931662870159453,0.9210526315789473,0.3277153558052434
44,logreg_smote,0.11523628041945404,0.19954389965792474,0.9210526315789473,0.32802249297094654
44,logreg_smote,0.11560864772055197,0.1997716894977169,0.9210526315789473,0.3283302063789869
44,logreg_smote,0.11565751546643298,0.2,0.9210526315789473,0.3286384976525822
44,logreg_smote,0.11565837386004238,0.20022883295194507,0.9210526315789473,0.32894736842105265
44,logreg_smote,0.11618058835331428,0.2004581901489118,0.9210526315789473,0.3292568203198495
44,logreg_smote,0.1163911291955871,0.2006880733944954,0.9210526315789473,0.3295668549905838
44,logreg_smote,0.11662059922072675,0.20091848450057406,0.9210526315789473,0.3298774740810556
44,logreg_smote,0.1170051847027604,0.20114942528735633,0.9210526315789473,0.33018867924528306
44,logreg_smote,0.11739782894113203,0.2002301495972382,0.9157894736842105,0.32861189801699714
44,logreg_smote,0.11909303424391775,0.20046082949308755,0.9157894736842105,0.32892249527410206
44,logreg_smote,0.11915424829024604,0.20069204152249134,0.9157894736842105,0.32923368022705773
44,logreg_smote,0.11920623922961504,0.20092378752886836,0.9157894736842105,0.3295454545454546
44,logreg_smote,0.12011911610883297,0.20115606936416186,0.9157894736842105,0.3298578199052133
44,logreg_smote,0.12052865673296759,0.2013888888888889,0.9157894736842105,0.3301707779886148
44,logreg_smote,0.12206339746267032,0.20162224797219003,0.9157894736842105,0.33048433048433046
44,logreg_smote,0.12311190736451691,0.20185614849187936,0.9157894736842105,0.3307984790874525
44,logreg_smote,0.12322754670083877,0.20209059233449478,0.9157894736842105,0.3311132254995243
44,logreg_smote,0.12354522960123038,0.20232558139534884,0.9157894736842105,0.33142857142857146
44,logreg_smote,0.12480757008108398,0.20256111757857975,0.9157894736842105,0.3317445185891325
44,logreg_smote,0.1248154384155258,0.20279720279720279,0.9157894736842105,0.3320610687022901
44,logreg_smote,0.1250508317275405,0.20303383897316218,0.9157894736842105,0.33237822349570195
44,logreg_smote,0.12536379079701349,0.20327102803738317,0.9157894736842105,0.3326959847036328
44,logreg_smote,0.12600157442732857,0.20350877192982456,0.9157894736842105,0.33301435406698565
44,logreg_smote,0.12601008546495407,0.20374707259953162,0.9157894736842105,0.3333333333333333
44,logreg_smote,0.12671685593079088,0.20398593200468934,0.9157894736842105,0.33365292425695114
44,logreg_smote,0.12933705593244493,0.20422535211267606,0.9157894736842105,0.33397312859884837
44,logreg_smote,0.12937277432645003,0.2044653349001175,0.9157894736842105,0.33429394812680113
44,logreg_smote,0.12943772652497443,0.20470588235294118,0.9157894736842105,0.3346153846153846
44,logreg_smote,0.12949781959847068,0.2049469964664311,0.9157894736842105,0.3349374398460058
44,logreg_smote,0.12955785663682176,0.20400943396226415,0.9105263157894737,0.33333333333333337
44,logreg_smote,0.12960199535340478,0.20425029515938606,0.9105263157894737,0.33365477338476374
44,logreg_smote,0.1296986751172379,0.2044917257683215,0.9105263157894737,0.333976833976834
44,logreg_smote,0.1309963924780894,0.20473372781065088,0.9105263157894737,0.3342995169082126
44,logreg_smote,0.13194696062045627,0.20497630331753555,0.9105263157894737,0.33462282398452614
44,logreg_smote,0.1319769486309495,0.20521945432977462,0.9105263157894737,0.33494675701839305
44,logreg_smote,0.13223191672178988,0.20546318289786222,0.9105263157894737,0.33527131782945735
44,logreg_smote,0.13304835132572113,0.2057074910820452,0.9105263157894737,0.3355965082444229
44,logreg_smote,0.1331567833626643,0.20595238095238094,0.9105263157894737,0.33592233009708733
44,logreg_smote,0.13364043562834552,0.2061978545887962,0.9105263157894737,0.3362487852283771
44,logreg_smote,0.13405654655226953,0.2064439140811456,0.9105263157894737,0.33657587548638135
44,logreg_smote,0.13456472821944343,0.2066905615292712,0.9105263157894737,0.33690360272638753
44,logreg_smote,0.13478919993163135,0.20574162679425836,0.9052631578947369,0.3352826510721248
44,logreg_smote,0.13672751717575582,0.20479041916167665,0.9,0.3336585365853658
44,logreg_smote,0.13712310720401416,0.20503597122302158,0.9,0.333984375
44,logreg_smote,0.13746034966174844,0.20528211284513806,0.9,0.33431085043988273
44,logreg_smote,0.13831091147712296,0.20552884615384615,0.9,0.3346379647749511
44,logreg_smote,0.13854307887328365,0.20577617328519857,0.9,0.3349657198824682
44,logreg_smote,0.13859582796283848,0.20602409638554217,0.9,0.33529411764705885
44,logreg_smote,0.13860394455944347,0.20627261761158022,0.9,0.3356231599607459
44,logreg_smote,0.13870306075801583,0.20652173913043478,0.9,0.3359528487229863
44,logreg_smote,0.13953694275337586,0.2067714631197098,0.9,0.33628318584070793
44,logreg_smote,0.14036292884920074,0.20702179176755447,0.9,0.33661417322834647
44,logreg_smote,0.1424642208263357,0.20727272727272728,0.9,0.3369458128078817
44,logreg_smote,0.14281169027488028,0.20752427184466019,0.9,0.3372781065088757
44,logreg_smote,0.14299939503167514,0.2077764277035237,0.9,0.33761105626850935
44,logreg_smote,0.1446924931733265,0.20802919708029197,0.9,0.33794466403162055
44,logreg_smote,0.14619060904442746,0.20828258221680876,0.9,0.3382789317507418
44,logreg_smote,0.14621589800664603,0.20853658536585365,0.9,0.3386138613861386
44,logreg_smote,0.14688088911331432,0.2087912087912088,0.9,0.3389494549058474
44,logreg_smote,0.147435399432328,0.20904645476772615,0.9,0.3392857142857143
44,logreg_smote,0.14787306845957024,0.20930232558139536,0.9,0.339622641509434
44,logreg_smote,0.14839295500576724,0.20955882352941177,0.9,0.3399602385685884
44,logreg_smote,0.14903916635423636,0.2098159509202454,0.9,0.3402985074626866
44,logreg_smote,0.14930223189006012,0.21007371007371006,0.9,0.34063745019920316
44,logreg_smote,0.14944949405620586,0.21033210332103322,0.9,0.34097706879361916
44,logreg_smote,0.1500579486322919,0.2105911330049261,0.9,0.3413173652694611
44,logreg_smote,0.15047472273925933,0.21085080147965474,0.9,0.34165834165834164
44,logreg_smote,0.151992902722783,0.2111111111111111,0.9,0.34199999999999997
44,logreg_smote,0.1523932739438522,0.21137206427688504,0.9,0.3423423423423424
44,logreg_smote,0.1525351546567762,0.21163366336633663,0.9,0.342685370741483
44,logreg_smote,0.15289899051066197,0.21189591078066913,0.9,0.3430290872617853
44,logreg_smote,0.15300548426518032,0.21215880893300249,0.9,0.3433734939759036
44,logreg_smote,0.1540104835170044,0.2124223602484472,0.9,0.3437185929648241
44,logreg_smote,0.15423887833663782,0.2126865671641791,0.9,0.3440643863179074
44,logreg_smote,0.1556410985880651,0.2129514321295143,0.9,0.3444108761329305
44,logreg_smote,0.15640301610072269,0.21321695760598502,0.9,0.34475806451612895
44,logreg_smote,0.1584216216472588,0.21348314606741572,0.9,0.34510595358224017
44,logreg_smote,0.15855089379542833,0.21375,0.9,0.34545454545454546
44,logreg_smote,0.15927108795895542,0.2127659574468085,0.8947368421052632,0.3437815975733064
44,logreg_smote,0.15931600504277915,0.21303258145363407,0.8947368421052632,0.3441295546558704
44,logreg_smote,0.15974084256883744,0.21329987452948557,0.8947368421052632,0.3444782168186424
44,logreg_smote,0.16274882450861242,0.2135678391959799,0.8947368421052632,0.3448275862068965
44,logreg_smote,0.16384048989346003,0.2138364779874214,0.8947368421052632,0.34517766497461927
44,logreg_smote,0.1643880689883664,0.2141057934508816,0.8947368421052632,0.34552845528455284
44,logreg_smote,0.16455262691755643,0.21437578814627994,0.8947368421052632,0.34587995930824006
44,logreg_smote,0.16477044560111265,0.21464646464646464,0.8947368421052632,0.34623217922606925
44,logreg_smote,0.16501338756049588,0.21491782553729458,0.8947368421052632,0.34658511722731905
44,logreg_smote,0.1650546691543681,0.21518987341772153,0.8947368421052632,0.3469387755102041
44,logreg_smote,0.16532264071356992,0.21546261089987326,0.8947368421052632,0.3472931562819203
44,logreg_smote,0.16717992320091435,0.21573604060913706,0.8947368421052632,0.34764826175869123
44,logreg_smote,0.16769183454909875,0.21601016518424396,0.8947368421052632,0.3480040941658137
44,logreg_smote,0.1684759802999446,0.21628498727735368,0.8947368421052632,0.3483606557377049
44,logreg_smote,0.16918613712037894,0.21656050955414013,0.8947368421052632,0.3487179487179487
44,logreg_smote,0.16946586388900536,0.21683673469387754,0.8947368421052632,0.34907597535934287
44,logreg_smote,0.17008267393331128,0.21711366538952745,0.8947368421052632,0.3494347379239465
44,logreg_smote,0.17090372739471138,0.21739130434782608,0.8947368421052632,0.34979423868312753
44,logreg_smote,0.17125046736333194,0.2176696542893726,0.8947368421052632,0.3501544799176107
44,logreg_smote,0.17145012010124355,0.21794871794871795,0.8947368421052632,0.3505154639175258
44,logreg_smote,0.1722493661426722,0.21822849807445444,0.8947368421052632,0.3508771929824561
44,logreg_smote,0.17236019675155584,0.2185089974293059,0.8947368421052632,0.35123966942148765
44,logreg_smote,0.17253311640705052,0.2187902187902188,0.8947368421052632,0.35160289555325747
44,logreg_smote,0.17301444052527026,0.2190721649484536,0.8947368421052632,0.35196687370600416
44,logreg_smote,0.17336201720583944,0.21935483870967742,0.8947368421052632,0.3523316062176166
44,logreg_smote,0.17356225744727422,0.21963824289405684,0.8947368421052632,0.35269709543568467
44,logreg_smote,0.17373797578616723,0.21992238033635186,0.8947368421052632,0.3530633437175493
44,logreg_smote,0.17397065687197402,0.22020725388601037,0.8947368421052632,0.3534303534303534
44,logreg_smote,0.17403728331993004,0.2204928664072633,0.8947368421052632,0.3537981269510926
44,logreg_smote,0.17415202548288977,0.22077922077922077,0.8947368421052632,0.35416666666666663
44,logreg_smote,0.1745088474030875,0.22106631989596878,0.8947368421052632,0.3545359749739312
44,logreg_smote,0.17475359597929743,0.22135416666666666,0.8947368421052632,0.35490605427974947
44,logreg_smote,0.17618731364813423,0.22164276401564537,0.8947368421052632,0.3552769070010449
44,logreg_smote,0.1769177061789213,0.22193211488250653,0.8947368421052632,0.35564853556485354
44,logreg_smote,0.17693568319294783,0.2222222222222222,0.8947368421052632,0.35602094240837695
44,logreg_smote,0.1772827742231855,0.22251308900523561,0.8947368421052632,0.35639412997903563
44,logreg_smote,0.17750780229758126,0.22280471821756226,0.8947368421052632,0.3567681007345226
44,logreg_smote,0.17781054459212764,0.2230971128608924,0.8947368421052632,0.35714285714285715
44,logreg_smote,0.17808683083576207,0.2233902759526938,0.8947368421052632,0.35751840168243953
44,logreg_smote,0.17873273043560084,0.2236842105263158,0.8947368421052632,0.35789473684210527
44,logreg_smote,0.17955684868346242,0.22397891963109354,0.8947368421052632,0.3582718651211802
44,logreg_smote,0.1808139986091593,0.22295514511873352,0.8894736842105263,0.35654008438818563
44,logreg_smote,0.18341980058039284,0.22192866578599735,0.8842105263157894,0.35480464625131997
44,logreg_smote,0.1837140419229595,0.2222222222222222,0.8842105263157894,0.3551797040169133
44,logreg_smote,0.18399645034545833,0.22251655629139072,0.8842105263157894,0.3555555555555555
44,logreg_smote,0.1850553059206504,0.22148541114058357,0.8789473684210526,0.3538135593220339
44,logreg_smote,0.1850978777268577,0.22177954847277556,0.8789473684210526,0.35418875927889715
44,logreg_smote,0.18608256388482228,0.2220744680851064,0.8789473684210526,0.35456475583864117
44,logreg_smote,0.1883399525207907,0.22237017310252996,0.8789473684210526,0.35494155154091395
44,logreg_smote,0.18843087652027374,0.22266666666666668,0.8789473684210526,0.3553191489361702
44,logreg_smote,0.18909362349227654,0.22296395193591456,0.8789473684210526,0.35569755058572955
44,logreg_smote,0.19114466947480063,0.2232620320855615,0.8789473684210526,0.3560767590618337
44,logreg_smote,0.19307634101495952,0.22356091030789826,0.8789473684210526,0.35645677694770544
44,logreg_smote,0.19335114078077906,0.22386058981233245,0.8789473684210526,0.3568376068376069
44,logreg_smote,0.19358811044080665,0.22416107382550335,0.8789473684210526,0.35721925133689836
44,logreg_smote,0.19364531675666014,0.22446236559139784,0.8789473684210526,0.3576017130620985
44,logreg_smote,0.1940615748966781,0.22476446837146702,0.8789473684210526,0.3579849946409432
44,logreg_smote,0.1941939155700176,0.22506738544474394,0.8789473684210526,0.3583690987124464
44,logreg_smote,0.19714007653980772,0.2253711201079622,0.8789473684210526,0.35875402792696026
44,logreg_smote,0.19862372618319868,0.22567567567567567,0.8789473684210526,0.3591397849462366
44,logreg_smote,0.199267538495024,0.2259810554803789,0.8789473684210526,0.3595263724434876
44,logreg_smote,0.1994988762845068,0.22628726287262874,0.8789473684210526,0.3599137931034483
44,logreg_smote,0.20016630662794604,0.2265943012211669,0.8789473684210526,0.36030204962243795
44,logreg_smote,0.20047926976672728,0.2269021739130435,0.8789473684210526,0.3606911447084233
44,logreg_smote,0.20152617247551063,0.2272108843537415,0.8789473684210526,0.36108108108108106
44,logreg_smote,0.20281124517126348,0.22752043596730245,0.8789473684210526,0.36147186147186144
44,logreg_smote,0.20385162681343383,0.22783083219645292,0.8789473684210526,0.36186348862405193
44,logreg_smote,0.203965317123203,0.22814207650273224,0.8789473684210526,0.36225596529284165
44,logreg_smote,0.2051474024698496,0.22845417236662108,0.8789473684210526,0.3626492942453855
44,logreg_smote,0.20538677762615248,0.22876712328767124,0.8789473684210526,0.3630434782608696
44,logreg_smote,0.20655994887848678,0.22908093278463648,0.8789473684210526,0.3634385201305767
44,logreg_smote,0.20700177726799343,0.22939560439560439,0.8789473684210526,0.3638344226579521
44,logreg_smote,0.2087853050761048,0.2297111416781293,0.8789473684210526,0.36423118865866955
44,logreg_smote,0.21022518209320898,0.23002754820936638,0.8789473684210526,0.36462882096069865
44,logreg_smote,0.2105317016720777,0.2303448275862069,0.8789473684210526,0.3650273224043716
44,logreg_smote,0.2110185271546147,0.23066298342541436,0.8789473684210526,0.3654266958424507
44,logreg_smote,0.21102827185555978,0.23098201936376211,0.8789473684210526,0.3658269441401972
44,logreg_smote,0.21128126179656614,0.23130193905817176,0.8789473684210526,0.3662280701754386
44,logreg_smote,0.2133522743390683,0.231622746185853,0.8789473684210526,0.36663007683863885
44,logreg_smote,0.21394181370235724,0.23194444444444445,0.8789473684210526,0.36703296703296706
44,logreg_smote,0.21403995855136004,0.23226703755215578,0.8789473684210526,0.36743674367436746
44,logreg_smote,0.21509542887317062,0.23259052924791088,0.8789473684210526,0.36784140969163
44,logreg_smote,0.2156734341668341,0.23291492329149233,0.8789473684210526,0.36824696802646084
44,logreg_smote,0.219272252249876,0.23324022346368714,0.8789473684210526,0.3686534216335541
44,logreg_smote,0.2203766419676065,0.23356643356643356,0.8789473684210526,0.36906077348066296
44,logreg_smote,0.22055777470229793,0.2338935574229692,0.8789473684210526,0.3694690265486726
44,logreg_smote,0.22096877645925933,0.23422159887798036,0.8789473684210526,0.36987818383167215
44,logreg_smote,0.22265991478988809,0.2345505617977528,0.8789473684210526,0.37028824833702884
44,logreg_smote,0.22369261346210823,0.2348804500703235,0.8789473684210526,0.37069922308546055
44,logreg_smote,0.2237232755158055,0.2352112676056338,0.8789473684210526,0.37111111111111106
44,logreg_smote,0.22415124176634008,0.23554301833568406,0.8789473684210526,0.37152391546162405
44,logreg_smote,0.22484507101596146,0.23587570621468926,0.8789473684210526,0.3719376391982182
44,logreg_smote,0.228083517141696,0.2362093352192362,0.8789473684210526,0.37235228539576365
44,logreg_smote,0.228206776624175,0.23654390934844194,0.8789473684210526,0.37276785714285715
44,logreg_smote,0.22824719573537194,0.23687943262411348,0.8789473684210526,0.3731843575418995
44,logreg_smote,0.22914354548506938,0.2372159090909091,0.8789473684210526,0.3736017897091723
44,logreg_smote,0.23069572217397388,0.2375533428165007,0.8789473684210526,0.374020156774916
44,logreg_smote,0.2309688304659976,0.2378917378917379,0.8789473684210526,0.37443946188340804
44,logreg_smote,0.23115836105672863,0.23823109843081314,0.8789473684210526,0.37485970819304154
44,logreg_smote,0.2314197169669292,0.23857142857142857,0.8789473684210526,0.3752808988764045
44,logreg_smote,0.23169212251914123,0.23891273247496422,0.8789473684210526,0.37570303712035996
44,logreg_smote,0.2318015323530756,0.23925501432664756,0.8789473684210526,0.3761261261261261
44,logreg_smote,0.23256596397047158,0.23959827833572453,0.8789473684210526,0.3765501691093574
44,logreg_smote,0.23299332275090834,0.23994252873563218,0.8789473684210526,0.37697516930022573
44,logreg_smote,0.23345228374552007,0.23884892086330936,0.8736842105263158,0.3751412429378531
44,logreg_smote,0.23428737396051588,0.23919308357348704,0.8736842105263158,0.3755656108597285
44,logreg_smote,0.2343069290388721,0.23953823953823955,0.8736842105263158,0.37599093997734995
44,logreg_smote,0.2345443907271523,0.2398843930635838,0.8736842105263158,0.37641723356009066
44,logreg_smote,0.23467109590998422,0.2402315484804631,0.8736842105263158,0.37684449489216804
44,logreg_smote,0.23571933114800198,0.24057971014492754,0.8736842105263158,0.37727272727272726
44,logreg_smote,0.23613662073340377,0.2409288824383164,0.8736842105263158,0.37770193401592717
44,logreg_smote,0.23651465224208987,0.24127906976744187,0.8736842105263158,0.37813211845102507
44,logreg_smote,0.23675903042230484,0.24163027656477437,0.8736842105263158,0.3785632839224629
44,logreg_smote,0.23701044048166764,0.24198250728862974,0.8736842105263158,0.3789954337899544
44,logreg_smote,0.23904745871266414,0.24233576642335766,0.8736842105263158,0.37942857142857145
44,logreg_smote,0.24209069990716697,0.24269005847953215,0.8736842105263158,0.3798627002288329
44,logreg_smote,0.24258319557565317,0.24158125915080528,0.868421052631579,0.37800687285223367
44,logreg_smote,0.24339172318286614,0.24193548387096775,0.868421052631579,0.37844036697247707
44,logreg_smote,0.24431628893142884,0.2422907488986784,0.868421052631579,0.37887485648679675
44,logreg_smote,0.24469971402304072,0.2426470588235294,0.868421052631579,0.37931034482758624
44,logreg_smote,0.2454155837156839,0.24300441826215022,0.868421052631579,0.37974683544303794
44,logreg_smote,0.24565171568420108,0.24336283185840707,0.868421052631579,0.38018433179723504
44,logreg_smote,0.24572336177992274,0.24372230428360414,0.868421052631579,0.3806228373702423
44,logreg_smote,0.24589777897965004,0.24260355029585798,0.8631578947368421,0.37875288683602776
44,logreg_smote,0.24702085141578128,0.24296296296296296,0.8631578947368421,0.3791907514450867
44,logreg_smote,0.24874444792444284,0.2433234421364985,0.8631578947368421,0.3796296296296296
44,logreg_smote,0.2489480770798389,0.2436849925705795,0.8631578947368421,0.3800695249130938
44,logreg_smote,0.2493347057783444,0.24404761904761904,0.8631578947368421,0.3805104408352668
44,logreg_smote,0.24955044316565295,0.2444113263785395,0.8631578947368421,0.38095238095238093
44,logreg_smote,0.24986592591732967,0.24477611940298508,0.8631578947368421,0.38139534883720927
44,logreg_smote,0.2504448539746207,0.24514200298953662,0.8631578947368421,0.3818393480791618
44,logreg_smote,0.25297091123797066,0.24550898203592814,0.8631578947368421,0.3822843822843822
44,logreg_smote,0.2533445579799605,0.24587706146926536,0.8631578947368421,0.38273045507584597
44,logreg_smote,0.2552634920365328,0.24624624624624625,0.8631578947368421,0.38317757009345793
44,logreg_smote,0.25588548608571654,0.24661654135338346,0.8631578947368421,0.3836257309941521
44,logreg_smote,0.2568332590892852,0.2469879518072289,0.8631578947368421,0.3840749414519906
44,logreg_smote,0.2582315009341713,0.2473604826546003,0.8631578947368421,0.384525205158265
44,logreg_smote,0.2582951346754637,0.24773413897280966,0.8631578947368421,0.38497652582159625
44,logreg_smote,0.2606894990800584,0.2481089258698941,0.8631578947368421,0.3854289071680376
44,logreg_smote,0.26107446362643055,0.24848484848484848,0.8631578947368421,0.3858823529411764
44,logreg_smote,0.2611150763042585,0.2488619119878604,0.8631578947368421,0.38633686690223795
44,logreg_smote,0.26164765599454687,0.24924012158054712,0.8631578947368421,0.3867924528301887
44,logreg_smote,0.26175217526365446,0.2496194824961948,0.8631578947368421,0.38724911452184174
44,logreg_smote,0.26294218948957954,0.25,0.8631578947368421,0.3877068557919622
44,logreg_smote,0.2631673009127761,0.250381679389313,0.8631578947368421,0.3881656804733728
44,logreg_smote,0.2650425347333735,0.2492354740061162,0.8578947368421053,0.3862559241706161
44,logreg_smote,0.2652545009265629,0.24961715160796324,0.8578947368421053,0.3867141162514828
44,logreg_smote,0.2659429254326701,0.25,0.8578947368421053,0.38717339667458434
44,logreg_smote,0.2661746009593763,0.250384024577573,0.8578947368421053,0.3876337693222354
44,logreg_smote,0.26637311566785343,0.25076923076923074,0.8578947368421053,0.3880952380952381
44,logreg_smote,0.26702112521434546,0.25115562403698,0.8578947368421053,0.38855780691299174
44,logreg_smote,0.2680790539271601,0.2515432098765432,0.8578947368421053,0.3890214797136038
44,logreg_smote,0.2683022267416177,0.25193199381761977,0.8578947368421053,0.3894862604540023
44,logreg_smote,0.26889826541088263,0.25232198142414863,0.8578947368421053,0.3899521531100479
44,logreg_smote,0.270309083824715,0.2527131782945736,0.8578947368421053,0.3904191616766467
44,logreg_smote,0.2706566784265724,0.2531055900621118,0.8578947368421053,0.3908872901678658
44,logreg_smote,0.2709953047080338,0.2534992223950233,0.8578947368421053,0.39135654261704683
44,logreg_smote,0.2711613400617371,0.2538940809968847,0.8578947368421053,0.391826923076923
44,logreg_smote,0.272904765536406,0.2542901716068643,0.8578947368421053,0.3922984356197353
44,logreg_smote,0.27324384353132697,0.2546875,0.8578947368421053,0.3927710843373494
44,logreg_smote,0.27449607614768134,0.25508607198748046,0.8578947368421053,0.39324487334137515
44,logreg_smote,0.2755153764889394,0.2554858934169279,0.8578947368421053,0.393719806763285
44,logreg_smote,0.2756867973882554,0.25588697017268447,0.8578947368421053,0.39419588875453443
44,logreg_smote,0.27624344976331144,0.25471698113207547,0.8526315789473684,0.3922518159806295
44,logreg_smote,0.27691708172584045,0.2551181102362205,0.8526315789473684,0.39272727272727276
44,logreg_smote,0.27797250844759047,0.2555205047318612,0.8526315789473684,0.3932038834951457
44,logreg_smote,0.2785309026765801,0.2559241706161137,0.8526315789473684,0.39368165249088694
44,logreg_smote,0.27886236049953167,0.2563291139240506,0.8526315789473684,0.3941605839416058
44,logreg_smote,0.28013535423073627,0.25673534072900156,0.8526315789473684,0.394640682095006
44,logreg_smote,0.2812817552707641,0.2571428571428571,0.8526315789473684,0.39512195121951216
44,logreg_smote,0.28132799583935736,0.2575516693163752,0.8526315789473684,0.39560439560439564
44,logreg_smote,0.28138602844819544,0.25796178343949044,0.8526315789473684,0.39608801955990214
44,logreg_smote,0.2823338238454472,0.2583732057416268,0.8526315789473684,0.3965728274173807
44,logreg_smote,0.2824176773345228,0.25878594249201275,0.8526315789473684,0.39705882352941174
44,logreg_smote,0.28344303765364837,0.2592,0.8526315789473684,0.3975460122699387
44,logreg_smote,0.2848635889710018,0.25961538461538464,0.8526315789473684,0.3980343980343981
44,logreg_smote,0.28496838591423795,0.26003210272873195,0.8526315789473684,0.3985239852398524
44,logreg_smote,0.2850415718939658,0.2604501607717042,0.8526315789473684,0.3990147783251231
44,logreg_smote,0.28526166455205937,0.2608695652173913,0.8526315789473684,0.39950678175092474
44,logreg_smote,0.28661697021980753,0.26129032258064516,0.8526315789473684,0.4
44,logreg_smote,0.28949352103329395,0.2617124394184168,0.8526315789473684,0.40049443757725584
44,logreg_smote,0.28985725846504345,0.2621359223300971,0.8526315789473684,0.400990099009901
44,logreg_smote,0.2903493828262605,0.2625607779578606,0.8526315789473684,0.40148698884758366
44,logreg_smote,0.291640611570189,0.262987012987013,0.8526315789473684,0.401985111662531
44,logreg_smote,0.2929388120705389,0.2634146341463415,0.8526315789473684,0.40248447204968946
44,logreg_smote,0.29317688297563804,0.26384364820846906,0.8526315789473684,0.40298507462686567
44,logreg_smote,0.29356362195175484,0.2642740619902121,0.8526315789473684,0.4034869240348693
44,logreg_smote,0.2954531843548705,0.2647058823529412,0.8526315789473684,0.40399002493765584
44,logreg_smote,0.2961560638261328,0.265139116202946,0.8526315789473684,0.4044943820224719
44,logreg_smote,0.2965863598715443,0.26557377049180325,0.8526315789473684,0.4049999999999999
44,logreg_smote,0.2965944056706851,0.2660098522167488,0.8526315789473684,0.4055068836045057
44,logreg_smote,0.2971093256229844,0.26644736842105265,0.8526315789473684,0.406015037593985
44,logreg_smote,0.29861214147864645,0.26688632619439867,0.8526315789473684,0.4065244667503137
44,logreg_smote,0.3006065211294804,0.26732673267326734,0.8526315789473684,0.40703517587939697
44,logreg_smote,0.30098414880645386,0.26776859504132233,0.8526315789473684,0.40754716981132083
44,logreg_smote,0.30146852963476034,0.2682119205298013,0.8526315789473684,0.4080604534005038
44,logreg_smote,0.3017187957134863,0.26865671641791045,0.8526315789473684,0.40857503152585123
44,logreg_smote,0.30238310744200597,0.2691029900332226,0.8526315789473684,0.409090909090909
44,logreg_smote,0.30376950001450226,0.26955074875207985,0.8526315789473684,0.4096080910240202
44,logreg_smote,0.30409352959874714,0.2683333333333333,0.8473684210526315,0.40759493670886077
44,logreg_smote,0.3044852889084529,0.2687813021702838,0.8473684210526315,0.40811153358681873
44,logreg_smote,0.30449306733504833,0.26755852842809363,0.8421052631578947,0.4060913705583756
44,logreg_smote,0.30454633206463355,0.26800670016750416,0.8421052631578947,0.4066073697585768
44,logreg_smote,0.3047053864527826,0.2684563758389262,0.8421052631578947,0.4071246819338422
44,logreg_smote,0.30777766398138556,0.2689075630252101,0.8421052631578947,0.40764331210191085
44,logreg_smote,0.30785969566318355,0.26936026936026936,0.8421052631578947,0.4081632653061224
44,logreg_smote,0.30788939765565365,0.26981450252951095,0.8421052631578947,0.4086845466155811
44,logreg_smote,0.3083247871608055,0.2702702702702703,0.8421052631578947,0.40920716112531974
44,logreg_smote,0.30920035692489284,0.2707275803722504,0.8421052631578947,0.40973111395646605
44,logreg_smote,0.3101850081032456,0.2711864406779661,0.8421052631578947,0.41025641025641024
44,logreg_smote,0.310822826794283,0.27164685908319186,0.8421052631578947,0.41078305519897307
44,logreg_smote,0.311858023122038,0.272108843537415,0.8421052631578947,0.41131105398457585
44,logreg_smote,0.31332100424568476,0.272572402044293,0.8421052631578947,0.4118404118404118
44,logreg_smote,0.3142165140033165,0.27303754266211605,0.8421052631578947,0.41237113402061853
44,logreg_smote,0.3145912393680743,0.2717948717948718,0.8368421052631579,0.41032258064516125
44,logreg_smote,0.3166813289402358,0.2722602739726027,0.8368421052631579,0.4108527131782946
44,logreg_smote,0.31811228845994194,0.2727272727272727,0.8368421052631579,0.41138421733505826
44,logreg_smote,0.3204228490400527,0.27319587628865977,0.8368421052631579,0.4119170984455958
44,logreg_smote,0.3210544299950077,0.2736660929432014,0.8368421052631579,0.4124513618677043
44,logreg_smote,0.32154858984003837,0.27413793103448275,0.8368421052631579,0.41298701298701296
44,logreg_smote,0.32160672838779736,0.27461139896373055,0.8368421052631579,0.4135240572171651
44,logreg_smote,0.3220520574017636,0.2750865051903114,0.8368421052631579,0.4140625
44,logreg_smote,0.32215833276430617,0.2755632582322357,0.8368421052631579,0.41460234680573665
44,logreg_smote,0.32372900737398097,0.2760416666666667,0.8368421052631579,0.4151436031331593
44,logreg_smote,0.3247357429557098,0.27652173913043476,0.8368421052631579,0.4156862745098039
44,logreg_smote,0.32693585517432006,0.2770034843205575,0.8368421052631579,0.4162303664921466
44,logreg_smote,0.3280931871965163,0.2774869109947644,0.8368421052631579,0.41677588466579296
44,logreg_smote,0.3313528887589533,0.27797202797202797,0.8368421052631579,0.41732283464566927
44,logreg_smote,0.33202761377155693,0.27845884413309985,0.8368421052631579,0.4178712220762156
44,logreg_smote,0.33271441443788297,0.2789473684210526,0.8368421052631579,0.41842105263157897
44,logreg_smote,0.3328387577075264,0.27943760984182775,0.8368421052631579,0.41897233201581024
44,logreg_smote,0.3335706731778096,0.27992957746478875,0.8368421052631579,0.4195250659630608
44,logreg_smote,0.33394644100402104,0.2804232804232804,0.8368421052631579,0.42007926023778075
44,logreg_smote,0.33409568619997787,0.28091872791519434,0.8368421052631579,0.4206349206349207
44,logreg_smote,0.33465992575587616,0.2814159292035398,0.8368421052631579,0.42119205298013246
44,logreg_smote,0.33609782448536957,0.28191489361702127,0.8368421052631579,0.42175066312997345
44,logreg_smote,0.336856719787833,0.2824156305506217,0.8368421052631579,0.4223107569721116
44,logreg_smote,0.33726487766248375,0.28291814946619215,0.8368421052631579,0.4228723404255319
44,logreg_smote,0.338832265607942,0.28342245989304815,0.8368421052631579,0.42343541944074575
44,logreg_smote,0.3389283579582453,0.2839285714285714,0.8368421052631579,0.424
44,logreg_smote,0.339806184475475,0.2844364937388193,0.8368421052631579,0.42456608811749
44,logreg_smote,0.34067770988680685,0.2849462365591398,0.8368421052631579,0.4251336898395722
44,logreg_smote,0.34222448735753913,0.2836624775583483,0.8315789473684211,0.42302543507362783
44,logreg_smote,0.34304220551645787,0.2841726618705036,0.8315789473684211,0.4235924932975872
44,logreg_smote,0.3448922664558067,0.28468468468468466,0.8315789473684211,0.4241610738255033
44,logreg_smote,0.34527872904174967,0.2851985559566787,0.8315789473684211,0.42473118279569894
44,logreg_smote,0.34553075330503424,0.2857142857142857,0.8315789473684211,0.4253028263795424
44,logreg_smote,0.34557660755060454,0.286231884057971,0.8315789473684211,0.42587601078167114
44,logreg_smote,0.3457191229751479,0.2867513611615245,0.8315789473684211,0.4264507422402159
44,logreg_smote,0.34622782966333127,0.2872727272727273,0.8315789473684211,0.42702702702702705
44,logreg_smote,0.34633727545546905,0.2877959927140255,0.8315789473684211,0.42760487144790255
44,logreg_smote,0.3476282456355194,0.28832116788321166,0.8315789473684211,0.42818428184281837
44,logreg_smote,0.34812971075725146,0.2870201096892139,0.8263157894736842,0.4260515603799186
44,logreg_smote,0.3509459707446761,0.2875457875457875,0.8263157894736842,0.42663043478260865
44,logreg_smote,0.3514060156381612,0.28807339449541286,0.8263157894736842,0.4272108843537415
44,logreg_smote,0.35191224784696734,0.28860294117647056,0.8263157894736842,0.4277929155313351
44,logreg_smote,0.3528573852131735,0.289134438305709,0.8263157894736842,0.42837653478854026
44,logreg_smote,0.35306778623925444,0.2878228782287823,0.8210526315789474,0.4262295081967213
44,logreg_smote,0.35512100044761025,0.28835489833641403,0.8210526315789474,0.42681258549931594
44,logreg_smote,0.35591208115628437,0.28888888888888886,0.8210526315789474,0.42739726027397257
44,logreg_smote,0.35731031486762366,0.2894248608534323,0.8210526315789474,0.4279835390946502
44,logreg_smote,0.3580093009325493,0.2899628252788104,0.8210526315789474,0.4285714285714286
44,logreg_smote,0.36102999006658854,0.2905027932960894,0.8210526315789474,0.42916093535075656
44,logreg_smote,0.36122540258633346,0.291044776119403,0.8210526315789474,0.42975206611570255
44,logreg_smote,0.36158399872996355,0.29158878504672897,0.8210526315789474,0.4303448275862069
44,logreg_smote,0.3621170905465186,0.29213483146067415,0.8210526315789474,0.430939226519337
44,logreg_smote,0.3623513900220225,0.2926829268292683,0.8210526315789474,0.4315352697095436
44,logreg_smote,0.36259208178085955,0.2932330827067669,0.8210526315789474,0.43213296398891965
44,logreg_smote,0.3651835604390439,0.2937853107344633,0.8210526315789474,0.4327323162274619
44,logreg_smote,0.36578132931006496,0.2943396226415094,0.8210526315789474,0.4333333333333333
44,logreg_smote,0.36729431759807235,0.2948960302457467,0.8210526315789474,0.4339360222531293
44,logreg_smote,0.3689633998902292,0.29545454545454547,0.8210526315789474,0.43454038997214484
44,logreg_smote,0.36920181448609046,0.29601518026565465,0.8210526315789474,0.4351464435146444
44,logreg_smote,0.3696175182940454,0.2965779467680608,0.8210526315789474,0.43575418994413406
44,logreg_smote,0.37144130714404355,0.29714285714285715,0.8210526315789474,0.4363636363636364
44,logreg_smote,0.3740436742283665,0.29770992366412213,0.8210526315789474,0.4369747899159664
44,logreg_smote,0.376278842913341,0.2982791586998088,0.8210526315789474,0.43758765778401126
44,logreg_smote,0.3769701771888581,0.29693486590038315,0.8157894736842105,0.43539325842696636
44,logreg_smote,0.37820682843053055,0.29750479846449135,0.8157894736842105,0.4360056258790436
44,logreg_smote,0.3782874112182516,0.2980769230769231,0.8157894736842105,0.4366197183098592
44,logreg_smote,0.380044902187284,0.29865125240847784,0.8157894736842105,0.4372355430183357
44,logreg_smote,0.38046296745211367,0.29922779922779924,0.8157894736842105,0.43785310734463273
44,logreg_smote,0.3813312650541653,0.29980657640232106,0.8157894736842105,0.4384724186704384
44,logreg_smote,0.38215058969456633,0.3003875968992248,0.8157894736842105,0.43909348441926344
44,logreg_smote,0.3839350304600894,0.30097087378640774,0.8157894736842105,0.43971631205673756
44,logreg_smote,0.38500166303355554,0.301556420233463,0.8157894736842105,0.44034090909090906
44,logreg_smote,0.38593981219401036,0.30214424951267055,0.8157894736842105,0.4409672830725462
44,logreg_smote,0.3860861147512704,0.30078125,0.8105263157894737,0.43874643874643876
44,logreg_smote,0.38672208241804884,0.3013698630136986,0.8105263157894737,0.43937232524964337
44,logreg_smote,0.3875655667487638,0.30196078431372547,0.8105263157894737,0.44
44,logreg_smote,0.38917704370680867,0.3025540275049116,0.8105263157894737,0.44062947067238917
44,logreg_smote,0.3902735675057604,0.3031496062992126,0.8105263157894737,0.44126074498567336
44,logreg_smote,0.39163542786131617,0.3037475345167653,0.8105263157894737,0.44189383070301286
44,logreg_smote,0.39197431748483114,0.30434782608695654,0.8105263157894737,0.442528735632184
44,logreg_smote,0.3920114393776898,0.30495049504950494,0.8105263157894737,0.4431654676258993
44,logreg_smote,0.39478990227672905,0.30357142857142855,0.8052631578947368,0.4409221902017291
44,logreg_smote,0.394901181760008,0.30417495029821073,0.8052631578947368,0.4415584415584416
44,logreg_smote,0.39574986889302716,0.3047808764940239,0.8052631578947368,0.4421965317919075
44,logreg_smote,0.395832107913667,0.30538922155688625,0.8052631578947368,0.442836468885673
44,logreg_smote,0.3984721523560131,0.306,0.8052631578947368,0.4434782608695652
44,logreg_smote,0.39984587679295824,0.3066132264529058,0.8052631578947368,0.4441219158200289
44,logreg_smote,0.4002224267456334,0.3072289156626506,0.8052631578947368,0.44476744186046513
44,logreg_smote,0.4049604469592047,0.30784708249496984,0.8052631578947368,0.44541484716157204
44,logreg_smote,0.40593937311088507,0.3064516129032258,0.8,0.44314868804664725
44,logreg_smote,0.40702027385192974,0.30707070707070705,0.8,0.4437956204379562
44,logreg_smote,0.40719596064826086,0.3076923076923077,0.8,0.4444444444444444
44,logreg_smote,0.4085296774687679,0.30831643002028397,0.8,0.44509516837481694
44,logreg_smote,0.4112525550465793,0.3089430894308943,0.8,0.44574780058651037
44,logreg_smote,0.4113779404545295,0.3095723014256619,0.8,0.4464023494860499
44,logreg_smote,0.41159540236831993,0.31020408163265306,0.8,0.4470588235294118
44,logreg_smote,0.41181600837402965,0.310838445807771,0.8,0.44771723122238594
44,logreg_smote,0.41208408634030386,0.3114754098360656,0.8,0.448377581120944
44,logreg_smote,0.4122392044251807,0.31006160164271046,0.7947368421052632,0.4460856720827179
44,logreg_smote,0.4126554575767731,0.31069958847736623,0.7947368421052632,0.44674556213017746
44,logreg_smote,0.41329633732519006,0.311340206185567,0.7947368421052632,0.4474074074074074
44,logreg_smote,0.41364427420379707,0.30991735537190085,0.7894736842105263,0.4451038575667656
44,logreg_smote,0.41425348717251886,0.3105590062111801,0.7894736842105263,0.44576523031203563
44,logreg_smote,0.4146018588646599,0.3112033195020747,0.7894736842105263,0.44642857142857145
44,logreg_smote,0.41500433165881945,0.31185031185031187,0.7894736842105263,0.4470938897168406
44,logreg_smote,0.41598999342466203,0.3125,0.7894736842105263,0.44776119402985076
44,logreg_smote,0.41647370849344495,0.31315240083507306,0.7894736842105263,0.4484304932735426
44,logreg_smote,0.41680130861830333,0.3138075313807531,0.7894736842105263,0.4491017964071856
44,logreg_smote,0.417844966897188,0.31446540880503143,0.7894736842105263,0.4497751124437781
44,logreg_smote,0.4180538770879729,0.31512605042016806,0.7894736842105263,0.45045045045045046
44,logreg_smote,0.41993665429366467,0.3157894736842105,0.7894736842105263,0.4511278195488722
44,logreg_smote,0.42003386039253365,0.31645569620253167,0.7894736842105263,0.4518072289156626
44,logreg_smote,0.4211421994628302,0.3171247357293869,0.7894736842105263,0.45248868778280543
44,logreg_smote,0.4244339421084474,0.3177966101694915,0.7894736842105263,0.4531722054380664
44,logreg_smote,0.4274404113433462,0.3184713375796178,0.7894736842105263,0.45385779122541603
44,logreg_smote,0.4277549399722716,0.3191489361702128,0.7894736842105263,0.4545454545454545
44,logreg_smote,0.42775692600876636,0.31982942430703626,0.7894736842105263,0.4552352048558421
44,logreg_smote,0.4284362166116867,0.32051282051282054,0.7894736842105263,0.45592705167173253
44,logreg_smote,0.43092125209909143,0.32119914346895073,0.7894736842105263,0.45662100456621
44,logreg_smote,0.4325730482644696,0.3218884120171674,0.7894736842105263,0.45731707317073167
44,logreg_smote,0.43432930313821816,0.3225806451612903,0.7894736842105263,0.45801526717557256
44,logreg_smote,0.43439022692191587,0.3232758620689655,0.7894736842105263,0.4587155963302752
44,logreg_smote,0.4351941412196855,0.32397408207343414,0.7894736842105263,0.45941807044410415
44,logreg_smote,0.4371014962821372,0.3246753246753247,0.7894736842105263,0.4601226993865031
44,logreg_smote,0.43845410423650244,0.32537960954446854,0.7894736842105263,0.4608294930875576
44,logreg_smote,0.4387416889314601,0.32608695652173914,0.7894736842105263,0.46153846153846156
44,logreg_smote,0.4390429509540293,0.32679738562091504,0.7894736842105263,0.46224961479198773
44,logreg_smote,0.4416166081659557,0.32751091703056767,0.7894736842105263,0.46296296296296297
44,logreg_smote,0.44292684543469446,0.3282275711159737,0.7894736842105263,0.46367851622874806
44,logreg_smote,0.44359749600915904,0.3267543859649123,0.7842105263157895,0.4613003095975233
44,logreg_smote,0.44433013817976047,0.3274725274725275,0.7842105263157895,0.46201550387596907
44,logreg_smote,0.4476483334264291,0.32819383259911894,0.7842105263157895,0.4627329192546584
44,logreg_smote,0.44926235318600444,0.32891832229580575,0.7842105263157895,0.463452566096423
44,logreg_smote,0.44946273676099213,0.32964601769911506,0.7842105263157895,0.46417445482866043
44,logreg_smote,0.44970153513622024,0.3303769401330377,0.7842105263157895,0.4648985959438378
44,logreg_smote,0.45209713188436323,0.33111111111111113,0.7842105263157895,0.465625
44,logreg_smote,0.45630545491926194,0.33184855233853006,0.7842105263157895,0.4663536776212833
44,logreg_smote,0.4566172321507553,0.3325892857142857,0.7842105263157895,0.4670846394984326
44,logreg_smote,0.45683851801824676,0.3333333333333333,0.7842105263157895,0.46781789638932497
44,logreg_smote,0.45697909943014703,0.33408071748878926,0.7842105263157895,0.4685534591194969
44,logreg_smote,0.45702094142483485,0.3348314606741573,0.7842105263157895,0.46929133858267713
44,logreg_smote,0.45829901560011727,0.3355855855855856,0.7842105263157895,0.470031545741325
44,logreg_smote,0.4588022630411727,0.3363431151241535,0.7842105263157895,0.4707740916271721
44,logreg_smote,0.4613710710754763,0.33710407239819007,0.7842105263157895,0.47151898734177206
44,logreg_smote,0.4615592746164046,0.3378684807256236,0.7842105263157895,0.4722662440570523
44,logreg_smote,0.46217735972042495,0.3386363636363636,0.7842105263157895,0.473015873015873
44,logreg_smote,0.4634148424607578,0.33712984054669703,0.7789473684210526,0.4705882352941177
44,logreg_smote,0.46343282615189285,0.3378995433789954,0.7789473684210526,0.4713375796178343
44,logreg_smote,0.46448890790326774,0.33638443935926776,0.7736842105263158,0.4688995215311004
44,logreg_smote,0.4647014348090627,0.33715596330275227,0.7736842105263158,0.4696485623003194
44,logreg_smote,0.46474788284020196,0.33793103448275863,0.7736842105263158,0.4704
44,logreg_smote,0.46524465603795967,0.33640552995391704,0.7684210526315789,0.46794871794871795
44,logreg_smote,0.46569062803232697,0.3371824480369515,0.7684210526315789,0.46869983948635624
44,logreg_smote,0.4661298675761593,0.33796296296296297,0.7684210526315789,0.46945337620578775
44,logreg_smote,0.4667668899508475,0.33874709976798145,0.7684210526315789,0.4702093397745572
44,logreg_smote,0.46765039734774627,0.3395348837209302,0.7684210526315789,0.47096774193548385
44,logreg_smote,0.467839081601825,0.337995337995338,0.7631578947368421,0.468497576736672
44,logreg_smote,0.4693670510536707,0.338785046728972,0.7631578947368421,0.4692556634304207
44,logreg_smote,0.47011478854028954,0.3395784543325527,0.7631578947368421,0.47001620745542944
44,logreg_smote,0.4702781446466222,0.3403755868544601,0.7631578947368421,0.47077922077922085
44,logreg_smote,0.47110168326482926,0.3411764705882353,0.7631578947368421,0.47154471544715454
44,logreg_smote,0.4714573418996038,0.33962264150943394,0.7578947368421053,0.46905537459283386
44,logreg_smote,0.47198330504057084,0.3404255319148936,0.7578947368421053,0.4698205546492659
44,logreg_smote,0.4721078972126371,0.3412322274881517,0.7578947368421053,0.47058823529411764
44,logreg_smote,0.4729899232142726,0.342042755344418,0.7578947368421053,0.4713584288052373
44,logreg_smote,0.47302543928684626,0.3404761904761905,0.7526315789473684,0.4688524590163935
44,logreg_smote,0.47452032317893117,0.3412887828162291,0.7526315789473684,0.4696223316912972
44,logreg_smote,0.47458693168981214,0.34210526315789475,0.7526315789473684,0.47039473684210525
44,logreg_smote,0.47613919659040843,0.34292565947242204,0.7526315789473684,0.471169686985173
44,logreg_smote,0.4764933110442134,0.34375,0.7526315789473684,0.471947194719472
44,logreg_smote,0.47723190955514455,0.344578313253012,0.7526315789473684,0.47272727272727266
44,logreg_smote,0.47762765982717165,0.34541062801932365,0.7526315789473684,0.4735099337748343
44,logreg_smote,0.4776576842689697,0.34624697336561744,0.7526315789473684,0.4742951907131012
44,logreg_smote,0.47888726882891464,0.3470873786407767,0.7526315789473684,0.4750830564784053
44,logreg_smote,0.479154206859594,0.34793187347931875,0.7526315789473684,0.47587354409317806
44,logreg_smote,0.47951853016776586,0.3463414634146341,0.7473684210526316,0.4733333333333333
44,logreg_smote,0.4797190095969651,0.3471882640586797,0.7473684210526316,0.47412353923205336
44,logreg_smote,0.4800864838392144,0.3480392156862745,0.7473684210526316,0.47491638795986624
44,logreg_smote,0.48157987536032015,0.3488943488943489,0.7473684210526316,0.47571189279731996
44,logreg_smote,0.48246798463480334,0.3497536945812808,0.7473684210526316,0.476510067114094
44,logreg_smote,0.48293037985073006,0.3506172839506173,0.7473684210526316,0.4773109243697479
44,logreg_smote,0.483806557363054,0.35148514851485146,0.7473684210526316,0.47811447811447805
44,logreg_smote,0.48582502950107015,0.34987593052109184,0.7421052631578947,0.4755480607082631
44,logreg_smote,0.4860957875365449,0.35074626865671643,0.7421052631578947,0.47635135135135137
44,logreg_smote,0.4864318865757668,0.3516209476309227,0.7421052631578947,0.4771573604060914
44,logreg_smote,0.4872824733837826,0.3525,0.7421052631578947,0.4779661016949152
44,logreg_smote,0.4876322011576098,0.3533834586466165,0.7421052631578947,0.47877758913412555
44,logreg_smote,0.4882187051358369,0.3542713567839196,0.7421052631578947,0.47959183673469385
44,logreg_smote,0.48841357420109205,0.35516372795969775,0.7421052631578947,0.4804088586030664
44,logreg_smote,0.48876665474146147,0.3560606060606061,0.7421052631578947,0.4812286689419795
44,logreg_smote,0.48948785142242435,0.3569620253164557,0.7421052631578947,0.48205128205128206
44,logreg_smote,0.4905738924079147,0.3553299492385787,0.7368421052631579,0.4794520547945205
44,logreg_smote,0.49119595307000774,0.356234096692112,0.7368421052631579,0.48027444253859347
44,logreg_smote,0.4915680074060005,0.35714285714285715,0.7368421052631579,0.48109965635738833
44,logreg_smote,0.49200347487177004,0.3554987212276215,0.7315789473684211,0.4784853700516351
44,logreg_smote,0.4921436128447343,0.3564102564102564,0.7315789473684211,0.4793103448275862
44,logreg_smote,0.4926950604708988,0.35732647814910024,0.7315789473684211,0.48013816925734026
44,logreg_smote,0.4933384389523946,0.3582474226804124,0.7315789473684211,0.4809688581314878
44,logreg_smote,0.49399794808339376,0.35917312661498707,0.7315789473684211,0.4818024263431542
44,logreg_smote,0.4942356607727811,0.3601036269430052,0.7315789473684211,0.48263888888888895
44,logreg_smote,0.494459110170395,0.36103896103896105,0.7315789473684211,0.4834782608695653
44,logreg_smote,0.4953236710216983,0.3619791666666667,0.7315789473684211,0.4843205574912892
44,logreg_smote,0.4959930677955048,0.3629242819843342,0.7315789473684211,0.4851657940663176
44,logreg_smote,0.49656551764537227,0.36387434554973824,0.7315789473684211,0.4860139860139861
44,logreg_smote,0.4977039098475198,0.3648293963254593,0.7315789473684211,0.48686514886164634
44,logreg_smote,0.49826389651816544,0.36578947368421055,0.7315789473684211,0.487719298245614
44,logreg_smote,0.4989222868708808,0.36675461741424803,0.7315789473684211,0.4885764499121266
44,logreg_smote,0.4991933207649136,0.36772486772486773,0.7315789473684211,0.4894366197183099
44,logreg_smote,0.4994379714547545,0.3687002652519894,0.7315789473684211,0.490299823633157
44,logreg_smote,0.5035648144847,0.3696808510638298,0.7315789473684211,0.49116607773851595
44,logreg_smote,0.5038183840025656,0.37066666666666664,0.7315789473684211,0.49203539823008846
44,logreg_smote,0.5062558184267479,0.3716577540106952,0.7315789473684211,0.4929078014184397
44,logreg_smote,0.5068746231840717,0.3726541554959786,0.7315789473684211,0.4937833037300178
44,logreg_smote,0.5073181637919559,0.3736559139784946,0.7315789473684211,0.49466192170818496
44,logreg_smote,0.5080969635798339,0.3746630727762803,0.7315789473684211,0.4955436720142603
44,logreg_smote,0.5091421026965236,0.37567567567567567,0.7315789473684211,0.4964285714285715
44,logreg_smote,0.5098376815269517,0.37669376693766937,0.7315789473684211,0.49731663685152055
44,logreg_smote,0.511683575019494,0.37771739130434784,0.7315789473684211,0.49820788530465954
44,logreg_smote,0.5122138799945848,0.3787465940054496,0.7315789473684211,0.4991023339317774
44,logreg_smote,0.5134908547138792,0.3770491803278688,0.7263157894736842,0.49640287769784175
44,logreg_smote,0.5139091243522806,0.37534246575342467,0.7210526315789474,0.49369369369369365
44,logreg_smote,0.515259071658806,0.37637362637362637,0.7210526315789474,0.49458483754512633
44,logreg_smote,0.5154005633844203,0.3774104683195592,0.7210526315789474,0.4954792043399639
44,logreg_smote,0.5166773757071481,0.3784530386740331,0.7210526315789474,0.496376811594203
44,logreg_smote,0.5179057878553209,0.37950138504155123,0.7210526315789474,0.4972776769509982
44,logreg_smote,0.520150053768889,0.38055555555555554,0.7210526315789474,0.49818181818181817
44,logreg_smote,0.5209198289377186,0.3788300835654596,0.7157894736842105,0.4954462659380692
44,logreg_smote,0.5210802421729438,0.37988826815642457,0.7157894736842105,0.49635036496350365
44,logreg_smote,0.5211821010991575,0.38095238095238093,0.7157894736842105,0.49725776965265084
44,logreg_smote,0.5212508149257369,0.38202247191011235,0.7157894736842105,0.4981684981684982
44,logreg_smote,0.5219775947064079,0.38309859154929576,0.7157894736842105,0.4990825688073395
44,logreg_smote,0.5236856185831633,0.384180790960452,0.7157894736842105,0.5
44,logreg_smote,0.5238036480048583,0.38243626062322944,0.7105263157894737,0.49723756906077343
44,logreg_smote,0.5242499372478227,0.3835227272727273,0.7105263157894737,0.4981549815498155
44,logreg_smote,0.5248558451301953,0.3817663817663818,0.7052631578947368,0.49537892791127536
44,logreg_smote,0.5249646708311625,0.38285714285714284,0.7052631578947368,0.4962962962962963
44,logreg_smote,0.5262089895420725,0.3839541547277937,0.7052631578947368,0.49721706864564
44,logreg_smote,0.5268158203542153,0.3850574712643678,0.7052631578947368,0.4981412639405205
44,logreg_smote,0.5272770720223501,0.3861671469740634,0.7052631578947368,0.4990689013035381
44,logreg_smote,0.527924988543869,0.3872832369942196,0.7052631578947368,0.5
44,logreg_smote,0.5280143409622506,0.3884057971014493,0.7052631578947368,0.5009345794392523
44,logreg_smote,0.5291229769709109,0.38953488372093026,0.7052631578947368,0.50187265917603
44,logreg_smote,0.5297122454863983,0.39067055393586003,0.7052631578947368,0.50281425891182
44,logreg_smote,0.5329131525624884,0.391812865497076,0.7052631578947368,0.5037593984962405
44,logreg_smote,0.5334880625949195,0.39002932551319647,0.7,0.5009416195856874
44,logreg_smote,0.5356644170159313,0.3911764705882353,0.7,0.5018867924528302
44,logreg_smote,0.5368133499658025,0.39233038348082594,0.7,0.502835538752363
44,logreg_smote,0.5375623855060776,0.39349112426035504,0.7,0.5037878787878788
44,logreg_smote,0.5380101919750025,0.39465875370919884,0.7,0.5047438330170778
44,logreg_smote,0.5380110775016472,0.3958333333333333,0.7,0.5057034220532319
44,logreg_smote,0.5381144672305145,0.3940298507462687,0.6947368421052632,0.5028571428571429
44,logreg_smote,0.5399359397915122,0.39520958083832336,0.6947368421052632,0.5038167938931297
44,logreg_smote,0.5404576046594967,0.3963963963963964,0.6947368421052632,0.5047801147227534
44,logreg_smote,0.5407627904378612,0.39759036144578314,0.6947368421052632,0.5057471264367817
44,logreg_smote,0.5425048212373387,0.3987915407854985,0.6947368421052632,0.5067178502879078
44,logreg_smote,0.5430810556490869,0.4,0.6947368421052632,0.5076923076923078
44,logreg_smote,0.5442863992730909,0.4012158054711246,0.6947368421052632,0.5086705202312138
44,logreg_smote,0.549865937782581,0.4024390243902439,0.6947368421052632,0.5096525096525096
44,logreg_smote,0.5526613938640851,0.4036697247706422,0.6947368421052632,0.5106382978723404
44,logreg_smote,0.5537592936373923,0.4049079754601227,0.6947368421052632,0.5116279069767442
44,logreg_smote,0.5541265626109463,0.40615384615384614,0.6947368421052632,0.512621359223301
44,logreg_smote,0.5559766849400559,0.4074074074074074,0.6947368421052632,0.5136186770428016
44,logreg_smote,0.5560841125757742,0.4086687306501548,0.6947368421052632,0.5146198830409358
44,logreg_smote,0.5569154094667252,0.40683229813664595,0.6894736842105263,0.51171875
44,logreg_smote,0.5572863672232102,0.40498442367601245,0.6842105263157895,0.5088062622309197
44,logreg_smote,0.5576271184813983,0.40625,0.6842105263157895,0.5098039215686275
44,logreg_smote,0.5576641019890887,0.40752351097178685,0.6842105263157895,0.5108055009823183
44,logreg_smote,0.5584192422468532,0.4088050314465409,0.6842105263157895,0.5118110236220472
44,logreg_smote,0.5587078560536897,0.4069400630914827,0.6789473684210526,0.5088757396449705
44,logreg_smote,0.5591551331081461,0.40822784810126583,0.6789473684210526,0.5098814229249011
44,logreg_smote,0.5594830109346138,0.4095238095238095,0.6789473684210526,0.5108910891089109
44,logreg_smote,0.5597897984910367,0.410828025477707,0.6789473684210526,0.5119047619047619
44,logreg_smote,0.5626943974953078,0.40894568690095845,0.6736842105263158,0.5089463220675945
44,logreg_smote,0.5653287094092053,0.40705128205128205,0.6684210526315789,0.5059760956175299
44,logreg_smote,0.5658963975665158,0.40514469453376206,0.6631578947368421,0.5029940119760479
44,logreg_smote,0.5664977850628178,0.4064516129032258,0.6631578947368421,0.504
44,logreg_smote,0.5704801209208197,0.4077669902912621,0.6631578947368421,0.5050100200400802
44,logreg_smote,0.5710020000515967,0.40584415584415584,0.6578947368421053,0.5020080321285141
44,logreg_smote,0.5715592378742611,0.40390879478827363,0.6526315789473685,0.49899396378269617
44,logreg_smote,0.571896834512021,0.40522875816993464,0.6526315789473685,0.5
44,logreg_smote,0.5735363166681513,0.4065573770491803,0.6526315789473685,0.501010101010101
44,logreg_smote,0.57414194343085,0.40789473684210525,0.6526315789473685,0.5020242914979757
44,logreg_smote,0.5757168432095339,0.40924092409240925,0.6526315789473685,0.5030425963488844
44,logreg_smote,0.5760217579441343,0.4105960264900662,0.6526315789473685,0.5040650406504065
44,logreg_smote,0.5763247717669984,0.4119601328903654,0.6526315789473685,0.505091649694501
44,logreg_smote,0.5768890387675031,0.41333333333333333,0.6526315789473685,0.5061224489795919
44,logreg_smote,0.577974336972716,0.41471571906354515,0.6526315789473685,0.507157464212679
44,logreg_smote,0.5785324127463504,0.4161073825503356,0.6526315789473685,0.5081967213114754
44,logreg_smote,0.578871124731595,0.4175084175084175,0.6526315789473685,0.5092402464065708
44,logreg_smote,0.5796289768020938,0.4189189189189189,0.6526315789473685,0.5102880658436214
44,logreg_smote,0.5808345185561891,0.42033898305084744,0.6526315789473685,0.511340206185567
44,logreg_smote,0.5812667544724653,0.4217687074829932,0.6526315789473685,0.512396694214876
44,logreg_smote,0.5816626088310688,0.4197952218430034,0.6473684210526316,0.5093167701863354
44,logreg_smote,0.5826902263059882,0.4178082191780822,0.6421052631578947,0.5062240663900416
44,logreg_smote,0.582891287347367,0.41580756013745707,0.6368421052631579,0.5031185031185031
44,logreg_smote,0.5837502778345902,0.41724137931034483,0.6368421052631579,0.5041666666666667
44,logreg_smote,0.584174917220424,0.4186851211072664,0.6368421052631579,0.5052192066805845
44,logreg_smote,0.5850376802453913,0.4201388888888889,0.6368421052631579,0.5062761506276151
44,logreg_smote,0.58562816690621,0.42160278745644597,0.6368421052631579,0.5073375262054507
44,logreg_smote,0.5864141640501871,0.4230769230769231,0.6368421052631579,0.5084033613445378
44,logreg_smote,0.5893475123620193,0.4245614035087719,0.6368421052631579,0.5094736842105263
44,logreg_smote,0.59154155038003,0.4225352112676056,0.631578947368421,0.5063291139240506
44,logreg_smote,0.5922946863813532,0.42402826855123676,0.631578947368421,0.507399577167019
44,logreg_smote,0.5938015622485711,0.425531914893617,0.631578947368421,0.5084745762711865
44,logreg_smote,0.5939797045681082,0.42704626334519574,0.631578947368421,0.5095541401273886
44,logreg_smote,0.5946038552683531,0.42857142857142855,0.631578947368421,0.5106382978723404
44,logreg_smote,0.5980884539111239,0.43010752688172044,0.631578947368421,0.511727078891258
44,logreg_smote,0.6009712101261415,0.4316546762589928,0.631578947368421,0.5128205128205128
44,logreg_smote,0.6022774920959422,0.4332129963898917,0.631578947368421,0.5139186295503212
44,logreg_smote,0.60257558055007,0.43478260869565216,0.631578947368421,0.5150214592274679
44,logreg_smote,0.6048163258167458,0.43636363636363634,0.631578947368421,0.5161290322580645
44,logreg_smote,0.6051842985943586,0.43795620437956206,0.631578947368421,0.5172413793103448
44,logreg_smote,0.6064213767696562,0.43956043956043955,0.631578947368421,0.5183585313174945
44,logreg_smote,0.6070340772554677,0.4411764705882353,0.631578947368421,0.5194805194805195
44,logreg_smote,0.607738476322983,0.44280442804428044,0.631578947368421,0.5206073752711498
44,logreg_smote,0.6081540594060673,0.4444444444444444,0.631578947368421,0.5217391304347826
44,logreg_smote,0.6083198117603189,0.44609665427509293,0.631578947368421,0.5228758169934641
44,logreg_smote,0.6108507493769945,0.44402985074626866,0.6263157894736842,0.519650655021834
44,logreg_smote,0.6112225102242647,0.4419475655430712,0.6210526315789474,0.5164113785557988
44,logreg_smote,0.6112746715756521,0.44360902255639095,0.6210526315789474,0.5175438596491229
44,logreg_smote,0.6187077749438273,0.44528301886792454,0.6210526315789474,0.5186813186813187
44,logreg_smote,0.6187259249376049,0.44696969696969696,0.6210526315789474,0.5198237885462555
44,logreg_smote,0.6214980624663139,0.44866920152091255,0.6210526315789474,0.5209713024282561
44,logreg_smote,0.6226274280338049,0.45038167938931295,0.6210526315789474,0.5221238938053097
44,logreg_smote,0.6233132842721003,0.4521072796934866,0.6210526315789474,0.5232815964523282
44,logreg_smote,0.6240295227359025,0.45384615384615384,0.6210526315789474,0.5244444444444444
44,logreg_smote,0.625302254596416,0.4517374517374517,0.6157894736842106,0.5211581291759465
44,logreg_smote,0.6256171404058396,0.45348837209302323,0.6157894736842106,0.5223214285714285
44,logreg_smote,0.6273545860374607,0.45525291828793774,0.6157894736842106,0.5234899328859061
44,logreg_smote,0.6277173404484695,0.45703125,0.6157894736842106,0.5246636771300449
44,logreg_smote,0.6277909271590435,0.4549019607843137,0.6105263157894737,0.5213483146067416
44,logreg_smote,0.6280180464099893,0.4566929133858268,0.6105263157894737,0.5225225225225226
44,logreg_smote,0.6283145346352643,0.45849802371541504,0.6105263157894737,0.5237020316027087
44,logreg_smote,0.6286218309900743,0.4603174603174603,0.6105263157894737,0.5248868778280543
44,logreg_smote,0.6309364530246151,0.46215139442231074,0.6105263157894737,0.526077097505669
44,logreg_smote,0.6319622991851185,0.46,0.6052631578947368,0.5227272727272727
44,logreg_smote,0.6335218365719215,0.46184738955823296,0.6052631578947368,0.5239179954441913
44,logreg_smote,0.633739471003764,0.4596774193548387,0.6,0.5205479452054794
44,logreg_smote,0.6350919788718455,0.4574898785425101,0.5947368421052631,0.517162471395881
44,logreg_smote,0.6362190789230031,0.45934959349593496,0.5947368421052631,0.518348623853211
44,logreg_smote,0.6377588157099354,0.46122448979591835,0.5947368421052631,0.5195402298850574
44,logreg_smote,0.6380560273537764,0.46311475409836067,0.5947368421052631,0.5207373271889402
44,logreg_smote,0.6387123895632845,0.4609053497942387,0.5894736842105263,0.5173210161662818
44,logreg_smote,0.6408033642822057,0.45867768595041325,0.5842105263157895,0.5138888888888888
44,logreg_smote,0.6419271222452361,0.4605809128630705,0.5842105263157895,0.5150812064965197
44,logreg_smote,0.6440689070784438,0.4625,0.5842105263157895,0.5162790697674419
44,logreg_smote,0.6441398420738961,0.46443514644351463,0.5842105263157895,0.5174825174825175
44,logreg_smote,0.6483582530247811,0.46638655462184875,0.5842105263157895,0.5186915887850467
44,logreg_smote,0.6488488339552646,0.4641350210970464,0.5789473684210527,0.5152224824355971
44,logreg_smote,0.6493498882883374,0.4661016949152542,0.5789473684210527,0.516431924882629
44,logreg_smote,0.6497688908190379,0.46808510638297873,0.5789473684210527,0.5176470588235293
44,logreg_smote,0.6543272022974608,0.4700854700854701,0.5789473684210527,0.5188679245283019
44,logreg_smote,0.6550853926258131,0.4721030042918455,0.5789473684210527,0.5200945626477542
44,logreg_smote,0.6553307307258883,0.47413793103448276,0.5789473684210527,0.5213270142180095
44,logreg_smote,0.6553989575692313,0.47619047619047616,0.5789473684210527,0.5225653206650831
44,logreg_smote,0.6561036579594751,0.47391304347826085,0.5736842105263158,0.5190476190476191
44,logreg_smote,0.658021419783344,0.4759825327510917,0.5736842105263158,0.5202863961813843
44,logreg_smote,0.6627205084549536,0.47368421052631576,0.5684210526315789,0.5167464114832535
44,logreg_smote,0.6629563266524696,0.47577092511013214,0.5684210526315789,0.5179856115107914
44,logreg_smote,0.6631112678528962,0.4778761061946903,0.5684210526315789,0.5192307692307693
44,logreg_smote,0.6644100563325214,0.48,0.5684210526315789,0.5204819277108433
44,logreg_smote,0.6684771420235079,0.48214285714285715,0.5684210526315789,0.5217391304347826
44,logreg_smote,0.6690699844015253,0.4798206278026906,0.5631578947368421,0.5181598062953995
44,logreg_smote,0.6691075918900716,0.481981981981982,0.5631578947368421,0.5194174757281553
44,logreg_smote,0.6693586165348963,0.4841628959276018,0.5631578947368421,0.5206812652068127
44,logreg_smote,0.6714092150713216,0.4863636363636364,0.5631578947368421,0.5219512195121951
44,logreg_smote,0.6715854066116559,0.4840182648401826,0.5578947368421052,0.5183374083129584
44,logreg_smote,0.6733984657890889,0.48623853211009177,0.5578947368421052,0.5196078431372549
44,logreg_smote,0.6735789714778325,0.48847926267281105,0.5578947368421052,0.5208845208845209
44,logreg_smote,0.6738287488137522,0.4861111111111111,0.5526315789473685,0.5172413793103449
44,logreg_smote,0.6742225326133024,0.4883720930232558,0.5526315789473685,0.5185185185185185
44,logreg_smote,0.6744115255421063,0.48598130841121495,0.5473684210526316,0.514851485148515
44,logreg_smote,0.6764389149248944,0.48826291079812206,0.5473684210526316,0.5161290322580645
44,logreg_smote,0.6776131326537075,0.49056603773584906,0.5473684210526316,0.5174129353233831
44,logreg_smote,0.678311771570131,0.4928909952606635,0.5473684210526316,0.5187032418952617
44,logreg_smote,0.6802309734856018,0.49523809523809526,0.5473684210526316,0.52
44,logreg_smote,0.6802727409239465,0.49282296650717705,0.5421052631578948,0.5162907268170427
44,logreg_smote,0.6823906577471534,0.49038461538461536,0.5368421052631579,0.5125628140703519
44,logreg_smote,0.6833173364254059,0.4927536231884058,0.5368421052631579,0.5138539042821159
44,logreg_smote,0.683682966767574,0.49514563106796117,0.5368421052631579,0.5151515151515151
44,logreg_smote,0.6846749946630556,0.4926829268292683,0.531578947368421,0.5113924050632911
44,logreg_smote,0.6863853556665562,0.4950980392156863,0.531578947368421,0.5126903553299492
44,logreg_smote,0.686403955308539,0.4975369458128079,0.531578947368421,0.5139949109414759
44,logreg_smote,0.6869876299341579,0.5,0.531578947368421,0.5153061224489796
44,logreg_smote,0.6889297611921704,0.5024875621890548,0.531578947368421,0.516624040920716
44,logreg_smote,0.6924254994976788,0.5,0.5263157894736842,0.5128205128205129
44,logreg_smote,0.6927504994083519,0.5025125628140703,0.5263157894736842,0.5141388174807199
44,logreg_smote,0.6939055962606386,0.5050505050505051,0.5263157894736842,0.5154639175257733
44,logreg_smote,0.6945723204510018,0.5076142131979695,0.5263157894736842,0.5167958656330749
44,logreg_smote,0.6954218838171945,0.5102040816326531,0.5263157894736842,0.5181347150259068
44,logreg_smote,0.6958584984912822,0.5128205128205128,0.5263157894736842,0.5194805194805194
44,logreg_smote,0.6974984874399396,0.5103092783505154,0.5210526315789473,0.5156249999999999
44,logreg_smote,0.6989104327373206,0.5129533678756477,0.5210526315789473,0.5169712793733681
44,logreg_smote,0.700415913457579,0.515625,0.5210526315789473,0.5183246073298429
44,logreg_smote,0.7006546785242538,0.518324607329843,0.5210526315789473,0.5196850393700787
44,logreg_smote,0.7011514718725028,0.5210526315789473,0.5210526315789473,0.5210526315789473
44,logreg_smote,0.7015978276208452,0.5185185185185185,0.5157894736842106,0.5171503957783642
44,logreg_smote,0.7024990952663721,0.5212765957446809,0.5157894736842106,0.5185185185185186
44,logreg_smote,0.7026725634326224,0.5187165775401069,0.5105263157894737,0.5145888594164456
44,logreg_smote,0.7033764592013886,0.5161290322580645,0.5052631578947369,0.5106382978723404
44,logreg_smote,0.7034449813903665,0.518918918918919,0.5052631578947369,0.512
44,logreg_smote,0.7038011617191834,0.5217391304347826,0.5052631578947369,0.5133689839572193
44,logreg_smote,0.7092165756271638,0.5245901639344263,0.5052631578947369,0.5147453083109921
44,logreg_smote,0.7092594456826947,0.5274725274725275,0.5052631578947369,0.5161290322580645
44,logreg_smote,0.7097601147263659,0.5303867403314917,0.5052631578947369,0.5175202156334232
44,logreg_smote,0.7102271318646957,0.5277777777777778,0.5,0.5135135135135136
44,logreg_smote,0.712474665344762,0.5251396648044693,0.49473684210526314,0.5094850948509485
44,logreg_smote,0.7146358341918027,0.5280898876404494,0.49473684210526314,0.5108695652173912
44,logreg_smote,0.7160609667105877,0.5310734463276836,0.49473684210526314,0.5122615803814714
44,logreg_smote,0.7174334806404524,0.5284090909090909,0.48947368421052634,0.5081967213114754
44,logreg_smote,0.7179902778285578,0.5257142857142857,0.4842105263157895,0.5041095890410958
44,logreg_smote,0.718201842893238,0.5287356321839081,0.4842105263157895,0.5054945054945056
44,logreg_smote,0.7189493668564738,0.5260115606936416,0.4789473684210526,0.5013774104683195
44,logreg_smote,0.7208476950154524,0.5232558139534884,0.47368421052631576,0.4972375690607735
44,logreg_smote,0.7284220929503249,0.52046783625731,0.46842105263157896,0.4930747922437673
44,logreg_smote,0.731242138555762,0.5235294117647059,0.46842105263157896,0.49444444444444446
44,logreg_smote,0.7318213449451638,0.5266272189349113,0.46842105263157896,0.4958217270194986
44,logreg_smote,0.7320122455003812,0.5297619047619048,0.46842105263157896,0.4972067039106145
44,logreg_smote,0.7327035891340794,0.5269461077844312,0.4631578947368421,0.49299719887955185
44,logreg_smote,0.7339620536901136,0.5240963855421686,0.45789473684210524,0.4887640449438202
44,logreg_smote,0.7347441693781742,0.5272727272727272,0.45789473684210524,0.4901408450704225
44,logreg_smote,0.7348914020716123,0.5304878048780488,0.45789473684210524,0.4915254237288136
44,logreg_smote,0.7351420811508356,0.5337423312883436,0.45789473684210524,0.49291784702549574
44,logreg_smote,0.7351636787099388,0.5370370370370371,0.45789473684210524,0.4943181818181818
44,logreg_smote,0.7383492211147267,0.5403726708074534,0.45789473684210524,0.49572649572649574
44,logreg_smote,0.7391921883601547,0.5375,0.45263157894736844,0.49142857142857144
44,logreg_smote,0.7403304538369174,0.5408805031446541,0.45263157894736844,0.49283667621776506
44,logreg_smote,0.7416598027248936,0.5443037974683544,0.45263157894736844,0.4942528735632184
44,logreg_smote,0.7418735999385532,0.5477707006369427,0.45263157894736844,0.49567723342939485
44,logreg_smote,0.7464419096278935,0.5512820512820513,0.45263157894736844,0.49710982658959535
44,logreg_smote,0.7466404743375442,0.5548387096774193,0.45263157894736844,0.49855072463768113
44,logreg_smote,0.7478232145256724,0.5584415584415584,0.45263157894736844,0.5
44,logreg_smote,0.749277078143997,0.5620915032679739,0.45263157894736844,0.5014577259475218
44,logreg_smote,0.7493724538993948,0.5592105263157895,0.4473684210526316,0.49707602339181284
44,logreg_smote,0.7512111221326607,0.5629139072847682,0.4473684210526316,0.49853372434017595
44,logreg_smote,0.7520774014571102,0.5666666666666667,0.4473684210526316,0.5
44,logreg_smote,0.7526479282823612,0.5637583892617449,0.4421052631578947,0.4955752212389381
44,logreg_smote,0.7541615365538833,0.5675675675675675,0.4421052631578947,0.4970414201183431
44,logreg_smote,0.7559602405087262,0.5714285714285714,0.4421052631578947,0.49851632047477734
44,logreg_smote,0.756277677634642,0.5684931506849316,0.4368421052631579,0.49404761904761907
44,logreg_smote,0.7564631004482547,0.5724137931034483,0.4368421052631579,0.49552238805970156
44,logreg_smote,0.7567538705159481,0.5763888888888888,0.4368421052631579,0.49700598802395207
44,logreg_smote,0.7573116190436499,0.5734265734265734,0.43157894736842106,0.49249249249249255
44,logreg_smote,0.7590673046335704,0.5774647887323944,0.43157894736842106,0.4939759036144578
44,logreg_smote,0.7593800253143315,0.5815602836879432,0.43157894736842106,0.4954682779456193
44,logreg_smote,0.7616972132197183,0.5857142857142857,0.43157894736842106,0.4969696969696969
44,logreg_smote,0.7621653568722322,0.5827338129496403,0.4263157894736842,0.4924012158054711
44,logreg_smote,0.7622092330784261,0.5869565217391305,0.4263157894736842,0.4939024390243902
44,logreg_smote,0.7655607934719442,0.5912408759124088,0.4263157894736842,0.4954128440366973
44,logreg_smote,0.7665221205284426,0.5955882352941176,0.4263157894736842,0.4969325153374234
44,logreg_smote,0.7688609982213589,0.5925925925925926,0.42105263157894735,0.49230769230769234
44,logreg_smote,0.7700175847067992,0.5895522388059702,0.41578947368421054,0.4876543209876544
44,logreg_smote,0.7703556906918769,0.5939849624060151,0.41578947368421054,0.48916408668730654
44,logreg_smote,0.7711153486852037,0.5984848484848485,0.41578947368421054,0.4906832298136646
44,logreg_smote,0.7730454210368842,0.6030534351145038,0.41578947368421054,0.49221183800623064
44,logreg_smote,0.7731590666086173,0.6076923076923076,0.41578947368421054,0.4937499999999999
44,logreg_smote,0.7736888307530287,0.6046511627906976,0.4105263157894737,0.4890282131661442
44,logreg_smote,0.7761922107424842,0.6015625,0.4052631578947368,0.48427672955974843
44,logreg_smote,0.779109751359751,0.5984251968503937,0.4,0.4794952681388013
44,logreg_smote,0.7795596994032192,0.5952380952380952,0.39473684210526316,0.47468354430379744
44,logreg_smote,0.78452132458148,0.6,0.39473684210526316,0.47619047619047616
44,logreg_smote,0.7851375581649348,0.6048387096774194,0.39473684210526316,0.47770700636942676
44,logreg_smote,0.7858432591836191,0.6097560975609756,0.39473684210526316,0.4792332268370607
44,logreg_smote,0.7869076786337714,0.6147540983606558,0.39473684210526316,0.4807692307692308
44,logreg_smote,0.7882448950860604,0.6115702479338843,0.3894736842105263,0.47588424437299026
44,logreg_smote,0.7885601980044944,0.6166666666666667,0.3894736842105263,0.47741935483870973
44,logreg_smote,0.7895280170844532,0.6134453781512605,0.38421052631578945,0.47249190938511326
44,logreg_smote,0.7907495542053056,0.6186440677966102,0.38421052631578945,0.474025974025974
44,logreg_smote,0.7911087018770679,0.6239316239316239,0.38421052631578945,0.47557003257328984
44,logreg_smote,0.791761415177764,0.6206896551724138,0.37894736842105264,0.4705882352941177
44,logreg_smote,0.7924777437141787,0.6260869565217392,0.37894736842105264,0.4721311475409837
44,logreg_smote,0.7933243467096689,0.6228070175438597,0.3736842105263158,0.46710526315789475
44,logreg_smote,0.7935581829284042,0.6194690265486725,0.3684210526315789,0.46204620462046203
44,logreg_smote,0.7944821664333902,0.625,0.3684210526315789,0.46357615894039733
44,logreg_smote,0.7972833586157373,0.6216216216216216,0.3631578947368421,0.4584717607973422
44,logreg_smote,0.797402605502995,0.6272727272727273,0.3631578947368421,0.46
44,logreg_smote,0.7979628086946383,0.6330275229357798,0.3631578947368421,0.46153846153846156
44,logreg_smote,0.7989346705146472,0.6388888888888888,0.3631578947368421,0.46308724832214765
44,logreg_smote,0.799812537292702,0.6448598130841121,0.3631578947368421,0.46464646464646464
44,logreg_smote,0.8004056844629329,0.6415094339622641,0.35789473684210527,0.4594594594594595
44,logreg_smote,0.8005645780799755,0.6476190476190476,0.35789473684210527,0.4610169491525423
44,logreg_smote,0.8029053979744945,0.6442307692307693,0.3526315789473684,0.4557823129251701
44,logreg_smote,0.8029462652218556,0.6407766990291263,0.3473684210526316,0.45051194539249145
44,logreg_smote,0.8037119524678882,0.6470588235294118,0.3473684210526316,0.4520547945205479
44,logreg_smote,0.8048354625634784,0.6534653465346535,0.3473684210526316,0.4536082474226804
44,logreg_smote,0.8050515446175253,0.66,0.3473684210526316,0.4551724137931034
44,logreg_smote,0.805491022374447,0.6666666666666666,0.3473684210526316,0.45674740484429066
44,logreg_smote,0.8088831284705897,0.6632653061224489,0.34210526315789475,0.4513888888888889
44,logreg_smote,0.809657111098181,0.6597938144329897,0.3368421052631579,0.44599303135888496
44,logreg_smote,0.8135205339859604,0.6666666666666666,0.3368421052631579,0.4475524475524475
44,logreg_smote,0.8145686705968639,0.6736842105263158,0.3368421052631579,0.4491228070175438
44,logreg_smote,0.8180384028776664,0.6808510638297872,0.3368421052631579,0.45070422535211263
44,logreg_smote,0.8195662253307366,0.6774193548387096,0.33157894736842103,0.44522968197879853
44,logreg_smote,0.8199176497685827,0.6847826086956522,0.33157894736842103,0.4468085106382978
44,logreg_smote,0.8204089948382589,0.6813186813186813,0.3263157894736842,0.44128113879003567
44,logreg_smote,0.8211635906716347,0.6777777777777778,0.32105263157894737,0.4357142857142857
44,logreg_smote,0.822084935156115,0.6741573033707865,0.3157894736842105,0.4301075268817204
44,logreg_smote,0.8226475410545993,0.6704545454545454,0.3105263157894737,0.42446043165467623
44,logreg_smote,0.8229817321637074,0.6781609195402298,0.3105263157894737,0.42599277978339345
44,logreg_smote,0.8235072690183013,0.6744186046511628,0.30526315789473685,0.4202898550724638
44,logreg_smote,0.8244182143984035,0.6823529411764706,0.30526315789473685,0.4218181818181818
44,logreg_smote,0.8266556563368513,0.6904761904761905,0.30526315789473685,0.4233576642335766
44,logreg_smote,0.8322148225195369,0.6867469879518072,0.3,0.4175824175824176
44,logreg_smote,0.8346121081208926,0.6829268292682927,0.29473684210526313,0.411764705882353
44,logreg_smote,0.8353587378691064,0.691358024691358,0.29473684210526313,0.41328413284132837
44,logreg_smote,0.8417302578246438,0.6875,0.2894736842105263,0.4074074074074074
44,logreg_smote,0.8433010446177338,0.6835443037974683,0.28421052631578947,0.40148698884758366
44,logreg_smote,0.8457026218046851,0.6794871794871795,0.2789473684210526,0.39552238805970147
44,logreg_smote,0.846433003443668,0.6753246753246753,0.2736842105263158,0.3895131086142323
44,logreg_smote,0.8489482562617421,0.6710526315789473,0.26842105263157895,0.38345864661654133
44,logreg_smote,0.8546540048671875,0.68,0.26842105263157895,0.38490566037735846
44,logreg_smote,0.8553711197363276,0.6891891891891891,0.26842105263157895,0.38636363636363635
44,logreg_smote,0.8559297496188212,0.6986301369863014,0.26842105263157895,0.38783269961977185
44,logreg_smote,0.8597586986896052,0.7083333333333334,0.26842105263157895,0.3893129770992366
44,logreg_smote,0.8608757911718066,0.704225352112676,0.2631578947368421,0.3831417624521073
44,logreg_smote,0.8634438101456939,0.7142857142857143,0.2631578947368421,0.3846153846153846
44,logreg_smote,0.8653425498993508,0.7246376811594203,0.2631578947368421,0.3861003861003861
44,logreg_smote,0.8662860956708409,0.7205882352941176,0.2578947368421053,0.3798449612403101
44,logreg_smote,0.8663574721938732,0.7164179104477612,0.25263157894736843,0.3735408560311284
44,logreg_smote,0.8673772658813832,0.7121212121212122,0.24736842105263157,0.3671875
44,logreg_smote,0.8684089537264945,0.7076923076923077,0.24210526315789474,0.36078431372549025
44,logreg_smote,0.8702153232759611,0.703125,0.23684210526315788,0.3543307086614173
44,logreg_smote,0.8735562889012471,0.6984126984126984,0.23157894736842105,0.34782608695652173
44,logreg_smote,0.8741839700370748,0.7096774193548387,0.23157894736842105,0.3492063492063492
44,logreg_smote,0.876910553203271,0.7213114754098361,0.23157894736842105,0.350597609561753
44,logreg_smote,0.878014463510225,0.7166666666666667,0.22631578947368422,0.34400000000000003
44,logreg_smote,0.8798906510827346,0.7288135593220338,0.22631578947368422,0.3453815261044177
44,logreg_smote,0.880551569640248,0.7241379310344828,0.22105263157894736,0.3387096774193548
44,logreg_smote,0.8805798537316016,0.7192982456140351,0.21578947368421053,0.33198380566801616
44,logreg_smote,0.8808467879652868,0.7321428571428571,0.21578947368421053,0.3333333333333333
44,logreg_smote,0.882038107198459,0.7272727272727273,0.21052631578947367,0.32653061224489793
44,logreg_smote,0.8830162951638771,0.7407407407407407,0.21052631578947367,0.32786885245901637
44,logreg_smote,0.8848829530435279,0.7358490566037735,0.20526315789473684,0.32098765432098764
44,logreg_smote,0.8856952473039924,0.7307692307692307,0.2,0.3140495867768595
44,logreg_smote,0.8859856012443575,0.7254901960784313,0.19473684210526315,0.30705394190871366
44,logreg_smote,0.8870165611151521,0.72,0.18947368421052632,0.3
44,logreg_smote,0.8870780461791842,0.7142857142857143,0.18421052631578946,0.2928870292887029
44,logreg_smote,0.8872338390843154,0.7291666666666666,0.18421052631578946,0.2941176470588235
44,logreg_smote,0.8877322150374333,0.7446808510638298,0.18421052631578946,0.2953586497890295
44,logreg_smote,0.8882495566832193,0.7391304347826086,0.17894736842105263,0.288135593220339
44,logreg_smote,0.8883512369177792,0.7333333333333333,0.1736842105263158,0.28085106382978725
44,logreg_smote,0.8898203792866516,0.7272727272727273,0.16842105263157894,0.27350427350427353
44,logreg_smote,0.9028389360509906,0.7209302325581395,0.1631578947368421,0.26609442060085836
44,logreg_smote,0.9035124726054814,0.7142857142857143,0.15789473684210525,0.25862068965517243
44,logreg_smote,0.9035928244795197,0.7317073170731707,0.15789473684210525,0.2597402597402597
44,logreg_smote,0.9047403600933277,0.725,0.15263157894736842,0.25217391304347825
44,logreg_smote,0.906511906510875,0.717948717948718,0.14736842105263157,0.2445414847161572
44,logreg_smote,0.9068846516643321,0.7368421052631579,0.14736842105263157,0.24561403508771926
44,logreg_smote,0.9089443557492292,0.7297297297297297,0.14210526315789473,0.23788546255506607
44,logreg_smote,0.9091657899339902,0.7222222222222222,0.1368421052631579,0.23008849557522126
44,logreg_smote,0.9097665903794177,0.7428571428571429,0.1368421052631579,0.23111111111111113
44,logreg_smote,0.9101135752879386,0.7647058823529411,0.1368421052631579,0.23214285714285718
44,logreg_smote,0.9119744093674708,0.7575757575757576,0.13157894736842105,0.22421524663677128
44,logreg_smote,0.915790429568635,0.75,0.12631578947368421,0.21621621621621623
44,logreg_smote,0.9184680838323225,0.7419354838709677,0.12105263157894737,0.2081447963800905
44,logreg_smote,0.9212222835459438,0.7333333333333333,0.11578947368421053,0.2
44,logreg_smote,0.9266136685718502,0.7586206896551724,0.11578947368421053,0.2009132420091324
44,logreg_smote,0.9276011869725136,0.75,0.11052631578947368,0.19266055045871558
44,logreg_smote,0.9278854289466385,0.7407407407407407,0.10526315789473684,0.18433179723502305
44,logreg_smote,0.9304733291136715,0.7307692307692307,0.1,0.17592592592592596
44,logreg_smote,0.9333136299478699,0.72,0.09473684210526316,0.16744186046511628
44,logreg_smote,0.9346979928103296,0.7083333333333334,0.08947368421052632,0.15887850467289721
44,logreg_smote,0.9389272456655241,0.7391304347826086,0.08947368421052632,0.1596244131455399
44,logreg_smote,0.9397822701078451,0.7727272727272727,0.08947368421052632,0.16037735849056606
44,logreg_smote,0.9398655086192659,0.7619047619047619,0.08421052631578947,0.15165876777251186
44,logreg_smote,0.9470172481451817,0.75,0.07894736842105263,0.14285714285714285
44,logreg_smote,0.9495186808359269,0.7894736842105263,0.07894736842105263,0.1435406698564593
44,logreg_smote,0.9498499705241727,0.7777777777777778,0.07368421052631578,0.1346153846153846
44,logreg_smote,0.9516706151742367,0.7647058823529411,0.06842105263157895,0.12560386473429952
44,logreg_smote,0.9534239444531636,0.75,0.06315789473684211,0.11650485436893204
44,logreg_smote,0.9539819418899363,0.7333333333333333,0.05789473684210526,0.10731707317073172
44,logreg_smote,0.9545937569560549,0.7857142857142857,0.05789473684210526,0.10784313725490197
44,logreg_smote,0.956263683776443,0.8461538461538461,0.05789473684210526,0.10837438423645321
44,logreg_smote,0.9579376557351604,0.8333333333333334,0.05263157894736842,0.099009900990099
44,logreg_smote,0.9584903364109387,0.9090909090909091,0.05263157894736842,0.09950248756218903
44,logreg_smote,0.9594603407820137,0.9,0.04736842105263158,0.09
44,logreg_smote,0.9623516009452187,0.8888888888888888,0.042105263157894736,0.08040201005025124
44,logreg_smote,0.9629155489937605,0.875,0.03684210526315789,0.0707070707070707
44,logreg_smote,0.9707505570905892,1.0,0.03684210526315789,0.07106598984771574
44,logreg_smote,0.9714858246602991,1.0,0.031578947368421054,0.061224489795918366
44,logreg_smote,0.9774911196497732,1.0,0.02631578947368421,0.05128205128205127
44,logreg_smote,0.978026355321912,1.0,0.021052631578947368,0.041237113402061855
44,logreg_smote,0.9794975525577193,1.0,0.015789473684210527,0.031088082901554404
44,logreg_smote,0.982033810183661,1.0,0.010526315789473684,0.020833333333333332
44,logreg_smote,0.9861444784516988,1.0,0.005263157894736842,0.010471204188481674
44,xgboost_smote,1.596109359525144e-05,0.16156462585034015,1.0,0.2781844802342606
44,xgboost_smote,1.8399096006760374e-05,0.16170212765957448,1.0,0.2783882783882784
44,xgboost_smote,1.8418337276671082e-05,0.16183986371379896,1.0,0.2785923753665689
44,xgboost_smote,1.850705848482903e-05,0.16197783461210571,1.0,0.27879677182685253
44,xgboost_smote,2.243122253275942e-05,0.1621160409556314,1.0,0.2790014684287812
44,xgboost_smote,2.5320790882688016e-05,0.16225448334756618,1.0,0.27920646583394565
44,xgboost_smote,2.6755396902444772e-05,0.1623931623931624,1.0,0.27941176470588236
44,xgboost_smote,2.9560165785369463e-05,0.16253207869974337,1.0,0.27961736571008095
44,xgboost_smote,3.8035836041672155e-05,0.16267123287671234,1.0,0.27982326951399117
44,xgboost_smote,3.847173138638027e-05,0.16281062553556128,1.0,0.2800294767870302
44,xgboost_smote,3.993358404841274e-05,0.16295025728987994,1.0,0.28023598820059
44,xgboost_smote,4.037405233248137e-05,0.1630901287553648,1.0,0.28044280442804426
44,xgboost_smote,4.4163538404973224e-05,0.16323024054982818,1.0,0.28064992614475626
44,xgboost_smote,4.8541704018134624e-05,0.16337059329320722,1.0,0.2808573540280857
44,xgboost_smote,4.933407035423443e-05,0.16351118760757316,1.0,0.28106508875739644
44,xgboost_smote,4.9946575018111616e-05,0.1636520241171404,1.0,0.28127313101406365
44,xgboost_smote,5.034803689341061e-05,0.16379310344827586,1.0,0.2814814814814815
44,xgboost_smote,5.130621502758004e-05,0.16393442622950818,1.0,0.28169014084507044
44,xgboost_smote,5.629920633509755e-05,0.16407599309153714,1.0,0.2818991097922849
44,xgboost_smote,5.812507515656762e-05,0.16421780466724287,1.0,0.28210838901262064
44,xgboost_smote,5.835956835653633e-05,0.1643598615916955,1.0,0.2823179791976226
44,xgboost_smote,5.883588528377004e-05,0.1645021645021645,1.0,0.2825278810408922
44,xgboost_smote,6.810889317421243e-05,0.16464471403812825,1.0,0.28273809523809523
44,xgboost_smote,6.884442700538784e-05,0.1647875108412836,1.0,0.28294862248696945
44,xgboost_smote,7.486878894269466e-05,0.16493055555555555,1.0,0.28315946348733234
44,xgboost_smote,7.708463090239093e-05,0.16507384882710685,1.0,0.2833706189410887
44,xgboost_smote,7.907957478892058e-05,0.16521739130434782,1.0,0.2835820895522388
44,xgboost_smote,7.963609095895663e-05,0.16536118363794605,1.0,0.28379387602688577
44,xgboost_smote,8.011313184397295e-05,0.16550522648083624,1.0,0.28400597907324365
44,xgboost_smote,8.328229159815237e-05,0.16564952048823017,1.0,0.28421839940164545
44,xgboost_smote,8.348784467671067e-05,0.16579406631762653,1.0,0.2844311377245509
44,xgboost_smote,8.563697338104248e-05,0.16593886462882096,1.0,0.28464419475655434
44,xgboost_smote,9.195249731419608e-05,0.1660839160839161,1.0,0.2848575712143928
44,xgboost_smote,9.265877451980487e-05,0.1662292213473316,1.0,0.28507126781695424
44,xgboost_smote,0.000103121688880492,0.16637478108581435,1.0,0.2852852852852853
44,xgboost_smote,0.00010396737343398854,0.16652059596844873,1.0,0.2854996243425995
44,xgboost_smote,0.00010462974023539573,0.16666666666666666,1.0,0.2857142857142857
44,xgboost_smote,0.00010793175169965252,0.16681299385425813,1.0,0.28592927012791575
44,xgboost_smote,0.0001114649057853967,0.16695957820738136,1.0,0.28614457831325296
44,xgboost_smote,0.00011539240222191438,0.16710642040457344,1.0,0.2863602110022608
44,xgboost_smote,0.00011947489838348702,0.16725352112676056,1.0,0.28657616892911014
44,xgboost_smote,0.00012321527174208313,0.16740088105726872,1.0,0.28679245283018867
44,xgboost_smote,0.00012332023470662534,0.1675485008818342,1.0,0.28700906344410876
44,xgboost_smote,0.00012454857642296702,0.1676963812886143,1.0,0.2872260015117158
44,xgboost_smote,0.0001271462970180437,0.16784452296819788,1.0,0.2874432677760968
44,xgboost_smote,0.00013835880963597447,0.16799292661361626,1.0,0.2876608629825889
44,xgboost_smote,0.00013908818073105067,0.168141592920354,1.0,0.2878787878787879
44,xgboost_smote,0.00014115632802713662,0.1682905225863596,1.0,0.2880970432145565
44,xgboost_smote,0.0001411653502145782,0.16843971631205673,1.0,0.28831562974203334
44,xgboost_smote,0.00014679701416753232,0.16858917480035493,1.0,0.2885345482156416
44,xgboost_smote,0.00014728002133779228,0.16873889875666073,1.0,0.2887537993920973
44,xgboost_smote,0.00015209190314635634,0.1688888888888889,1.0,0.2889733840304183
44,xgboost_smote,0.00016054397565312684,0.16903914590747332,1.0,0.289193302891933
44,xgboost_smote,0.000162418931722641,0.16918967052537845,1.0,0.28941355674028946
44,xgboost_smote,0.00016486032109241933,0.16934046345811052,1.0,0.2896341463414634
44,xgboost_smote,0.0001667597534833476,0.1694915254237288,1.0,0.2898550724637681
44,xgboost_smote,0.0001674009981798008,0.16964285714285715,1.0,0.2900763358778626
44,xgboost_smote,0.00016790455265436321,0.16979445933869527,1.0,0.2902979373567609
44,xgboost_smote,0.00016815336130093783,0.16994633273703041,1.0,0.29051987767584103
44,xgboost_smote,0.00017012577154673636,0.1700984780662489,1.0,0.2907421576128539
44,xgboost_smote,0.00018400744011159986,0.17025089605734767,1.0,0.29096477794793263
44,xgboost_smote,0.00019623279513325542,0.17040358744394618,1.0,0.2911877394636015
44,xgboost_smote,0.0001991804747376591,0.17055655296229802,1.0,0.29141104294478526
44,xgboost_smote,0.00019987410632893443,0.1707097933513028,1.0,0.2916346891788181
44,xgboost_smote,0.0002031627664109692,0.17086330935251798,1.0,0.29185867895545314
44,xgboost_smote,0.00020497836521826684,0.171017101710171,1.0,0.2920830130668716
44,xgboost_smote,0.00021055855904705822,0.17117117117117117,1.0,0.2923076923076923
44,xgboost_smote,0.00021357208606787026,0.17132551848512173,1.0,0.2925327174749808
44,xgboost_smote,0.00021423246653284878,0.17148014440433212,1.0,0.29275808936825887
44,xgboost_smote,0.00022257927048485726,0.17163504968383017,1.0,0.29298380878951424
44,xgboost_smote,0.00022470112890005112,0.1717902350813743,1.0,0.29320987654320985
44,xgboost_smote,0.00022786702902521938,0.17194570135746606,1.0,0.2934362934362934
44,xgboost_smote,0.00024003678117878735,0.1721014492753623,1.0,0.2936630602782071
44,xgboost_smote,0.00024332539760507643,0.17225747960108795,1.0,0.29389017788089716
44,xgboost_smote,0.00024348299484699965,0.1724137931034483,1.0,0.29411764705882354
44,xgboost_smote,0.00024715697509236634,0.17257039055404177,1.0,0.29434546862896976
44,xgboost_smote,0.0002472305204719305,0.17272727272727273,1.0,0.2945736434108527
44,xgboost_smote,0.00026152670034207404,0.17288444040036396,1.0,0.2948021722265322
44,xgboost_smote,0.00026465789414942265,0.1721311475409836,0.9947368421052631,0.2934782608695652
44,xgboost_smote,0.0002667061344254762,0.1722880583409298,0.9947368421052631,0.2937062937062937
44,xgboost_smote,0.0002687668602447957,0.17244525547445255,0.9947368421052631,0.29393468118195953
44,xgboost_smote,0.0002726709353737533,0.1726027397260274,0.9947368421052631,0.29416342412451363
44,xgboost_smote,0.0002739710034802556,0.17276051188299818,0.9947368421052631,0.29439252336448596
44,xgboost_smote,0.0002807749551720917,0.1729185727355901,0.9947368421052631,0.29462197973499604
44,xgboost_smote,0.00028140260837972164,0.17307692307692307,0.9947368421052631,0.2948517940717628
44,xgboost_smote,0.0002817405911628157,0.17323556370302476,0.9947368421052631,0.29508196721311475
44,xgboost_smote,0.0002932156785391271,0.17339449541284405,0.9947368421052631,0.2953125
44,xgboost_smote,0.00029596558306366205,0.17355371900826447,0.9947368421052631,0.2955433932759969
44,xgboost_smote,0.00029610557248815894,0.17279411764705882,0.9894736842105263,0.29420970266040686
44,xgboost_smote,0.000297318008961156,0.17295308187672492,0.9894736842105263,0.29444009397024273
44,xgboost_smote,0.00029972262564115226,0.1731123388581952,0.9894736842105263,0.29467084639498436
44,xgboost_smote,0.00030733816674910486,0.17327188940092167,0.9894736842105263,0.2949019607843137
44,xgboost_smote,0.0003097207227256149,0.17343173431734318,0.9894736842105263,0.29513343799058084
44,xgboost_smote,0.000317330559482798,0.17359187442289936,0.9894736842105263,0.2953652788688138
44,xgboost_smote,0.00031792468507774174,0.17375231053604437,0.9894736842105263,0.29559748427672955
44,xgboost_smote,0.0003184995730407536,0.17391304347826086,0.9894736842105263,0.2958300550747443
44,xgboost_smote,0.00032069062581285834,0.17314814814814813,0.9842105263157894,0.29448818897637796
44,xgboost_smote,0.00032458960777148604,0.17330861909175163,0.9842105263157894,0.29472025216706066
44,xgboost_smote,0.000334336917148903,0.17346938775510204,0.9842105263157894,0.29495268138801256
44,xgboost_smote,0.00033502132282592356,0.17363045496750232,0.9842105263157894,0.2951854775059195
44,xgboost_smote,0.00034550853888504207,0.1737918215613383,0.9842105263157894,0.29541864139020535
44,xgboost_smote,0.00035023485543206334,0.173953488372093,0.9842105263157894,0.29565217391304344
44,xgboost_smote,0.0003571952984202653,0.17411545623836128,0.9842105263157894,0.2958860759493671
44,xgboost_smote,0.00036163986078463495,0.17427772600186392,0.9842105263157894,0.2961203483768804
44,xgboost_smote,0.0003650110447779298,0.17444029850746268,0.9842105263157894,0.2963549920760697
44,xgboost_smote,0.00036525679752230644,0.1746031746031746,0.9842105263157894,0.29659000793021406
44,xgboost_smote,0.0003660859656520188,0.17476635514018693,0.9842105263157894,0.2968253968253968
44,xgboost_smote,0.00036718344199471176,0.17492984097287184,0.9842105263157894,0.29706115965051627
44,xgboost_smote,0.0003673355677165091,0.1750936329588015,0.9842105263157894,0.29729729729729726
44,xgboost_smote,0.00036799872759729624,0.17525773195876287,0.9842105263157894,0.29753381066030227
44,xgboost_smote,0.0003785260487347841,0.175422138836773,0.9842105263157894,0.29777070063694266
44,xgboost_smote,0.0003819502308033407,0.1755868544600939,0.9842105263157894,0.2980079681274901
44,xgboost_smote,0.00038670800859108567,0.17575187969924813,0.9842105263157894,0.2982456140350877
44,xgboost_smote,0.00039281448698602617,0.17591721542803387,0.9842105263157894,0.29848363926576216
44,xgboost_smote,0.0003973636485170573,0.1760828625235405,0.9842105263157894,0.29872204472843455
44,xgboost_smote,0.0003976163861807436,0.176248821866164,0.9842105263157894,0.29896083133493206
44,xgboost_smote,0.0003997311869170517,0.17641509433962263,0.9842105263157894,0.2992
44,xgboost_smote,0.00040012714453041553,0.17658168083097261,0.9842105263157894,0.29943955164131303
44,xgboost_smote,0.0004039555205963552,0.1767485822306238,0.9842105263157894,0.29967948717948717
44,xgboost_smote,0.0004186216392554343,0.17691579943235572,0.9842105263157894,0.2999198075380914
44,xgboost_smote,0.00041924804099835455,0.17708333333333334,0.9842105263157894,0.30016051364365975
44,xgboost_smote,0.00041971952305175364,0.17725118483412322,0.9842105263157894,0.3004016064257028
44,xgboost_smote,0.0004210198821965605,0.1774193548387097,0.9842105263157894,0.30064308681672025
44,xgboost_smote,0.00042670461698435247,0.17758784425451093,0.9842105263157894,0.3008849557522124
44,xgboost_smote,0.00043012716923840344,0.17775665399239543,0.9842105263157894,0.30112721417069244
44,xgboost_smote,0.0004514307074714452,0.1779257849666984,0.9842105263157894,0.3013698630136986
44,xgboost_smote,0.00045776317710988224,0.17809523809523808,0.9842105263157894,0.3016129032258064
44,xgboost_smote,0.0004643478023353964,0.1782650142993327,0.9842105263157894,0.3018563357546408
44,xgboost_smote,0.0004667368484660983,0.1784351145038168,0.9842105263157894,0.30210016155088854
44,xgboost_smote,0.0004701184807345271,0.17860553963705827,0.9842105263157894,0.30234438156831045
44,xgboost_smote,0.00047107174759730697,0.17877629063097514,0.9842105263157894,0.302588996763754
44,xgboost_smote,0.0004789857193827629,0.17894736842105263,0.9842105263157894,0.30283400809716604
44,xgboost_smote,0.00048105735913850367,0.17911877394636017,0.9842105263157894,0.30307941653160453
44,xgboost_smote,0.0004830041725654155,0.17929050814956854,0.9842105263157894,0.3033252230332522
44,xgboost_smote,0.0004844753129873425,0.17946257197696738,0.9842105263157894,0.30357142857142855
44,xgboost_smote,0.0004896246246062219,0.1786743515850144,0.9789473684210527,0.3021933387489846
44,xgboost_smote,0.000491039885673672,0.17884615384615385,0.9789473684210527,0.30243902439024395
44,xgboost_smote,0.0004937525372952223,0.17901828681424448,0.9789473684210527,0.3026851098454028
44,xgboost_smote,0.0004962459206581116,0.1791907514450867,0.9789473684210527,0.30293159609120524
44,xgboost_smote,0.0005013163900002837,0.17936354869816779,0.9789473684210527,0.3031784841075794
44,xgboost_smote,0.0005091999191790819,0.17857142857142858,0.9736842105263158,0.30179445350734097
44,xgboost_smote,0.0005146379116922617,0.178743961352657,0.9736842105263158,0.30204081632653057
44,xgboost_smote,0.0005169284413568676,0.17891682785299806,0.9736842105263158,0.3022875816993464
44,xgboost_smote,0.0005203905166126788,0.17909002904162633,0.9736842105263158,0.3025347506132461
44,xgboost_smote,0.0005239324527792633,0.17926356589147288,0.9736842105263158,0.3027823240589198
44,xgboost_smote,0.0005314407753758132,0.17943743937924345,0.9736842105263158,0.30303030303030304
44,xgboost_smote,0.0005316869937814772,0.1796116504854369,0.9736842105263158,0.30327868852459017
44,xgboost_smote,0.0005377039196901023,0.17978620019436345,0.9736842105263158,0.30352748154224773
44,xgboost_smote,0.0005413716426119208,0.17996108949416342,0.9736842105263158,0.30377668308702793
44,xgboost_smote,0.0005507816676981747,0.17916260954235638,0.968421052631579,0.30238290879211177
44,xgboost_smote,0.000576710095629096,0.1793372319688109,0.968421052631579,0.3026315789473684
44,xgboost_smote,0.0005875712959095836,0.1795121951219512,0.968421052631579,0.3028806584362139
44,xgboost_smote,0.0005907492595724761,0.1796875,0.968421052631579,0.30313014827018125
44,xgboost_smote,0.0005938343238085508,0.1798631476050831,0.968421052631579,0.30338004946413855
44,xgboost_smote,0.0006024829926900566,0.18003913894324852,0.968421052631579,0.3036303630363036
44,xgboost_smote,0.0006035595433786511,0.1802154750244858,0.968421052631579,0.3038810900082576
44,xgboost_smote,0.0006138184107840061,0.1803921568627451,0.968421052631579,0.3041322314049587
44,xgboost_smote,0.0006140782497823238,0.17958783120706576,0.9631578947368421,0.3027295285359802
44,xgboost_smote,0.0006171729764901102,0.17976424361493124,0.9631578947368421,0.3029801324503311
44,xgboost_smote,0.0006219589849933982,0.17895771878072764,0.9578947368421052,0.3015741507870754
44,xgboost_smote,0.0006229126011021435,0.17913385826771652,0.9578947368421052,0.3018242122719734
44,xgboost_smote,0.000646417960524559,0.1793103448275862,0.9578947368421052,0.3020746887966805
44,xgboost_smote,0.0006486915517598391,0.1794871794871795,0.9578947368421052,0.3023255813953489
44,xgboost_smote,0.0006568768876604736,0.17966436327739388,0.9578947368421052,0.30257689110556946
44,xgboost_smote,0.0006571402191184461,0.17984189723320157,0.9578947368421052,0.30282861896838603
44,xgboost_smote,0.0006615300080738962,0.18001978239366964,0.9578947368421052,0.30308076602830974
44,xgboost_smote,0.0006651451694779098,0.1801980198019802,0.9578947368421052,0.30333333333333334
44,xgboost_smote,0.0006659002974629402,0.18037661050545095,0.9578947368421052,0.30358632193494584
44,xgboost_smote,0.0006892557721585035,0.18055555555555555,0.9578947368421052,0.3038397328881469
44,xgboost_smote,0.0006905825575813651,0.1807348560079444,0.9578947368421052,0.304093567251462
44,xgboost_smote,0.0006914789555594325,0.18091451292246521,0.9578947368421052,0.30434782608695654
44,xgboost_smote,0.000691607769113034,0.18109452736318407,0.9578947368421052,0.30460251046025105
44,xgboost_smote,0.0007031504064798355,0.18127490039840638,0.9578947368421052,0.304857621440536
44,xgboost_smote,0.0007060132338665426,0.1814556331006979,0.9578947368421052,0.30511316010058676
44,xgboost_smote,0.0007112798048183322,0.18163672654690619,0.9578947368421052,0.30536912751677847
44,xgboost_smote,0.000729775580111891,0.18181818181818182,0.9578947368421052,0.3056255247691016
44,xgboost_smote,0.0007392949191853404,0.182,0.9578947368421052,0.30588235294117644
44,xgboost_smote,0.0007448039832524955,0.18218218218218218,0.9578947368421052,0.3061396131202691
44,xgboost_smote,0.0007772790268063545,0.18236472945891782,0.9578947368421052,0.3063973063973064
44,xgboost_smote,0.000781248789280653,0.18254764292878636,0.9578947368421052,0.3066554338668913
44,xgboost_smote,0.0007839551544748247,0.1827309236947791,0.9578947368421052,0.3069139966273187
44,xgboost_smote,0.0007975617772899568,0.1829145728643216,0.9578947368421052,0.3071729957805907
44,xgboost_smote,0.000798626453615725,0.18309859154929578,0.9578947368421052,0.3074324324324324
44,xgboost_smote,0.000802361115347594,0.18328298086606243,0.9578947368421052,0.30769230769230765
44,xgboost_smote,0.0008034372003749013,0.18346774193548387,0.9578947368421052,0.3079526226734349
44,xgboost_smote,0.000806569994892925,0.18365287588294651,0.9578947368421052,0.3082133784928027
44,xgboost_smote,0.0008091689087450504,0.18383838383838383,0.9578947368421052,0.30847457627118646
44,xgboost_smote,0.0008095232769846916,0.18301314459049545,0.9526315789473684,0.30703986429177266
44,xgboost_smote,0.0008146806503646076,0.18319838056680163,0.9526315789473684,0.3073005093378608
44,xgboost_smote,0.0008196285925805569,0.1833839918946302,0.9526315789473684,0.30756159728122345
44,xgboost_smote,0.0008239049348048866,0.18356997971602435,0.9526315789473684,0.3078231292517007
44,xgboost_smote,0.0008259505848400295,0.18375634517766498,0.9526315789473684,0.3080851063829787
44,xgboost_smote,0.0008395214681513608,0.1839430894308943,0.9526315789473684,0.3083475298126065
44,xgboost_smote,0.0008423211984336376,0.18413021363173956,0.9526315789473684,0.3086104006820119
44,xgboost_smote,0.0008432399481534958,0.18431771894093688,0.9526315789473684,0.30887372013651876
44,xgboost_smote,0.0008500973926857114,0.18450560652395515,0.9526315789473684,0.30913748932536295
44,xgboost_smote,0.0008644607150927186,0.1846938775510204,0.9526315789473684,0.30940170940170936
44,xgboost_smote,0.0008719653123989701,0.18488253319713993,0.9526315789473684,0.30966638152266895
44,xgboost_smote,0.0008804707322269678,0.18507157464212678,0.9526315789473684,0.30993150684931503
44,xgboost_smote,0.0008860774687491357,0.18526100307062435,0.9526315789473684,0.31019708654670086
44,xgboost_smote,0.0008894712664186954,0.18545081967213115,0.9526315789473684,0.31046312178387653
44,xgboost_smote,0.000894322874955833,0.18564102564102564,0.9526315789473684,0.3107296137339056
44,xgboost_smote,0.0009016679832711816,0.18480492813141683,0.9473684210526315,0.3092783505154639
44,xgboost_smote,0.0009080854943022132,0.18499486125385406,0.9473684210526315,0.3095442820292348
44,xgboost_smote,0.000911220908164978,0.18518518518518517,0.9473684210526315,0.3098106712564544
44,xgboost_smote,0.0009121620678342879,0.18537590113285274,0.9473684210526315,0.310077519379845
44,xgboost_smote,0.0009187112445943058,0.18556701030927836,0.9473684210526315,0.31034482758620685
44,xgboost_smote,0.0009188224212266505,0.18575851393188855,0.9473684210526315,0.31061259706643657
44,xgboost_smote,0.0009290870511904359,0.1859504132231405,0.9473684210526315,0.31088082901554404
44,xgboost_smote,0.0009383332217112184,0.18614270941054809,0.9473684210526315,0.3111495246326707
44,xgboost_smote,0.0009487180504947901,0.18633540372670807,0.9473684210526315,0.3114186851211072
44,xgboost_smote,0.0009549746755510569,0.18652849740932642,0.9473684210526315,0.3116883116883117
44,xgboost_smote,0.000959638156928122,0.18672199170124482,0.9473684210526315,0.3119584055459272
44,xgboost_smote,0.0009697694913484156,0.18691588785046728,0.9473684210526315,0.31222896790980054
44,xgboost_smote,0.0009789887117221951,0.18607068607068608,0.9421052631578948,0.3107638888888889
44,xgboost_smote,0.000981598743237555,0.186264308012487,0.9421052631578948,0.3110338835794961
44,xgboost_smote,0.0009887198684737086,0.18645833333333334,0.9421052631578948,0.31130434782608696
44,xgboost_smote,0.0009919324656948447,0.18665276329509906,0.9421052631578948,0.3115752828546562
44,xgboost_smote,0.0009971832623705268,0.18684759916492694,0.9421052631578948,0.3118466898954704
44,xgboost_smote,0.0010024106595665216,0.18704284221525602,0.9421052631578948,0.3121185701830863
44,xgboost_smote,0.0010042599169537425,0.18723849372384938,0.9421052631578948,0.31239092495637
44,xgboost_smote,0.0010107028065249324,0.187434554973822,0.9421052631578948,0.31266375545851527
44,xgboost_smote,0.0010265180608257651,0.18763102725366876,0.9421052631578948,0.31293706293706297
44,xgboost_smote,0.0010295381071045995,0.18782791185729275,0.9421052631578948,0.3132108486439195
44,xgboost_smote,0.0010307285701856017,0.1880252100840336,0.9421052631578948,0.3134851138353765
44,xgboost_smote,0.0010391570394858718,0.1882229232386961,0.9421052631578948,0.3137598597721297
44,xgboost_smote,0.0010400202590972185,0.18842105263157893,0.9421052631578948,0.31403508771929817
44,xgboost_smote,0.00105722201988101,0.18756585879873552,0.9368421052631579,0.3125548726953468
44,xgboost_smote,0.0010642096167430282,0.1877637130801688,0.9368421052631579,0.31282952548330406
44,xgboost_smote,0.0010736658005043864,0.18796198521647306,0.9368421052631579,0.3131046613896218
44,xgboost_smote,0.0010796223068609834,0.18816067653276955,0.9368421052631579,0.31338028169014087
44,xgboost_smote,0.001087156473658979,0.18835978835978837,0.9368421052631579,0.31365638766519827
44,xgboost_smote,0.0011007079156115651,0.1885593220338983,0.9368421052631579,0.31393298059964725
44,xgboost_smote,0.0011279021855443716,0.18875927889713678,0.9368421052631579,0.31421006178287725
44,xgboost_smote,0.001129921874962747,0.18789808917197454,0.9315789473684211,0.3127208480565371
44,xgboost_smote,0.0011304515646770597,0.18809776833156217,0.9315789473684211,0.3129973474801061
44,xgboost_smote,0.0011358123738318682,0.18829787234042553,0.9315789473684211,0.3132743362831858
44,xgboost_smote,0.0011367893312126398,0.18849840255591055,0.9315789473684211,0.31355181576616475
44,xgboost_smote,0.0011377702467143536,0.1886993603411514,0.9315789473684211,0.3138297872340426
44,xgboost_smote,0.0011583041632547975,0.18890074706510138,0.9315789473684211,0.31410825199645076
44,xgboost_smote,0.0011666789650917053,0.1891025641025641,0.9315789473684211,0.31438721136767317
44,xgboost_smote,0.0011715329019352794,0.1893048128342246,0.9315789473684211,0.31466666666666665
44,xgboost_smote,0.0011785720707848668,0.18950749464668093,0.9315789473684211,0.3149466192170819
44,xgboost_smote,0.0011802786029875278,0.18971061093247588,0.9315789473684211,0.31522707034728403
44,xgboost_smote,0.0011818716302514076,0.18991416309012876,0.9315789473684211,0.3155080213903743
44,xgboost_smote,0.0011838986538350582,0.19011815252416756,0.9315789473684211,0.3157894736842105
44,xgboost_smote,0.0011877532815560699,0.19032258064516128,0.9315789473684211,0.3160714285714285
44,xgboost_smote,0.0011998621048405766,0.19052744886975242,0.9315789473684211,0.3163538873994638
44,xgboost_smote,0.0012206899700686336,0.19073275862068967,0.9315789473684211,0.31663685152057247
44,xgboost_smote,0.0012250837171450257,0.19093851132686085,0.9315789473684211,0.3169203222918532
44,xgboost_smote,0.0012288966681808233,0.1900647948164147,0.9263157894736842,0.3154121863799283
44,xgboost_smote,0.0012302364921197295,0.19027027027027027,0.9263157894736842,0.31569506726457397
44,xgboost_smote,0.001230992958880961,0.19047619047619047,0.9263157894736842,0.31597845601436264
44,xgboost_smote,0.0012347649317234755,0.19068255687973998,0.9263157894736842,0.31626235399820307
44,xgboost_smote,0.001240002689883113,0.19088937093275488,0.9263157894736842,0.3165467625899281
44,xgboost_smote,0.0012509389780461788,0.19109663409337677,0.9263157894736842,0.31683168316831684
44,xgboost_smote,0.0012547319056466222,0.19130434782608696,0.9263157894736842,0.31711711711711715
44,xgboost_smote,0.0012699600774794817,0.191512513601741,0.9263157894736842,0.3174030658250676
44,xgboost_smote,0.0012723803520202637,0.19172113289760348,0.9263157894736842,0.3176895306859206
44,xgboost_smote,0.0012726366985589266,0.19193020719738277,0.9263157894736842,0.3179765130984643
44,xgboost_smote,0.0012862508883699775,0.19104803493449782,0.9210526315789473,0.31645569620253167
44,xgboost_smote,0.0012920880690217018,0.1901639344262295,0.9157894736842105,0.31493212669683257
44,xgboost_smote,0.0013028564862906933,0.19037199124726478,0.9157894736842105,0.31521739130434784
44,xgboost_smote,0.001303848926909268,0.19058050383351588,0.9157894736842105,0.3155031731640979
44,xgboost_smote,0.0013047805987298489,0.19078947368421054,0.9157894736842105,0.3157894736842105
44,xgboost_smote,0.001311108353547752,0.19099890230515917,0.9157894736842105,0.31607629427792916
44,xgboost_smote,0.0013270986964926124,0.1912087912087912,0.9157894736842105,0.31636363636363635
44,xgboost_smote,0.0013273591175675392,0.19141914191419143,0.9157894736842105,0.3166515013648772
44,xgboost_smote,0.0013450818369165063,0.19162995594713655,0.9157894736842105,0.3169398907103825
44,xgboost_smote,0.0013463611248880625,0.1918412348401323,0.9157894736842105,0.31722880583409296
44,xgboost_smote,0.0013469080440700054,0.19205298013245034,0.9157894736842105,0.3175182481751825
44,xgboost_smote,0.0013492100406438112,0.19226519337016573,0.9157894736842105,0.31780821917808216
44,xgboost_smote,0.0013519414933398366,0.19247787610619468,0.9157894736842105,0.3180987202925046
44,xgboost_smote,0.0014081514673307538,0.19269102990033224,0.9157894736842105,0.31838975297346755
44,xgboost_smote,0.001423181383870542,0.19290465631929046,0.9157894736842105,0.31868131868131866
44,xgboost_smote,0.001426428440026939,0.19311875693673697,0.9157894736842105,0.31897341888175984
44,xgboost_smote,0.0014287919038906693,0.19333333333333333,0.9157894736842105,0.3192660550458715
44,xgboost_smote,0.0014455898199230433,0.1935483870967742,0.9157894736842105,0.3195592286501377
44,xgboost_smote,0.0014622032176703215,0.19376391982182628,0.9157894736842105,0.3198529411764706
44,xgboost_smote,0.0014734917785972357,0.1939799331103679,0.9157894736842105,0.3201471941122355
44,xgboost_smote,0.0014790348941460252,0.19308035714285715,0.9105263157894737,0.31860036832412525
44,xgboost_smote,0.0014794166199862957,0.19329608938547485,0.9105263157894737,0.3188940092165899
44,xgboost_smote,0.0014887056313455105,0.1935123042505593,0.9105263157894737,0.3191881918819188
44,xgboost_smote,0.0015109601663425565,0.1937290033594625,0.9105263157894737,0.319482917820868
44,xgboost_smote,0.0015182853676378727,0.19394618834080718,0.9105263157894737,0.3197781885397412
44,xgboost_smote,0.001519054058007896,0.1941638608305275,0.9105263157894737,0.32007400555041626
44,xgboost_smote,0.0015339376404881477,0.1943820224719101,0.9105263157894737,0.3203703703703704
44,xgboost_smote,0.0015463930321857333,0.19460067491563554,0.9105263157894737,0.32066728452270615
44,xgboost_smote,0.0015499488217756152,0.19481981981981983,0.9105263157894737,0.3209647495361781
44,xgboost_smote,0.0015541103202849627,0.19503945885005636,0.9105263157894737,0.32126276694521816
44,xgboost_smote,0.0015579225728288293,0.19525959367945825,0.9105263157894737,0.3215613382899628
44,xgboost_smote,0.0015896684490144253,0.19548022598870057,0.9105263157894737,0.3218604651162791
44,xgboost_smote,0.0015932066598907113,0.19570135746606335,0.9105263157894737,0.3221601489757914
44,xgboost_smote,0.0016045108204707503,0.19592298980747452,0.9105263157894737,0.3224603914259087
44,xgboost_smote,0.001608791179023683,0.1961451247165533,0.9105263157894737,0.32276119402985076
44,xgboost_smote,0.0016236092196777463,0.1963677639046538,0.9105263157894737,0.323062558356676
44,xgboost_smote,0.0016314168460667133,0.1965909090909091,0.9105263157894737,0.3233644859813084
44,xgboost_smote,0.0016588135622441769,0.19681456200227532,0.9105263157894737,0.32366697848456505
44,xgboost_smote,0.001675941632129252,0.1970387243735763,0.9105263157894737,0.32397003745318353
44,xgboost_smote,0.0016802065074443817,0.19726339794754846,0.9105263157894737,0.32427366447985
44,xgboost_smote,0.0016843355260789394,0.19748858447488585,0.9105263157894737,0.324577861163227
44,xgboost_smote,0.001689907512627542,0.1977142857142857,0.9105263157894737,0.32488262910798127
44,xgboost_smote,0.0017035867786034942,0.19794050343249428,0.9105263157894737,0.3251879699248121
44,xgboost_smote,0.0017624282045289874,0.1981672394043528,0.9105263157894737,0.32549388523047973
44,xgboost_smote,0.001767458743415773,0.19839449541284404,0.9105263157894737,0.32580037664783434
44,xgboost_smote,0.0017891362076625228,0.19862227324913892,0.9105263157894737,0.32610744580584355
44,xgboost_smote,0.0017991209169849753,0.19885057471264367,0.9105263157894737,0.3264150943396226
44,xgboost_smote,0.0018029226921498775,0.19907940161104717,0.9105263157894737,0.32672332389046266
44,xgboost_smote,0.0018078930443152785,0.19930875576036866,0.9105263157894737,0.3270321361058601
44,xgboost_smote,0.001812969334423542,0.19953863898500576,0.9105263157894737,0.3273415326395459
44,xgboost_smote,0.0018237655749544501,0.1997690531177829,0.9105263157894737,0.32765151515151514
44,xgboost_smote,0.00182514195330441,0.2,0.9105263157894737,0.32796208530805687
44,xgboost_smote,0.0018271105363965034,0.20023148148148148,0.9105263157894737,0.3282732447817837
44,xgboost_smote,0.0018560835160315037,0.20046349942062572,0.9105263157894737,0.32858499525166196
44,xgboost_smote,0.0018644557567313313,0.20069605568445475,0.9105263157894737,0.32889733840304186
44,xgboost_smote,0.0018675783649086952,0.20092915214866433,0.9105263157894737,0.3292102759276879
44,xgboost_smote,0.001880727126263082,0.20116279069767443,0.9105263157894737,0.32952380952380955
44,xgboost_smote,0.001899559865705669,0.20139697322467986,0.9105263157894737,0.3298379408960916
44,xgboost_smote,0.001905506243929267,0.20163170163170163,0.9105263157894737,0.3301526717557252
44,xgboost_smote,0.0019057746976613998,0.20186697782963828,0.9105263157894737,0.33046800382043934
44,xgboost_smote,0.0019178878283128142,0.20210280373831777,0.9105263157894737,0.33078393881453155
44,xgboost_smote,0.0019289680058136582,0.2023391812865497,0.9105263157894737,0.3311004784688995
44,xgboost_smote,0.0019524483941495419,0.202576112412178,0.9105263157894737,0.3314176245210728
44,xgboost_smote,0.0019530849531292915,0.20281359906213364,0.9105263157894737,0.3317353787152445
44,xgboost_smote,0.0019684601575136185,0.20305164319248825,0.9105263157894737,0.3320537428023032
44,xgboost_smote,0.0019731102511286736,0.20329024676850763,0.9105263157894737,0.3323727185398655
44,xgboost_smote,0.001974416896700859,0.20352941176470588,0.9105263157894737,0.33269230769230773
44,xgboost_smote,0.001982426270842552,0.2037691401648999,0.9105263157894737,0.3330125120307989
44,xgboost_smote,0.0020837837364524603,0.20400943396226415,0.9105263157894737,0.33333333333333337
44,xgboost_smote,0.00208537676371634,0.20425029515938606,0.9105263157894737,0.33365477338476374
44,xgboost_smote,0.0021236613392829895,0.2044917257683215,0.9105263157894737,0.333976833976834
44,xgboost_smote,0.0021413839422166348,0.20473372781065088,0.9105263157894737,0.3342995169082126
44,xgboost_smote,0.0021520662121474743,0.20497630331753555,0.9105263157894737,0.33462282398452614
44,xgboost_smote,0.002159345429390669,0.2040332147093713,0.9052631578947369,0.3330106485963214
44,xgboost_smote,0.002184584503993392,0.2042755344418052,0.9052631578947369,0.33333333333333337
44,xgboost_smote,0.002190967556089163,0.20451843043995244,0.9052631578947369,0.33365664403491757
44,xgboost_smote,0.002194273518398404,0.20476190476190476,0.9052631578947369,0.3339805825242718
44,xgboost_smote,0.002223558258265257,0.20500595947556616,0.9052631578947369,0.33430515063168126
44,xgboost_smote,0.0022305715829133987,0.2052505966587112,0.9052631578947369,0.33463035019455256
44,xgboost_smote,0.002241627313196659,0.2054958183990442,0.9052631578947369,0.3349561830574489
44,xgboost_smote,0.0022575228940695524,0.20574162679425836,0.9052631578947369,0.3352826510721248
44,xgboost_smote,0.0022598847281187773,0.2059880239520958,0.9052631578947369,0.335609756097561
44,xgboost_smote,0.0022830029483884573,0.20623501199040767,0.9052631578947369,0.3359375
44,xgboost_smote,0.0022937864996492863,0.2064825930372149,0.9052631578947369,0.3362658846529814
44,xgboost_smote,0.002313775010406971,0.20673076923076922,0.9052631578947369,0.33659491193737767
44,xgboost_smote,0.0023153519723564386,0.2069795427196149,0.9052631578947369,0.33692458374143
44,xgboost_smote,0.0023173862136900425,0.20722891566265061,0.9052631578947369,0.3372549019607843
44,xgboost_smote,0.0023332603741437197,0.2074788902291918,0.9052631578947369,0.33758586849852795
44,xgboost_smote,0.0023351525887846947,0.20772946859903382,0.9052631578947369,0.33791748526522597
44,xgboost_smote,0.002338194055482745,0.2079806529625151,0.9052631578947369,0.3382497541789577
44,xgboost_smote,0.002346026711165905,0.20823244552058112,0.9052631578947369,0.3385826771653543
44,xgboost_smote,0.0023709938395768404,0.2084848484848485,0.9052631578947369,0.33891625615763543
44,xgboost_smote,0.00240426161326468,0.2087378640776699,0.9052631578947369,0.33925049309664695
44,xgboost_smote,0.0024211914278566837,0.20899149453219928,0.9052631578947369,0.3395853899308984
44,xgboost_smote,0.00242654699832201,0.20924574209245742,0.9052631578947369,0.33992094861660077
44,xgboost_smote,0.002442535012960434,0.2095006090133983,0.9052631578947369,0.3402571711177052
44,xgboost_smote,0.0024431694764643908,0.2097560975609756,0.9052631578947369,0.34059405940594056
44,xgboost_smote,0.0024444900918751955,0.21001221001221002,0.9052631578947369,0.3409316154608523
44,xgboost_smote,0.002466686302796006,0.21026894865525672,0.9052631578947369,0.3412698412698412
44,xgboost_smote,0.002471619052812457,0.21052631578947367,0.9052631578947369,0.34160873882820264
44,xgboost_smote,0.0024816887453198433,0.2107843137254902,0.9052631578947369,0.341948310139165
44,xgboost_smote,0.0024877400137484074,0.21104294478527608,0.9052631578947369,0.3422885572139303
44,xgboost_smote,0.002489053877070546,0.2113022113022113,0.9052631578947369,0.3426294820717132
44,xgboost_smote,0.0024980250746011734,0.2115621156211562,0.9052631578947369,0.34297108673978066
44,xgboost_smote,0.0024991468526422977,0.21182266009852216,0.9052631578947369,0.343313373253493
44,xgboost_smote,0.0026115046348422766,0.2120838471023428,0.9052631578947369,0.3436563436563437
44,xgboost_smote,0.0026807638350874186,0.2123456790123457,0.9052631578947369,0.34400000000000003
44,xgboost_smote,0.0027097512502223253,0.2126081582200247,0.9052631578947369,0.34434434434434436
44,xgboost_smote,0.0027127719949930906,0.21287128712871287,0.9052631578947369,0.344689378757515
44,xgboost_smote,0.0027316163759678602,0.21313506815365552,0.9052631578947369,0.34503510531594783
44,xgboost_smote,0.002735635731369257,0.21339950372208435,0.9052631578947369,0.3453815261044177
44,xgboost_smote,0.002786117373034358,0.21366459627329193,0.9052631578947369,0.34572864321608043
44,xgboost_smote,0.002807739656418562,0.21393034825870647,0.9052631578947369,0.34607645875251514
44,xgboost_smote,0.002830554498359561,0.21419676214196762,0.9052631578947369,0.34642497482376633
44,xgboost_smote,0.002841758308932185,0.2144638403990025,0.9052631578947369,0.34677419354838707
44,xgboost_smote,0.0028451571706682444,0.21473158551810237,0.9052631578947369,0.34712411705348134
44,xgboost_smote,0.002849092474207282,0.215,0.9052631578947369,0.3474747474747475
44,xgboost_smote,0.0028572771698236465,0.21526908635794745,0.9052631578947369,0.34782608695652173
44,xgboost_smote,0.0028643556870520115,0.21553884711779447,0.9052631578947369,0.3481781376518219
44,xgboost_smote,0.0028675375506281853,0.21580928481806774,0.9052631578947369,0.34853090172239104
44,xgboost_smote,0.002878230530768633,0.21608040201005024,0.9052631578947369,0.3488843813387424
44,xgboost_smote,0.0029186445754021406,0.21635220125786164,0.9052631578947369,0.349238578680203
44,xgboost_smote,0.002929645823314786,0.21662468513853905,0.9052631578947369,0.34959349593495936
44,xgboost_smote,0.002933212323114276,0.21689785624211855,0.9052631578947369,0.34994913530010174
44,xgboost_smote,0.0029743381310254335,0.21717171717171718,0.9052631578947369,0.35030549898167007
44,xgboost_smote,0.002979238983243704,0.21744627054361568,0.9052631578947369,0.3506625891946993
44,xgboost_smote,0.0030005646403878927,0.21772151898734177,0.9052631578947369,0.35102040816326535
44,xgboost_smote,0.00300900568254292,0.21799746514575413,0.9052631578947369,0.3513789581205312
44,xgboost_smote,0.0030144965276122093,0.2182741116751269,0.9052631578947369,0.35173824130879344
44,xgboost_smote,0.0030284682288765907,0.21855146124523506,0.9052631578947369,0.3520982599795291
44,xgboost_smote,0.0030478378757834435,0.21882951653944022,0.9052631578947369,0.3524590163934427
44,xgboost_smote,0.0030620701145380735,0.21910828025477708,0.9052631578947369,0.35282051282051285
44,xgboost_smote,0.00309632602147758,0.2193877551020408,0.9052631578947369,0.3531827515400411
44,xgboost_smote,0.0031072930432856083,0.21839080459770116,0.9,0.35149023638232274
44,xgboost_smote,0.003117944812402129,0.2186700767263427,0.9,0.35185185185185186
44,xgboost_smote,0.003168575931340456,0.21895006402048656,0.9,0.3522142121524202
44,xgboost_smote,0.0031874417327344418,0.21923076923076923,0.9,0.3525773195876289
44,xgboost_smote,0.0031944867223501205,0.21951219512195122,0.9,0.3529411764705882
44,xgboost_smote,0.0032001903746277094,0.2185089974293059,0.8947368421052632,0.35123966942148765
44,xgboost_smote,0.0032455839682370424,0.2175032175032175,0.8894736842105263,0.3495346432264736
44,xgboost_smote,0.003247911110520363,0.21778350515463918,0.8894736842105263,0.34989648033126297
44,xgboost_smote,0.003272467525675893,0.21806451612903227,0.8894736842105263,0.35025906735751294
44,xgboost_smote,0.0032783879432827234,0.21834625322997417,0.8894736842105263,0.3506224066390041
44,xgboost_smote,0.0033261848147958517,0.2186287192755498,0.8894736842105263,0.3509865005192108
44,xgboost_smote,0.0033418822567909956,0.2189119170984456,0.8894736842105263,0.35135135135135137
44,xgboost_smote,0.0033594940323382616,0.2191958495460441,0.8894736842105263,0.3517169614984391
44,xgboost_smote,0.0033645029179751873,0.21948051948051947,0.8894736842105263,0.3520833333333333
44,xgboost_smote,0.003391918260604143,0.21846553966189858,0.8842105263157894,0.35036496350364965
44,xgboost_smote,0.0034381120931357145,0.21875,0.8842105263157894,0.3507306889352818
44,xgboost_smote,0.003477371297776699,0.21903520208604954,0.8842105263157894,0.3510971786833855
44,xgboost_smote,0.0034962210338562727,0.2193211488250653,0.8842105263157894,0.3514644351464435
44,xgboost_smote,0.0035064995754510164,0.2196078431372549,0.8842105263157894,0.3518324607329843
44,xgboost_smote,0.0035131522454321384,0.2198952879581152,0.8842105263157894,0.35220125786163525
44,xgboost_smote,0.003538427408784628,0.22018348623853212,0.8842105263157894,0.3525708289611752
44,xgboost_smote,0.003599816234782338,0.2204724409448819,0.8842105263157894,0.35294117647058826
44,xgboost_smote,0.003604380413889885,0.22076215505913271,0.8842105263157894,0.3533123028391167
44,xgboost_smote,0.0036136223934590816,0.22105263157894736,0.8842105263157894,0.3536842105263158
44,xgboost_smote,0.0036227041855454445,0.22134387351778656,0.8842105263157894,0.3540569020021075
44,xgboost_smote,0.0036249978002160788,0.22163588390501318,0.8842105263157894,0.35443037974683544
44,xgboost_smote,0.0036828401498496532,0.22192866578599735,0.8842105263157894,0.35480464625131997
44,xgboost_smote,0.003694760613143444,0.2222222222222222,0.8842105263157894,0.3551797040169133
44,xgboost_smote,0.003699926659464836,0.22251655629139072,0.8842105263157894,0.3555555555555555
44,xgboost_smote,0.0037312025669962168,0.22281167108753316,0.8842105263157894,0.3559322033898305
44,xgboost_smote,0.0037384205497801304,0.22310756972111553,0.8842105263157894,0.3563096500530223
44,xgboost_smote,0.00377663504332304,0.22340425531914893,0.8842105263157894,0.35668789808917195
44,xgboost_smote,0.0038153238128870726,0.2237017310252996,0.8842105263157894,0.357066950053135
44,xgboost_smote,0.003816077718511224,0.224,0.8842105263157894,0.35744680851063826
44,xgboost_smote,0.0038355556316673756,0.22429906542056074,0.8842105263157894,0.3578274760383387
44,xgboost_smote,0.003841191763058305,0.2232620320855615,0.8789473684210526,0.3560767590618337
44,xgboost_smote,0.003873145906254649,0.22356091030789826,0.8789473684210526,0.35645677694770544
44,xgboost_smote,0.003959157038480043,0.22386058981233245,0.8789473684210526,0.3568376068376069
44,xgboost_smote,0.003969235345721245,0.22416107382550335,0.8789473684210526,0.35721925133689836
44,xgboost_smote,0.004016404040157795,0.22446236559139784,0.8789473684210526,0.3576017130620985
44,xgboost_smote,0.004111576825380325,0.22476446837146702,0.8789473684210526,0.3579849946409432
44,xgboost_smote,0.004135654773563147,0.22506738544474394,0.8789473684210526,0.3583690987124464
44,xgboost_smote,0.004150541964918375,0.2253711201079622,0.8789473684210526,0.35875402792696026
44,xgboost_smote,0.004151294939219952,0.22567567567567567,0.8789473684210526,0.3591397849462366
44,xgboost_smote,0.004156749229878187,0.2259810554803789,0.8789473684210526,0.3595263724434876
44,xgboost_smote,0.0041865394450724125,0.22628726287262874,0.8789473684210526,0.3599137931034483
44,xgboost_smote,0.004206823650747538,0.2265943012211669,0.8789473684210526,0.36030204962243795
44,xgboost_smote,0.004393051844090223,0.22554347826086957,0.8736842105263158,0.35853131749460043
44,xgboost_smote,0.004413866903632879,0.22585034013605443,0.8736842105263158,0.35891891891891897
44,xgboost_smote,0.004420489072799683,0.22615803814713897,0.8736842105263158,0.3593073593073593
44,xgboost_smote,0.004451956134289503,0.22646657571623466,0.8736842105263158,0.3596966413867822
44,xgboost_smote,0.004455861635506153,0.226775956284153,0.8736842105263158,0.36008676789587857
44,xgboost_smote,0.004464379046112299,0.2270861833105335,0.8736842105263158,0.36047774158523344
44,xgboost_smote,0.0044723800383508205,0.2273972602739726,0.8736842105263158,0.3608695652173913
44,xgboost_smote,0.00448063388466835,0.22633744855967078,0.868421052631579,0.35908596300326445
44,xgboost_smote,0.004499605856835842,0.22664835164835165,0.868421052631579,0.35947712418300654
44,xgboost_smote,0.004525389056652784,0.22696011004126548,0.868421052631579,0.35986913849509267
44,xgboost_smote,0.004551388788968325,0.22727272727272727,0.868421052631579,0.36026200873362446
44,xgboost_smote,0.004607039503753185,0.22758620689655173,0.868421052631579,0.36065573770491804
44,xgboost_smote,0.004639269318431616,0.22790055248618785,0.868421052631579,0.36105032822757105
44,xgboost_smote,0.0046847607009112835,0.22821576763485477,0.868421052631579,0.36144578313253006
44,xgboost_smote,0.0046929544769227505,0.22853185595567868,0.868421052631579,0.36184210526315796
44,xgboost_smote,0.004708766005933285,0.2288488210818308,0.868421052631579,0.36223929747530187
44,xgboost_smote,0.004736218135803938,0.22916666666666666,0.868421052631579,0.36263736263736257
44,xgboost_smote,0.00479188933968544,0.22948539638386647,0.868421052631579,0.363036303630363
44,xgboost_smote,0.004795401357114315,0.2298050139275766,0.868421052631579,0.36343612334801756
44,xgboost_smote,0.004795667715370655,0.2301255230125523,0.868421052631579,0.3638368246968026
44,xgboost_smote,0.004796341527253389,0.23044692737430167,0.868421052631579,0.36423841059602646
44,xgboost_smote,0.004814790561795235,0.23076923076923078,0.868421052631579,0.36464088397790057
44,xgboost_smote,0.004878923762589693,0.23109243697478993,0.868421052631579,0.36504424778761063
44,xgboost_smote,0.004932943731546402,0.2314165497896213,0.868421052631579,0.3654485049833887
44,xgboost_smote,0.004938144702464342,0.23174157303370788,0.868421052631579,0.3658536585365854
44,xgboost_smote,0.004972865805029869,0.2320675105485232,0.868421052631579,0.36625971143174246
44,xgboost_smote,0.0049836174584925175,0.23098591549295774,0.8631578947368421,0.3644444444444445
44,xgboost_smote,0.004992755129933357,0.231311706629055,0.8631578947368421,0.3648498331479421
44,xgboost_smote,0.0050013093277812,0.23163841807909605,0.8631578947368421,0.36525612472160357
44,xgboost_smote,0.005004570819437504,0.23196605374823195,0.8631578947368421,0.3656633221850613
44,xgboost_smote,0.0050529600121080875,0.23229461756373937,0.8631578947368421,0.3660714285714286
44,xgboost_smote,0.005134593695402145,0.2326241134751773,0.8631578947368421,0.36648044692737436
44,xgboost_smote,0.005194123834371567,0.23295454545454544,0.8631578947368421,0.3668903803131991
44,xgboost_smote,0.005202823784202337,0.2332859174964438,0.8631578947368421,0.3673012318029115
44,xgboost_smote,0.005239586811512709,0.2336182336182336,0.8631578947368421,0.36771300448430494
44,xgboost_smote,0.005320258904248476,0.23395149786019973,0.8631578947368421,0.3681257014590348
44,xgboost_smote,0.005353461019694805,0.2342857142857143,0.8631578947368421,0.36853932584269666
44,xgboost_smote,0.005370048806071281,0.23462088698140202,0.8631578947368421,0.36895388076490443
44,xgboost_smote,0.005400341935455799,0.2349570200573066,0.8631578947368421,0.36936936936936937
44,xgboost_smote,0.005434742197394371,0.23385939741750358,0.8578947368421053,0.36753100338218714
44,xgboost_smote,0.005470299161970615,0.23419540229885058,0.8578947368421053,0.3679458239277652
44,xgboost_smote,0.005515746772289276,0.23309352517985613,0.8526315789473684,0.3661016949152543
44,xgboost_smote,0.005584276746958494,0.2334293948126801,0.8526315789473684,0.36651583710407243
44,xgboost_smote,0.0056045143865048885,0.23376623376623376,0.8526315789473684,0.3669309173272933
44,xgboost_smote,0.005613074637949467,0.23410404624277456,0.8526315789473684,0.36734693877551017
44,xgboost_smote,0.005630991421639919,0.23444283646888567,0.8526315789473684,0.36776390465380243
44,xgboost_smote,0.00563504034653306,0.23478260869565218,0.8526315789473684,0.36818181818181817
44,xgboost_smote,0.005684211850166321,0.2351233671988389,0.8526315789473684,0.36860068259385664
44,xgboost_smote,0.005724734161049128,0.23546511627906977,0.8526315789473684,0.3690205011389522
44,xgboost_smote,0.005788267124444246,0.23580786026200873,0.8526315789473684,0.36944127708095786
44,xgboost_smote,0.005900206975638866,0.23615160349854228,0.8526315789473684,0.36986301369863017
44,xgboost_smote,0.0059250108897686005,0.2364963503649635,0.8526315789473684,0.3702857142857143
44,xgboost_smote,0.005969565361738205,0.23538011695906433,0.8473684210526315,0.3684210526315789
44,xgboost_smote,0.005974238738417625,0.23572474377745242,0.8473684210526315,0.36884306987399773
44,xgboost_smote,0.006004535127431154,0.23460410557184752,0.8421052631578947,0.36697247706422015
44,xgboost_smote,0.006004839204251766,0.23494860499265785,0.8421052631578947,0.3673938002296211
44,xgboost_smote,0.006026776973158121,0.23529411764705882,0.8421052631578947,0.367816091954023
44,xgboost_smote,0.006033156532794237,0.23564064801178203,0.8421052631578947,0.3682393555811277
44,xgboost_smote,0.006089328788220882,0.2359882005899705,0.8421052631578947,0.3686635944700461
44,xgboost_smote,0.006122485268861055,0.2363367799113737,0.8421052631578947,0.36908881199538635
44,xgboost_smote,0.006184892728924751,0.23668639053254437,0.8421052631578947,0.3695150115473441
44,xgboost_smote,0.006201756186783314,0.23703703703703705,0.8421052631578947,0.36994219653179194
44,xgboost_smote,0.00628409581258893,0.23738872403560832,0.8421052631578947,0.3703703703703704
44,xgboost_smote,0.006380284205079079,0.237741456166419,0.8421052631578947,0.37079953650057934
44,xgboost_smote,0.006387688219547272,0.23660714285714285,0.8368421052631579,0.36890951276102085
44,xgboost_smote,0.0064102658070623875,0.23695976154992549,0.8368421052631579,0.3693379790940766
44,xgboost_smote,0.006413941737264395,0.2373134328358209,0.8368421052631579,0.3697674418604651
44,xgboost_smote,0.006429689470678568,0.23766816143497757,0.8368421052631579,0.370197904540163
44,xgboost_smote,0.0064778574742376804,0.23802395209580837,0.8368421052631579,0.3706293706293706
44,xgboost_smote,0.006520516239106655,0.2383808095952024,0.8368421052631579,0.3710618436406068
44,xgboost_smote,0.006523117423057556,0.23873873873873874,0.8368421052631579,0.3714953271028037
44,xgboost_smote,0.006525766104459763,0.23909774436090225,0.8368421052631579,0.3719298245614035
44,xgboost_smote,0.006529944017529488,0.2394578313253012,0.8368421052631579,0.37236533957845436
44,xgboost_smote,0.006623651832342148,0.2398190045248869,0.8368421052631579,0.3728018757327081
44,xgboost_smote,0.006671395618468523,0.24018126888217523,0.8368421052631579,0.3732394366197183
44,xgboost_smote,0.006714941468089819,0.2405446293494705,0.8368421052631579,0.3736780258519389
44,xgboost_smote,0.006723387166857719,0.2409090909090909,0.8368421052631579,0.37411764705882355
44,xgboost_smote,0.006844318471848965,0.24127465857359637,0.8368421052631579,0.3745583038869258
44,xgboost_smote,0.0068577672354876995,0.24164133738601823,0.8368421052631579,0.37499999999999994
44,xgboost_smote,0.006883080117404461,0.2420091324200913,0.8368421052631579,0.3754427390791027
44,xgboost_smote,0.006959750782698393,0.2423780487804878,0.8368421052631579,0.375886524822695
44,xgboost_smote,0.0070110647939145565,0.24274809160305344,0.8368421052631579,0.3763313609467456
44,xgboost_smote,0.007039208896458149,0.24311926605504589,0.8368421052631579,0.37677725118483407
44,xgboost_smote,0.007063400000333786,0.2434915773353752,0.8368421052631579,0.3772241992882562
44,xgboost_smote,0.007075101602822542,0.24386503067484663,0.8368421052631579,0.3776722090261283
44,xgboost_smote,0.007076217792928219,0.24423963133640553,0.8368421052631579,0.37812128418549346
44,xgboost_smote,0.007095222361385822,0.24461538461538462,0.8368421052631579,0.3785714285714286
44,xgboost_smote,0.007103261537849903,0.24499229583975346,0.8368421052631579,0.37902264600715135
44,xgboost_smote,0.0071397460997104645,0.24537037037037038,0.8368421052631579,0.37947494033412893
44,xgboost_smote,0.007193348370492458,0.24574961360123648,0.8368421052631579,0.37992831541218636
44,xgboost_smote,0.007239357568323612,0.24613003095975233,0.8368421052631579,0.3803827751196172
44,xgboost_smote,0.007270861882716417,0.24651162790697675,0.8368421052631579,0.3808383233532935
44,xgboost_smote,0.007351287640631199,0.2468944099378882,0.8368421052631579,0.381294964028777
44,xgboost_smote,0.007431995123624802,0.24727838258164853,0.8368421052631579,0.38175270108043213
44,xgboost_smote,0.007495606783777475,0.24766355140186916,0.8368421052631579,0.38221153846153844
44,xgboost_smote,0.0075281281024217606,0.24804992199687986,0.8368421052631579,0.38267148014440433
44,xgboost_smote,0.007571817841380835,0.2484375,0.8368421052631579,0.38313253012048193
44,xgboost_smote,0.0076177166774868965,0.24726134585289514,0.8315789473684211,0.3811821471652594
44,xgboost_smote,0.00763451075181365,0.2476489028213166,0.8315789473684211,0.38164251207729466
44,xgboost_smote,0.007789902854710817,0.24803767660910517,0.8315789473684211,0.38210399032648124
44,xgboost_smote,0.007846513763070107,0.24842767295597484,0.8315789473684211,0.38256658595641646
44,xgboost_smote,0.007851749658584595,0.24881889763779527,0.8315789473684211,0.383030303030303
44,xgboost_smote,0.00785199087113142,0.2476340694006309,0.8263157894736842,0.38106796116504854
44,xgboost_smote,0.00785546563565731,0.24644549763033174,0.8210526315789474,0.37910085054678005
44,xgboost_smote,0.00790737010538578,0.2468354430379747,0.8210526315789474,0.3795620437956204
44,xgboost_smote,0.008016125299036503,0.24722662440570523,0.8210526315789474,0.3800243605359318
44,xgboost_smote,0.008033381775021553,0.24603174603174602,0.8157894736842105,0.3780487804878049
44,xgboost_smote,0.00804667267948389,0.246422893481717,0.8157894736842105,0.37851037851037844
44,xgboost_smote,0.008081925101578236,0.24681528662420382,0.8157894736842105,0.37897310513447435
44,xgboost_smote,0.008103650994598866,0.24720893141945774,0.8157894736842105,0.379436964504284
44,xgboost_smote,0.008284543640911579,0.2476038338658147,0.8157894736842105,0.3799019607843137
44,xgboost_smote,0.00829959288239479,0.248,0.8157894736842105,0.3803680981595092
44,xgboost_smote,0.00836375541985035,0.2483974358974359,0.8157894736842105,0.3808353808353809
44,xgboost_smote,0.008367437869310379,0.24879614767255218,0.8157894736842105,0.38130381303813043
44,xgboost_smote,0.008374440483748913,0.2491961414790997,0.8157894736842105,0.38177339901477836
44,xgboost_smote,0.008404973894357681,0.249597423510467,0.8157894736842105,0.3822441430332923
44,xgboost_smote,0.008423099294304848,0.25,0.8157894736842105,0.38271604938271603
44,xgboost_smote,0.008435370400547981,0.25040387722132473,0.8157894736842105,0.3831891223733004
44,xgboost_smote,0.008603679947555065,0.25080906148867316,0.8157894736842105,0.38366336633663367
44,xgboost_smote,0.008632760494947433,0.25121555915721233,0.8157894736842105,0.38413878562577447
44,xgboost_smote,0.008744333870708942,0.25162337662337664,0.8157894736842105,0.38461538461538464
44,xgboost_smote,0.008911985903978348,0.25203252032520324,0.8157894736842105,0.3850931677018633
44,xgboost_smote,0.00891751330345869,0.252442996742671,0.8157894736842105,0.38557213930348255
44,xgboost_smote,0.008921998552978039,0.2528548123980424,0.8157894736842105,0.386052303860523
44,xgboost_smote,0.00899872463196516,0.25326797385620914,0.8157894736842105,0.38653366583541143
44,xgboost_smote,0.009182632900774479,0.25368248772504093,0.8157894736842105,0.387016229712859
44,xgboost_smote,0.009201846085488796,0.2540983606557377,0.8157894736842105,0.3875
44,xgboost_smote,0.009208764880895615,0.2545155993431856,0.8157894736842105,0.38798498122653324
44,xgboost_smote,0.009218315593898296,0.25493421052631576,0.8157894736842105,0.38847117794486213
44,xgboost_smote,0.009234176948666573,0.2553542009884679,0.8157894736842105,0.3889585947302384
44,xgboost_smote,0.009264441207051277,0.25412541254125415,0.8105263157894737,0.38693467336683424
44,xgboost_smote,0.009295769967138767,0.2545454545454545,0.8105263157894737,0.3874213836477987
44,xgboost_smote,0.009400161914527416,0.25496688741721857,0.8105263157894737,0.3879093198992444
44,xgboost_smote,0.009418055415153503,0.2537313432835821,0.8052631578947368,0.3858764186633039
44,xgboost_smote,0.00942385382950306,0.2541528239202658,0.8052631578947368,0.38636363636363635
44,xgboost_smote,0.009532444179058075,0.2545757071547421,0.8052631578947368,0.3868520859671302
44,xgboost_smote,0.009542015381157398,0.255,0.8052631578947368,0.38734177215189874
44,xgboost_smote,0.009634489193558693,0.25375626043405675,0.8,0.38529784537389095
44,xgboost_smote,0.009686669334769249,0.25418060200668896,0.8,0.38578680203045684
44,xgboost_smote,0.009704282507300377,0.254606365159129,0.8,0.386277001270648
44,xgboost_smote,0.009758035652339458,0.2550335570469799,0.8,0.38676844783715014
44,xgboost_smote,0.00983449351042509,0.25546218487394956,0.8,0.38726114649681526
44,xgboost_smote,0.009885570965707302,0.2558922558922559,0.8,0.38775510204081637
44,xgboost_smote,0.009961090981960297,0.2563237774030354,0.8,0.3882503192848021
44,xgboost_smote,0.009973847307264805,0.25675675675675674,0.8,0.3887468030690537
44,xgboost_smote,0.010142626240849495,0.2571912013536379,0.8,0.3892445582586427
44,xgboost_smote,0.010202426463365555,0.2576271186440678,0.8,0.38974358974358975
44,xgboost_smote,0.010233637876808643,0.25806451612903225,0.8,0.3902439024390244
44,xgboost_smote,0.010255535133183002,0.2585034013605442,0.8,0.390745501285347
44,xgboost_smote,0.010280627757310867,0.25894378194207834,0.8,0.3912483912483912
44,xgboost_smote,0.01029870193451643,0.257679180887372,0.7947368421052632,0.38917525773195877
44,xgboost_smote,0.010415920056402683,0.25811965811965815,0.7947368421052632,0.38967741935483874
44,xgboost_smote,0.010526617988944054,0.2585616438356164,0.7947368421052632,0.39018087855297157
44,xgboost_smote,0.010652057826519012,0.25728987993138935,0.7894736842105263,0.3880983182406209
44,xgboost_smote,0.010725105181336403,0.25773195876288657,0.7894736842105263,0.38860103626943004
44,xgboost_smote,0.010823078453540802,0.25817555938037867,0.7894736842105263,0.38910505836575876
44,xgboost_smote,0.010887928307056427,0.25862068965517243,0.7894736842105263,0.38961038961038963
44,xgboost_smote,0.010896257124841213,0.25906735751295334,0.7894736842105263,0.39011703511053314
44,xgboost_smote,0.01101482193917036,0.25951557093425603,0.7894736842105263,0.390625
44,xgboost_smote,0.011052743531763554,0.25996533795493937,0.7894736842105263,0.3911342894393742
44,xgboost_smote,0.01107311062514782,0.2604166666666667,0.7894736842105263,0.391644908616188
44,xgboost_smote,0.01116279885172844,0.2608695652173913,0.7894736842105263,0.39215686274509803
44,xgboost_smote,0.011243569664657116,0.2613240418118467,0.7894736842105263,0.39267015706806285
44,xgboost_smote,0.011297688819468021,0.2617801047120419,0.7894736842105263,0.3931847968545216
44,xgboost_smote,0.011357322335243225,0.26223776223776224,0.7894736842105263,0.39370078740157477
44,xgboost_smote,0.011400208808481693,0.2626970227670753,0.7894736842105263,0.39421813403416556
44,xgboost_smote,0.011443481780588627,0.2631578947368421,0.7894736842105263,0.39473684210526316
44,xgboost_smote,0.011564895510673523,0.26362038664323373,0.7894736842105263,0.3952569169960474
44,xgboost_smote,0.01157623901963234,0.2640845070422535,0.7894736842105263,0.39577836411609496
44,xgboost_smote,0.011600237339735031,0.26455026455026454,0.7894736842105263,0.39630118890356675
44,xgboost_smote,0.011647822335362434,0.26501766784452296,0.7894736842105263,0.39682539682539686
44,xgboost_smote,0.011665182188153267,0.26548672566371684,0.7894736842105263,0.3973509933774835
44,xgboost_smote,0.01179340947419405,0.26595744680851063,0.7894736842105263,0.3978779840848806
44,xgboost_smote,0.01185753382742405,0.2664298401420959,0.7894736842105263,0.398406374501992
44,xgboost_smote,0.01203624065965414,0.2669039145907473,0.7894736842105263,0.39893617021276595
44,xgboost_smote,0.012199596501886845,0.26737967914438504,0.7894736842105263,0.3994673768308922
44,xgboost_smote,0.012257290072739124,0.26785714285714285,0.7894736842105263,0.4
44,xgboost_smote,0.01229238323867321,0.26833631484794274,0.7894736842105263,0.40053404539385845
44,xgboost_smote,0.012293830513954163,0.26881720430107525,0.7894736842105263,0.4010695187165775
44,xgboost_smote,0.012432815507054329,0.26929982046678635,0.7894736842105263,0.4016064257028112
44,xgboost_smote,0.012498588301241398,0.2697841726618705,0.7894736842105263,0.4021447721179625
44,xgboost_smote,0.012597505003213882,0.2702702702702703,0.7894736842105263,0.40268456375838924
44,xgboost_smote,0.012678569182753563,0.27075812274368233,0.7894736842105263,0.40322580645161293
44,xgboost_smote,0.012804972007870674,0.27124773960216997,0.7894736842105263,0.4037685060565276
44,xgboost_smote,0.012891151010990143,0.2717391304347826,0.7894736842105263,0.4043126684636119
44,xgboost_smote,0.012963411398231983,0.27223230490018147,0.7894736842105263,0.40485829959514164
44,xgboost_smote,0.01306008081883192,0.2727272727272727,0.7894736842105263,0.4054054054054054
44,xgboost_smote,0.013146684505045414,0.273224043715847,0.7894736842105263,0.40595399188092013
44,xgboost_smote,0.013293156400322914,0.2737226277372263,0.7894736842105263,0.4065040650406504
44,xgboost_smote,0.013796324841678143,0.2742230347349177,0.7894736842105263,0.40705563093622793
44,xgboost_smote,0.013901359401643276,0.27472527472527475,0.7894736842105263,0.4076086956521739
44,xgboost_smote,0.01399247720837593,0.27339449541284405,0.7842105263157895,0.40544217687074835
44,xgboost_smote,0.014030884020030499,0.27389705882352944,0.7842105263157895,0.40599455040871935
44,xgboost_smote,0.01408282108604908,0.27440147329650094,0.7842105263157895,0.40654843110504774
44,xgboost_smote,0.014201642014086246,0.27490774907749077,0.7842105263157895,0.40710382513661203
44,xgboost_smote,0.014373584650456905,0.2754158964879852,0.7842105263157895,0.4076607387140903
44,xgboost_smote,0.014489512890577316,0.2759259259259259,0.7842105263157895,0.40821917808219177
44,xgboost_smote,0.014504541642963886,0.274582560296846,0.7789473684210526,0.4060356652949245
44,xgboost_smote,0.014788360334932804,0.275092936802974,0.7789473684210526,0.40659340659340654
44,xgboost_smote,0.014868208207190037,0.2756052141527002,0.7789473684210526,0.40715268225584594
44,xgboost_smote,0.014944711700081825,0.27611940298507465,0.7789473684210526,0.40771349862258954
44,xgboost_smote,0.014950842596590519,0.2766355140186916,0.7789473684210526,0.40827586206896554
44,xgboost_smote,0.014971804805099964,0.27715355805243447,0.7789473684210526,0.4088397790055249
44,xgboost_smote,0.015003629960119724,0.2776735459662289,0.7789473684210526,0.40940525587828486
44,xgboost_smote,0.015008896589279175,0.2781954887218045,0.7789473684210526,0.40997229916897504
44,xgboost_smote,0.015123894438147545,0.2787193973634652,0.7789473684210526,0.41054091539528437
44,xgboost_smote,0.01519681140780449,0.2792452830188679,0.7789473684210526,0.41111111111111115
44,xgboost_smote,0.01523301936686039,0.27977315689981097,0.7789473684210526,0.41168289290681503
44,xgboost_smote,0.015281479805707932,0.2803030303030303,0.7789473684210526,0.41225626740947074
44,xgboost_smote,0.015315513126552105,0.2808349146110057,0.7789473684210526,0.41283124128312415
44,xgboost_smote,0.015551713295280933,0.2813688212927757,0.7789473684210526,0.41340782122905034
44,xgboost_smote,0.015675555914640427,0.2819047619047619,0.7789473684210526,0.413986013986014
44,xgboost_smote,0.015683583915233612,0.2824427480916031,0.7789473684210526,0.4145658263305322
44,xgboost_smote,0.015880027785897255,0.2829827915869981,0.7789473684210526,0.41514726507713884
44,xgboost_smote,0.016148235648870468,0.2835249042145594,0.7789473684210526,0.4157303370786517
44,xgboost_smote,0.016275590285658836,0.2821497120921305,0.7736842105263158,0.4135021097046413
44,xgboost_smote,0.01629496179521084,0.2826923076923077,0.7736842105263158,0.4140845070422535
44,xgboost_smote,0.01683717593550682,0.2832369942196532,0.7736842105263158,0.4146685472496474
44,xgboost_smote,0.01707485504448414,0.28185328185328185,0.7684210526315789,0.4124293785310735
44,xgboost_smote,0.017162788659334183,0.28239845261121854,0.7684210526315789,0.4130127298444129
44,xgboost_smote,0.01719655469059944,0.28294573643410853,0.7684210526315789,0.41359773371104813
44,xgboost_smote,0.017224622890353203,0.283495145631068,0.7684210526315789,0.41418439716312055
44,xgboost_smote,0.017295345664024353,0.2840466926070039,0.7684210526315789,0.41477272727272724
44,xgboost_smote,0.017457937821745872,0.28460038986354774,0.7684210526315789,0.41536273115220484
44,xgboost_smote,0.017557602375745773,0.28515625,0.7684210526315789,0.4159544159544159
44,xgboost_smote,0.017559172585606575,0.2857142857142857,0.7684210526315789,0.41654778887303845
44,xgboost_smote,0.01759752258658409,0.28627450980392155,0.7684210526315789,0.4171428571428571
44,xgboost_smote,0.01770404540002346,0.2868369351669941,0.7684210526315789,0.4177396280400572
44,xgboost_smote,0.017801128327846527,0.2854330708661417,0.7631578947368421,0.41547277936962745
44,xgboost_smote,0.01822706311941147,0.2859960552268245,0.7631578947368421,0.41606886657101866
44,xgboost_smote,0.018284741789102554,0.2845849802371542,0.7578947368421053,0.41379310344827586
44,xgboost_smote,0.018326973542571068,0.28316831683168314,0.7526315789473684,0.4115107913669065
44,xgboost_smote,0.018500998616218567,0.2837301587301587,0.7526315789473684,0.41210374639769454
44,xgboost_smote,0.018650921061635017,0.28429423459244535,0.7526315789473684,0.41269841269841273
44,xgboost_smote,0.019035320729017258,0.2848605577689243,0.7526315789473684,0.41329479768786126
44,xgboost_smote,0.019041001796722412,0.28542914171656686,0.7526315789473684,0.4138929088277858
44,xgboost_smote,0.019366247579455376,0.286,0.7526315789473684,0.41449275362318844
44,xgboost_smote,0.0193904098123312,0.2865731462925852,0.7526315789473684,0.4150943396226415
44,xgboost_smote,0.019526422023773193,0.28714859437751006,0.7526315789473684,0.4156976744186047
44,xgboost_smote,0.01966552622616291,0.28772635814889336,0.7526315789473684,0.4163027656477439
44,xgboost_smote,0.019909946247935295,0.28830645161290325,0.7526315789473684,0.4169096209912536
44,xgboost_smote,0.02006383240222931,0.2868686868686869,0.7473684210526316,0.41459854014598546
44,xgboost_smote,0.02028236910700798,0.2854251012145749,0.7421052631578947,0.41228070175438597
44,xgboost_smote,0.020415710285305977,0.28600405679513186,0.7421052631578947,0.4128843338213763
44,xgboost_smote,0.020661603659391403,0.2865853658536585,0.7421052631578947,0.41348973607038125
44,xgboost_smote,0.020799143239855766,0.28716904276985744,0.7421052631578947,0.4140969162995595
44,xgboost_smote,0.02107221819460392,0.28775510204081634,0.7421052631578947,0.4147058823529412
44,xgboost_smote,0.021081754937767982,0.2883435582822086,0.7421052631578947,0.4153166421207658
44,xgboost_smote,0.021286020055413246,0.2889344262295082,0.7421052631578947,0.415929203539823
44,xgboost_smote,0.021298827603459358,0.28952772073921973,0.7421052631578947,0.4165435745937961
44,xgboost_smote,0.021305276080965996,0.29012345679012347,0.7421052631578947,0.41715976331360943
44,xgboost_smote,0.02151290886104107,0.2907216494845361,0.7421052631578947,0.4177777777777778
44,xgboost_smote,0.021705472841858864,0.29132231404958675,0.7421052631578947,0.41839762611275966
44,xgboost_smote,0.02171527035534382,0.2919254658385093,0.7421052631578947,0.4190193164933135
44,xgboost_smote,0.02176569774746895,0.2925311203319502,0.7421052631578947,0.4196428571428572
44,xgboost_smote,0.02177571691572666,0.2910602910602911,0.7368421052631579,0.4172876304023846
44,xgboost_smote,0.022051865234971046,0.2916666666666667,0.7368421052631579,0.41791044776119407
44,xgboost_smote,0.022361768409609795,0.29227557411273486,0.7368421052631579,0.41853512705530643
44,xgboost_smote,0.023201998323202133,0.2928870292887029,0.7368421052631579,0.4191616766467065
44,xgboost_smote,0.023350557312369347,0.29350104821802936,0.7368421052631579,0.4197901049475263
44,xgboost_smote,0.023364709690213203,0.2920168067226891,0.7315789473684211,0.41741741741741745
44,xgboost_smote,0.023664329200983047,0.2926315789473684,0.7315789473684211,0.4180451127819549
44,xgboost_smote,0.023705611005425453,0.29324894514767935,0.7315789473684211,0.4186746987951807
44,xgboost_smote,0.02380298264324665,0.2938689217758985,0.7315789473684211,0.4193061840120664
44,xgboost_smote,0.023816905915737152,0.2944915254237288,0.7315789473684211,0.4199395770392749
44,xgboost_smote,0.023967744782567024,0.2951167728237792,0.7315789473684211,0.42057488653555225
44,xgboost_smote,0.024008171632885933,0.2957446808510638,0.7315789473684211,0.42121212121212126
44,xgboost_smote,0.024018652737140656,0.29637526652452023,0.7315789473684211,0.4218512898330804
44,xgboost_smote,0.02413046546280384,0.297008547008547,0.7315789473684211,0.4224924012158055
44,xgboost_smote,0.024379434064030647,0.2955032119914347,0.7263157894736842,0.4200913242009133
44,xgboost_smote,0.024480463936924934,0.296137339055794,0.7263157894736842,0.42073170731707316
44,xgboost_smote,0.024721866473555565,0.2946236559139785,0.7210526315789474,0.41832061068702286
44,xgboost_smote,0.024764135479927063,0.2952586206896552,0.7210526315789474,0.41896024464831805
44,xgboost_smote,0.024900592863559723,0.2937365010799136,0.7157894736842105,0.4165390505359878
44,xgboost_smote,0.025124844163656235,0.2943722943722944,0.7157894736842105,0.4171779141104295
44,xgboost_smote,0.025192033499479294,0.2950108459869848,0.7157894736842105,0.4178187403993855
44,xgboost_smote,0.025307171046733856,0.2956521739130435,0.7157894736842105,0.41846153846153844
44,xgboost_smote,0.02543974667787552,0.29411764705882354,0.7105263157894737,0.4160246533127889
44,xgboost_smote,0.025632014498114586,0.29475982532751094,0.7105263157894737,0.4166666666666667
44,xgboost_smote,0.025645744055509567,0.29540481400437635,0.7105263157894737,0.41731066460587324
44,xgboost_smote,0.025772755965590477,0.29605263157894735,0.7105263157894737,0.41795665634674917
44,xgboost_smote,0.02577297016978264,0.2967032967032967,0.7105263157894737,0.41860465116279066
44,xgboost_smote,0.02594594843685627,0.2973568281938326,0.7105263157894737,0.4192546583850932
44,xgboost_smote,0.026105958968400955,0.2980132450331126,0.7105263157894737,0.4199066874027994
44,xgboost_smote,0.026242004707455635,0.29867256637168144,0.7105263157894737,0.42056074766355145
44,xgboost_smote,0.026349270716309547,0.29933481152993346,0.7105263157894737,0.421216848673947
44,xgboost_smote,0.026594065129756927,0.3,0.7105263157894737,0.421875
44,xgboost_smote,0.026820417493581772,0.30066815144766146,0.7105263157894737,0.4225352112676056
44,xgboost_smote,0.026914214715361595,0.3013392857142857,0.7105263157894737,0.4231974921630094
44,xgboost_smote,0.02693827822804451,0.30201342281879195,0.7105263157894737,0.42386185243328106
44,xgboost_smote,0.027005869895219803,0.30269058295964124,0.7105263157894737,0.4245283018867924
44,xgboost_smote,0.027063637971878052,0.30112359550561796,0.7052631578947368,0.4220472440944882
44,xgboost_smote,0.027129583060741425,0.30180180180180183,0.7052631578947368,0.42271293375394325
44,xgboost_smote,0.027142083272337914,0.30248306997742663,0.7052631578947368,0.42338072669826227
44,xgboost_smote,0.02731812559068203,0.3009049773755656,0.7,0.42088607594936706
44,xgboost_smote,0.027436906471848488,0.29931972789115646,0.6947368421052632,0.4183835182250396
44,xgboost_smote,0.027898771688342094,0.29772727272727273,0.6894736842105263,0.4158730158730159
44,xgboost_smote,0.02794487215578556,0.2984054669703872,0.6894736842105263,0.4165341812400636
44,xgboost_smote,0.028064660727977753,0.2990867579908676,0.6894736842105263,0.4171974522292994
44,xgboost_smote,0.02826761268079281,0.2997711670480549,0.6894736842105263,0.4178628389154705
44,xgboost_smote,0.02837027795612812,0.30045871559633025,0.6894736842105263,0.4185303514376997
44,xgboost_smote,0.02893648110330105,0.30114942528735633,0.6894736842105263,0.4192
44,xgboost_smote,0.028951244428753853,0.30184331797235026,0.6894736842105263,0.41987179487179493
44,xgboost_smote,0.028966370970010757,0.302540415704388,0.6894736842105263,0.42054574638844305
44,xgboost_smote,0.029184114187955856,0.30324074074074076,0.6894736842105263,0.4212218649517685
44,xgboost_smote,0.02942863292992115,0.3039443155452436,0.6894736842105263,0.4219001610305958
44,xgboost_smote,0.029700327664613724,0.30465116279069765,0.6894736842105263,0.4225806451612903
44,xgboost_smote,0.029740720987319946,0.30536130536130535,0.6894736842105263,0.42326332794830374
44,xgboost_smote,0.02989860437810421,0.3060747663551402,0.6894736842105263,0.42394822006472493
44,xgboost_smote,0.029909305274486542,0.30679156908665106,0.6894736842105263,0.4246353322528363
44,xgboost_smote,0.029956968501210213,0.3075117370892019,0.6894736842105263,0.4253246753246753
44,xgboost_smote,0.029973560944199562,0.30823529411764705,0.6894736842105263,0.42601626016260163
44,xgboost_smote,0.03001423180103302,0.3089622641509434,0.6894736842105263,0.42671009771986973
44,xgboost_smote,0.030450008809566498,0.30969267139479906,0.6894736842105263,0.4274061990212072
44,xgboost_smote,0.030560646206140518,0.3104265402843602,0.6894736842105263,0.4281045751633987
44,xgboost_smote,0.030606143176555634,0.31116389548693585,0.6894736842105263,0.42880523731587555
44,xgboost_smote,0.030685562640428543,0.3119047619047619,0.6894736842105263,0.4295081967213115
44,xgboost_smote,0.031138520687818527,0.3126491646778043,0.6894736842105263,0.4302134646962233
44,xgboost_smote,0.03120281919836998,0.31100478468899523,0.6842105263157895,0.4276315789473684
44,xgboost_smote,0.03124523162841797,0.30935251798561153,0.6789473684210526,0.42504118616144976
44,xgboost_smote,0.031346119940280914,0.31009615384615385,0.6789473684210526,0.42574257425742573
44,xgboost_smote,0.03144315630197525,0.3108433734939759,0.6789473684210526,0.42644628099173554
44,xgboost_smote,0.03158179298043251,0.3115942028985507,0.6789473684210526,0.4271523178807947
44,xgboost_smote,0.031958576291799545,0.31234866828087166,0.6789473684210526,0.42786069651741293
44,xgboost_smote,0.03212769702076912,0.3131067961165049,0.6789473684210526,0.4285714285714286
44,xgboost_smote,0.03278509899973869,0.31386861313868614,0.6789473684210526,0.42928452579034937
44,xgboost_smote,0.03278675302863121,0.3146341463414634,0.6789473684210526,0.43000000000000005
44,xgboost_smote,0.032941654324531555,0.3154034229828851,0.6789473684210526,0.4307178631051753
44,xgboost_smote,0.033076491206884384,0.3161764705882353,0.6789473684210526,0.431438127090301
44,xgboost_smote,0.0336402952671051,0.31695331695331697,0.6789473684210526,0.43216080402010054
44,xgboost_smote,0.03366769850254059,0.31527093596059114,0.6736842105263158,0.4295302013422819
44,xgboost_smote,0.03368140012025833,0.3160493827160494,0.6736842105263158,0.4302521008403361
44,xgboost_smote,0.03379536047577858,0.31683168316831684,0.6736842105263158,0.430976430976431
44,xgboost_smote,0.03414043411612511,0.315136476426799,0.6684210526315789,0.42833052276559863
44,xgboost_smote,0.03428724408149719,0.31592039800995025,0.6684210526315789,0.42905405405405406
44,xgboost_smote,0.03449782356619835,0.3167082294264339,0.6684210526315789,0.42978003384094754
44,xgboost_smote,0.03470331430435181,0.3175,0.6684210526315789,0.43050847457627117
44,xgboost_smote,0.03472815081477165,0.3182957393483709,0.6684210526315789,0.4312393887945671
44,xgboost_smote,0.03517453745007515,0.3165829145728643,0.6631578947368421,0.42857142857142855
44,xgboost_smote,0.03531971573829651,0.31738035264483627,0.6631578947368421,0.42930153321976144
44,xgboost_smote,0.035467687994241714,0.3181818181818182,0.6631578947368421,0.4300341296928327
44,xgboost_smote,0.035511188209056854,0.31645569620253167,0.6578947368421053,0.4273504273504274
44,xgboost_smote,0.035667140036821365,0.31725888324873097,0.6578947368421053,0.42808219178082196
44,xgboost_smote,0.035928331315517426,0.31806615776081426,0.6578947368421053,0.42881646655231564
44,xgboost_smote,0.03623376786708832,0.31887755102040816,0.6578947368421053,0.42955326460481097
44,xgboost_smote,0.03629010543227196,0.319693094629156,0.6578947368421053,0.4302925989672977
44,xgboost_smote,0.03724829480051994,0.31794871794871793,0.6526315789473685,0.4275862068965517
44,xgboost_smote,0.03725145012140274,0.31876606683804626,0.6526315789473685,0.4283246977547496
44,xgboost_smote,0.03736457601189613,0.31958762886597936,0.6526315789473685,0.4290657439446367
44,xgboost_smote,0.037449248135089874,0.32041343669250644,0.6526315789473685,0.42980935875216636
44,xgboost_smote,0.037676114588975906,0.32124352331606215,0.6526315789473685,0.4305555555555555
44,xgboost_smote,0.0377737358212471,0.3220779220779221,0.6526315789473685,0.43130434782608695
44,xgboost_smote,0.037837497889995575,0.3229166666666667,0.6526315789473685,0.43205574912891986
44,xgboost_smote,0.03787810355424881,0.3237597911227154,0.6526315789473685,0.4328097731239092
44,xgboost_smote,0.03828359395265579,0.32460732984293195,0.6526315789473685,0.43356643356643354
44,xgboost_smote,0.0385698527097702,0.32545931758530183,0.6526315789473685,0.4343257443082312
44,xgboost_smote,0.0387611947953701,0.3263157894736842,0.6526315789473685,0.43508771929824563
44,xgboost_smote,0.038911812007427216,0.3245382585751979,0.6473684210526316,0.4323374340949034
44,xgboost_smote,0.0392095185816288,0.3253968253968254,0.6473684210526316,0.43309859154929586
44,xgboost_smote,0.039247144013643265,0.32625994694960214,0.6473684210526316,0.4338624338624339
44,xgboost_smote,0.03931471332907677,0.3271276595744681,0.6473684210526316,0.4346289752650177
44,xgboost_smote,0.03959053009748459,0.328,0.6473684210526316,0.4353982300884956
44,xgboost_smote,0.039816129952669144,0.32887700534759357,0.6473684210526316,0.4361702127659574
44,xgboost_smote,0.04024485871195793,0.32707774798927614,0.6421052631578947,0.43339253996447596
44,xgboost_smote,0.04072225093841553,0.3279569892473118,0.6421052631578947,0.43416370106761565
44,xgboost_smote,0.04098077863454819,0.3288409703504043,0.6421052631578947,0.4349376114081997
44,xgboost_smote,0.041129857301712036,0.32972972972972975,0.6421052631578947,0.4357142857142858
44,xgboost_smote,0.04199878126382828,0.32791327913279134,0.6368421052631579,0.4329159212880143
44,xgboost_smote,0.042024534195661545,0.328804347826087,0.6368421052631579,0.4336917562724014
44,xgboost_smote,0.042088765650987625,0.329700272479564,0.6368421052631579,0.43447037701974867
44,xgboost_smote,0.04239661619067192,0.33060109289617484,0.6368421052631579,0.43525179856115104
44,xgboost_smote,0.04287068173289299,0.3315068493150685,0.6368421052631579,0.4360360360360361
44,xgboost_smote,0.042966920882463455,0.32967032967032966,0.631578947368421,0.4332129963898917
44,xgboost_smote,0.04345477744936943,0.3305785123966942,0.631578947368421,0.43399638336347196
44,xgboost_smote,0.04413742199540138,0.3314917127071823,0.631578947368421,0.4347826086956521
44,xgboost_smote,0.04484010115265846,0.33240997229916897,0.631578947368421,0.4355716878402904
44,xgboost_smote,0.04509865492582321,0.3333333333333333,0.631578947368421,0.4363636363636364
44,xgboost_smote,0.045143041759729385,0.3342618384401114,0.631578947368421,0.4371584699453551
44,xgboost_smote,0.04534115642309189,0.33519553072625696,0.631578947368421,0.43795620437956206
44,xgboost_smote,0.04555413872003555,0.33613445378151263,0.631578947368421,0.4387568555758684
44,xgboost_smote,0.04667411744594574,0.33707865168539325,0.631578947368421,0.43956043956043955
44,xgboost_smote,0.04676816985011101,0.3380281690140845,0.631578947368421,0.44036697247706424
44,xgboost_smote,0.047019682824611664,0.3389830508474576,0.631578947368421,0.4411764705882353
44,xgboost_smote,0.047040197998285294,0.33994334277620397,0.631578947368421,0.4419889502762431
44,xgboost_smote,0.04780163615942001,0.3409090909090909,0.631578947368421,0.44280442804428044
44,xgboost_smote,0.04963848739862442,0.3418803418803419,0.631578947368421,0.44362292051756
44,xgboost_smote,0.04998182877898216,0.34285714285714286,0.631578947368421,0.4444444444444445
44,xgboost_smote,0.050113528966903687,0.3438395415472779,0.631578947368421,0.4452690166975881
44,xgboost_smote,0.05093918368220329,0.34195402298850575,0.6263157894736842,0.4423791821561338
44,xgboost_smote,0.05185207352042198,0.34293948126801155,0.6263157894736842,0.4432029795158287
44,xgboost_smote,0.05260058119893074,0.3439306358381503,0.6263157894736842,0.44402985074626866
44,xgboost_smote,0.05271255597472191,0.34492753623188405,0.6263157894736842,0.44485981308411215
44,xgboost_smote,0.05342451110482216,0.34593023255813954,0.6263157894736842,0.4456928838951311
44,xgboost_smote,0.053751565515995026,0.3469387755102041,0.6263157894736842,0.4465290806754222
44,xgboost_smote,0.054860543459653854,0.347953216374269,0.6263157894736842,0.4473684210526316
44,xgboost_smote,0.05525493994355202,0.3489736070381232,0.6263157894736842,0.448210922787194
44,xgboost_smote,0.0556209422647953,0.34705882352941175,0.6210526315789474,0.44528301886792454
44,xgboost_smote,0.056130312383174896,0.34513274336283184,0.6157894736842106,0.44234404536862
44,xgboost_smote,0.05654728040099144,0.3431952662721893,0.6105263157894737,0.4393939393939394
44,xgboost_smote,0.05725247040390968,0.34421364985163205,0.6105263157894737,0.44022770398481975
44,xgboost_smote,0.05728219449520111,0.34226190476190477,0.6052631578947368,0.4372623574144487
44,xgboost_smote,0.05821321904659271,0.34328358208955223,0.6052631578947368,0.43809523809523804
44,xgboost_smote,0.05826762318611145,0.344311377245509,0.6052631578947368,0.4389312977099236
44,xgboost_smote,0.05899032950401306,0.34534534534534533,0.6052631578947368,0.4397705544933078
44,xgboost_smote,0.059088725596666336,0.3463855421686747,0.6052631578947368,0.44061302681992337
44,xgboost_smote,0.061933111399412155,0.3474320241691843,0.6052631578947368,0.44145873320537427
44,xgboost_smote,0.06219674274325371,0.3484848484848485,0.6052631578947368,0.4423076923076923
44,xgboost_smote,0.06246696785092354,0.3495440729483283,0.6052631578947368,0.4431599229287091
44,xgboost_smote,0.062477678060531616,0.35060975609756095,0.6052631578947368,0.444015444015444
44,xgboost_smote,0.06248033046722412,0.3516819571865443,0.6052631578947368,0.44487427466150875
44,xgboost_smote,0.06421256065368652,0.35276073619631904,0.6052631578947368,0.44573643410852715
44,xgboost_smote,0.06482040137052536,0.3507692307692308,0.6,0.4427184466019417
44,xgboost_smote,0.06491432338953018,0.3487654320987654,0.5947368421052631,0.43968871595330733
44,xgboost_smote,0.0652986466884613,0.3498452012383901,0.5947368421052631,0.4405458089668616
44,xgboost_smote,0.06942027807235718,0.35093167701863354,0.5947368421052631,0.44140625
44,xgboost_smote,0.06972506642341614,0.34890965732087226,0.5894736842105263,0.4383561643835616
44,xgboost_smote,0.07029826939105988,0.35,0.5894736842105263,0.43921568627450974
44,xgboost_smote,0.07040068507194519,0.3510971786833856,0.5894736842105263,0.4400785854616896
44,xgboost_smote,0.07066470384597778,0.3522012578616352,0.5894736842105263,0.4409448818897637
44,xgboost_smote,0.0706869438290596,0.35331230283911674,0.5894736842105263,0.4418145956607495
44,xgboost_smote,0.07087448984384537,0.35443037974683544,0.5894736842105263,0.4426877470355731
44,xgboost_smote,0.07100824266672134,0.35555555555555557,0.5894736842105263,0.4435643564356436
44,xgboost_smote,0.07101675122976303,0.35668789808917195,0.5894736842105263,0.44444444444444436
44,xgboost_smote,0.07104732096195221,0.35782747603833864,0.5894736842105263,0.4453280318091451
44,xgboost_smote,0.07108840346336365,0.358974358974359,0.5894736842105263,0.4462151394422311
44,xgboost_smote,0.07141093164682388,0.36012861736334406,0.5894736842105263,0.4471057884231537
44,xgboost_smote,0.07185690850019455,0.36129032258064514,0.5894736842105263,0.448
44,xgboost_smote,0.07210938632488251,0.36245954692556637,0.5894736842105263,0.44889779559118237
44,xgboost_smote,0.07276199012994766,0.36363636363636365,0.5894736842105263,0.4497991967871486
44,xgboost_smote,0.07424968481063843,0.36482084690553745,0.5894736842105263,0.45070422535211263
44,xgboost_smote,0.07601316273212433,0.3627450980392157,0.5842105263157895,0.4475806451612903
44,xgboost_smote,0.0761539414525032,0.3639344262295082,0.5842105263157895,0.4484848484848485
44,xgboost_smote,0.07643014937639236,0.3651315789473684,0.5842105263157895,0.4493927125506073
44,xgboost_smote,0.07723649591207504,0.36303630363036304,0.5789473684210527,0.44624746450304265
44,xgboost_smote,0.07726144045591354,0.36423841059602646,0.5789473684210527,0.44715447154471544
44,xgboost_smote,0.0779891237616539,0.3654485049833887,0.5789473684210527,0.4480651731160897
44,xgboost_smote,0.07850049436092377,0.36666666666666664,0.5789473684210527,0.44897959183673464
44,xgboost_smote,0.0797339454293251,0.36789297658862874,0.5789473684210527,0.4498977505112474
44,xgboost_smote,0.08005039393901825,0.3691275167785235,0.5789473684210527,0.45081967213114754
44,xgboost_smote,0.08021655678749084,0.37037037037037035,0.5789473684210527,0.4517453798767967
44,xgboost_smote,0.0811070054769516,0.36824324324324326,0.5736842105263158,0.448559670781893
44,xgboost_smote,0.08133087307214737,0.3694915254237288,0.5736842105263158,0.4494845360824743
44,xgboost_smote,0.0818677619099617,0.3707482993197279,0.5736842105263158,0.45041322314049587
44,xgboost_smote,0.08263988047838211,0.3720136518771331,0.5736842105263158,0.45134575569358176
44,xgboost_smote,0.08312855660915375,0.3732876712328767,0.5736842105263158,0.45228215767634855
44,xgboost_smote,0.08345290273427963,0.3745704467353952,0.5736842105263158,0.4532224532224532
44,xgboost_smote,0.08349508792161942,0.3758620689655172,0.5736842105263158,0.4541666666666666
44,xgboost_smote,0.08440213650465012,0.3737024221453287,0.5684210526315789,0.4509394572025053
44,xgboost_smote,0.08535286039113998,0.3715277777777778,0.5631578947368421,0.4476987447698745
44,xgboost_smote,0.08573545515537262,0.37282229965156793,0.5631578947368421,0.4486373165618448
44,xgboost_smote,0.08922621607780457,0.3706293706293706,0.5578947368421052,0.4453781512605042
44,xgboost_smote,0.09140049666166306,0.3719298245614035,0.5578947368421052,0.44631578947368417
44,xgboost_smote,0.09225601702928543,0.3732394366197183,0.5578947368421052,0.4472573839662447
44,xgboost_smote,0.09240250289440155,0.3745583038869258,0.5578947368421052,0.4482029598308668
44,xgboost_smote,0.09310409426689148,0.375886524822695,0.5578947368421052,0.4491525423728813
44,xgboost_smote,0.09369191527366638,0.37722419928825623,0.5578947368421052,0.45010615711252655
44,xgboost_smote,0.09484884887933731,0.37857142857142856,0.5578947368421052,0.451063829787234
44,xgboost_smote,0.0957634449005127,0.37992831541218636,0.5578947368421052,0.4520255863539445
44,xgboost_smote,0.09680522233247757,0.381294964028777,0.5578947368421052,0.452991452991453
44,xgboost_smote,0.09686928242444992,0.38267148014440433,0.5578947368421052,0.4539614561027837
44,xgboost_smote,0.09783631563186646,0.38405797101449274,0.5578947368421052,0.4549356223175966
44,xgboost_smote,0.09922315180301666,0.38181818181818183,0.5526315789473685,0.4516129032258065
44,xgboost_smote,0.09934937953948975,0.38321167883211676,0.5526315789473685,0.45258620689655166
44,xgboost_smote,0.10111085325479507,0.38461538461538464,0.5526315789473685,0.4535637149028078
44,xgboost_smote,0.10228202491998672,0.3860294117647059,0.5526315789473685,0.45454545454545453
44,xgboost_smote,0.10308849811553955,0.3874538745387454,0.5526315789473685,0.45553145336225603
44,xgboost_smote,0.10462485998868942,0.3888888888888889,0.5526315789473685,0.4565217391304348
44,xgboost_smote,0.1053411066532135,0.3903345724907063,0.5526315789473685,0.4575163398692811
44,xgboost_smote,0.1079624593257904,0.3917910447761194,0.5526315789473685,0.45851528384279483
44,xgboost_smote,0.10988345742225647,0.39325842696629215,0.5526315789473685,0.4595185995623633
44,xgboost_smote,0.11018957197666168,0.39473684210526316,0.5526315789473685,0.46052631578947373
44,xgboost_smote,0.11083496361970901,0.39622641509433965,0.5526315789473685,0.46153846153846156
44,xgboost_smote,0.11224599927663803,0.3977272727272727,0.5526315789473685,0.46255506607929514
44,xgboost_smote,0.11301182210445404,0.39923954372623577,0.5526315789473685,0.46357615894039733
44,xgboost_smote,0.11348087340593338,0.40076335877862596,0.5526315789473685,0.46460176991150437
44,xgboost_smote,0.11352340877056122,0.40229885057471265,0.5526315789473685,0.46563192904656325
44,xgboost_smote,0.1147744432091713,0.40384615384615385,0.5526315789473685,0.46666666666666673
44,xgboost_smote,0.11513572186231613,0.40540540540540543,0.5526315789473685,0.467706013363029
44,xgboost_smote,0.11541695892810822,0.4069767441860465,0.5526315789473685,0.46875000000000006
44,xgboost_smote,0.11598827689886093,0.4085603112840467,0.5526315789473685,0.46979865771812085
44,xgboost_smote,0.11713898926973343,0.41015625,0.5526315789473685,0.47085201793721976
44,xgboost_smote,0.11721732467412949,0.40784313725490196,0.5473684210526316,0.4674157303370786
44,xgboost_smote,0.1186147928237915,0.4094488188976378,0.5473684210526316,0.46846846846846846
44,xgboost_smote,0.11888735741376877,0.41106719367588934,0.5473684210526316,0.4695259593679459
44,xgboost_smote,0.11967144161462784,0.4126984126984127,0.5473684210526316,0.47058823529411764
44,xgboost_smote,0.11972448229789734,0.41434262948207173,0.5473684210526316,0.471655328798186
44,xgboost_smote,0.12133084982633591,0.416,0.5473684210526316,0.4727272727272727
44,xgboost_smote,0.12547743320465088,0.41767068273092367,0.5473684210526316,0.47380410022779046
44,xgboost_smote,0.12704810500144958,0.41935483870967744,0.5473684210526316,0.4748858447488585
44,xgboost_smote,0.13013692200183868,0.42105263157894735,0.5473684210526316,0.47597254004576656
44,xgboost_smote,0.1310666799545288,0.4186991869918699,0.5421052631578948,0.4724770642201835
44,xgboost_smote,0.13286985456943512,0.4204081632653061,0.5421052631578948,0.47356321839080456
44,xgboost_smote,0.13326022028923035,0.42213114754098363,0.5421052631578948,0.4746543778801844
44,xgboost_smote,0.1340060532093048,0.42386831275720166,0.5421052631578948,0.47575057736720555
44,xgboost_smote,0.13436192274093628,0.4256198347107438,0.5421052631578948,0.4768518518518519
44,xgboost_smote,0.1343752145767212,0.42738589211618255,0.5421052631578948,0.4779582366589327
44,xgboost_smote,0.13569939136505127,0.425,0.5368421052631579,0.4744186046511628
44,xgboost_smote,0.1369597315788269,0.42677824267782427,0.5368421052631579,0.4755244755244755
44,xgboost_smote,0.13919004797935486,0.42857142857142855,0.5368421052631579,0.4766355140186916
44,xgboost_smote,0.14161621034145355,0.43037974683544306,0.5368421052631579,0.47775175644028106
44,xgboost_smote,0.14257065951824188,0.4322033898305085,0.5368421052631579,0.4788732394366197
44,xgboost_smote,0.14362742006778717,0.4340425531914894,0.5368421052631579,0.48
44,xgboost_smote,0.14672286808490753,0.4358974358974359,0.5368421052631579,0.4811320754716981
44,xgboost_smote,0.14826437830924988,0.4334763948497854,0.531578947368421,0.4775413711583924
44,xgboost_smote,0.14950747787952423,0.4353448275862069,0.531578947368421,0.4786729857819905
44,xgboost_smote,0.15288545191287994,0.43722943722943725,0.531578947368421,0.4798099762470308
44,xgboost_smote,0.1530168503522873,0.4391304347826087,0.531578947368421,0.48095238095238096
44,xgboost_smote,0.15481579303741455,0.4410480349344978,0.531578947368421,0.4821002386634845
44,xgboost_smote,0.15597204864025116,0.44298245614035087,0.531578947368421,0.4832535885167464
44,xgboost_smote,0.15616947412490845,0.44052863436123346,0.5263157894736842,0.4796163069544364
44,xgboost_smote,0.15623809397220612,0.43805309734513276,0.5210526315789473,0.4759615384615385
44,xgboost_smote,0.1583314687013626,0.43555555555555553,0.5157894736842106,0.47228915662650606
44,xgboost_smote,0.15995734930038452,0.4375,0.5157894736842106,0.47342995169082125
44,xgboost_smote,0.1626225858926773,0.43946188340807174,0.5157894736842106,0.47457627118644075
44,xgboost_smote,0.1655627340078354,0.44144144144144143,0.5157894736842106,0.47572815533980584
44,xgboost_smote,0.16929997503757477,0.43891402714932126,0.5105263157894737,0.4720194647201947
44,xgboost_smote,0.17082561552524567,0.43636363636363634,0.5052631578947369,0.4682926829268293
44,xgboost_smote,0.17346054315567017,0.4383561643835616,0.5052631578947369,0.46943765281173594
44,xgboost_smote,0.17353756725788116,0.44036697247706424,0.5052631578947369,0.47058823529411764
44,xgboost_smote,0.17652614414691925,0.4423963133640553,0.5052631578947369,0.47174447174447176
44,xgboost_smote,0.17735260725021362,0.4444444444444444,0.5052631578947369,0.47290640394088673
44,xgboost_smote,0.18151670694351196,0.44651162790697674,0.5052631578947369,0.4740740740740741
44,xgboost_smote,0.18174293637275696,0.4485981308411215,0.5052631578947369,0.4752475247524752
44,xgboost_smote,0.18273355066776276,0.4507042253521127,0.5052631578947369,0.47642679900744417
44,xgboost_smote,0.1879045069217682,0.4528301886792453,0.5052631578947369,0.47761194029850745
44,xgboost_smote,0.18925441801548004,0.45023696682464454,0.5,0.4738154613466334
44,xgboost_smote,0.1916654109954834,0.4523809523809524,0.5,0.47500000000000003
44,xgboost_smote,0.1919298619031906,0.45454545454545453,0.5,0.47619047619047616
44,xgboost_smote,0.19507630169391632,0.4567307692307692,0.5,0.47738693467336685
44,xgboost_smote,0.19520820677280426,0.45410628019323673,0.49473684210526314,0.473551637279597
44,xgboost_smote,0.19588065147399902,0.4563106796116505,0.49473684210526314,0.47474747474747475
44,xgboost_smote,0.1968865990638733,0.4585365853658537,0.49473684210526314,0.47594936708860763
44,xgboost_smote,0.2027401328086853,0.45588235294117646,0.48947368421052634,0.4720812182741117
44,xgboost_smote,0.2038649320602417,0.458128078817734,0.48947368421052634,0.47328244274809167
44,xgboost_smote,0.20446747541427612,0.4603960396039604,0.48947368421052634,0.4744897959183674
44,xgboost_smote,0.20791520178318024,0.4626865671641791,0.48947368421052634,0.4757033248081842
44,xgboost_smote,0.21320244669914246,0.465,0.48947368421052634,0.47692307692307695
44,xgboost_smote,0.21788108348846436,0.46733668341708545,0.48947368421052634,0.4781491002570694
44,xgboost_smote,0.22407867014408112,0.4696969696969697,0.48947368421052634,0.47938144329896915
44,xgboost_smote,0.23042486608028412,0.4720812182741117,0.48947368421052634,0.4806201550387597
44,xgboost_smote,0.23108351230621338,0.4744897959183674,0.48947368421052634,0.4818652849740933
44,xgboost_smote,0.23268337547779083,0.4717948717948718,0.4842105263157895,0.4779220779220779
44,xgboost_smote,0.23724868893623352,0.4742268041237113,0.4842105263157895,0.47916666666666663
44,xgboost_smote,0.2400835007429123,0.47668393782383417,0.4842105263157895,0.48041775456919056
44,xgboost_smote,0.24408091604709625,0.4739583333333333,0.4789473684210526,0.4764397905759162
44,xgboost_smote,0.24457353353500366,0.4712041884816754,0.47368421052631576,0.47244094488188976
44,xgboost_smote,0.24683968722820282,0.47368421052631576,0.47368421052631576,0.47368421052631576
44,xgboost_smote,0.24709542095661163,0.47619047619047616,0.47368421052631576,0.47493403693931396
44,xgboost_smote,0.24782298505306244,0.4787234042553192,0.47368421052631576,0.47619047619047616
44,xgboost_smote,0.25136587023735046,0.48128342245989303,0.47368421052631576,0.47745358090185674
44,xgboost_smote,0.25235408544540405,0.4838709677419355,0.47368421052631576,0.4787234042553192
44,xgboost_smote,0.25248557329177856,0.4864864864864865,0.47368421052631576,0.4799999999999999
44,xgboost_smote,0.25999706983566284,0.4891304347826087,0.47368421052631576,0.4812834224598931
44,xgboost_smote,0.26039522886276245,0.4918032786885246,0.47368421052631576,0.4825737265415549
44,xgboost_smote,0.2622824013233185,0.4945054945054945,0.47368421052631576,0.4838709677419355
44,xgboost_smote,0.26609230041503906,0.4972375690607735,0.47368421052631576,0.48517520215633425
44,xgboost_smote,0.27329549193382263,0.49444444444444446,0.46842105263157896,0.48108108108108105
44,xgboost_smote,0.2737661600112915,0.4972067039106145,0.46842105263157896,0.4823848238482385
44,xgboost_smote,0.29496562480926514,0.5,0.46842105263157896,0.483695652173913
44,xgboost_smote,0.2968765199184418,0.5028248587570622,0.46842105263157896,0.4850136239782017
44,xgboost_smote,0.2983640134334564,0.5,0.4631578947368421,0.4808743169398907
44,xgboost_smote,0.3062511682510376,0.49714285714285716,0.45789473684210524,0.4767123287671232
44,xgboost_smote,0.30660808086395264,0.4942528735632184,0.45263157894736844,0.4725274725274725
44,xgboost_smote,0.31495240330696106,0.49710982658959535,0.45263157894736844,0.4738292011019284
44,xgboost_smote,0.3258022964000702,0.5,0.45263157894736844,0.47513812154696133
44,xgboost_smote,0.3336433470249176,0.49707602339181284,0.4473684210526316,0.4709141274238227
44,xgboost_smote,0.35158637166023254,0.5,0.4473684210526316,0.4722222222222222
44,xgboost_smote,0.3555058240890503,0.5029585798816568,0.4473684210526316,0.4735376044568246
44,xgboost_smote,0.3701198697090149,0.5059523809523809,0.4473684210526316,0.4748603351955307
44,xgboost_smote,0.3753003478050232,0.5089820359281437,0.4473684210526316,0.4761904761904762
44,xgboost_smote,0.38122156262397766,0.5120481927710844,0.4473684210526316,0.4775280898876405
44,xgboost_smote,0.38123923540115356,0.5151515151515151,0.4473684210526316,0.4788732394366197
44,xgboost_smote,0.39068031311035156,0.5121951219512195,0.4421052631578947,0.47457627118644063
44,xgboost_smote,0.39250266551971436,0.50920245398773,0.4368421052631579,0.4702549575070821
44,xgboost_smote,0.40489476919174194,0.5123456790123457,0.4368421052631579,0.4715909090909091
44,xgboost_smote,0.41547566652297974,0.515527950310559,0.4368421052631579,0.47293447293447294
44,xgboost_smote,0.42225155234336853,0.51875,0.4368421052631579,0.4742857142857143
44,xgboost_smote,0.4233948290348053,0.5220125786163522,0.4368421052631579,0.4756446991404012
44,xgboost_smote,0.4261093735694885,0.5253164556962026,0.4368421052631579,0.4770114942528736
44,xgboost_smote,0.43104028701782227,0.5286624203821656,0.4368421052631579,0.4783861671469741
44,xgboost_smote,0.43426379561424255,0.5256410256410257,0.43157894736842106,0.47398843930635837
44,xgboost_smote,0.43434861302375793,0.5290322580645161,0.43157894736842106,0.4753623188405797
44,xgboost_smote,0.4385090470314026,0.5324675324675324,0.43157894736842106,0.4767441860465116
44,xgboost_smote,0.44571152329444885,0.5359477124183006,0.43157894736842106,0.478134110787172
44,xgboost_smote,0.45182421803474426,0.5328947368421053,0.4263157894736842,0.4736842105263158
44,xgboost_smote,0.4523417055606842,0.5298013245033113,0.42105263157894735,0.46920821114369504
44,xgboost_smote,0.45381662249565125,0.5333333333333333,0.42105263157894735,0.47058823529411764
44,xgboost_smote,0.4621032178401947,0.5369127516778524,0.42105263157894735,0.471976401179941
44,xgboost_smote,0.46586793661117554,0.5405405405405406,0.42105263157894735,0.4733727810650888
44,xgboost_smote,0.4676918387413025,0.54421768707483,0.42105263157894735,0.47477744807121663
44,xgboost_smote,0.472768098115921,0.547945205479452,0.42105263157894735,0.47619047619047616
44,xgboost_smote,0.4744899272918701,0.5448275862068965,0.41578947368421054,0.4716417910447761
44,xgboost_smote,0.4754621386528015,0.5486111111111112,0.41578947368421054,0.4730538922155689
44,xgboost_smote,0.481903612613678,0.5454545454545454,0.4105263157894737,0.46846846846846846
44,xgboost_smote,0.4864184260368347,0.5492957746478874,0.4105263157894737,0.4698795180722891
44,xgboost_smote,0.49406155943870544,0.5531914893617021,0.4105263157894737,0.4712990936555891
44,xgboost_smote,0.49937114119529724,0.5571428571428572,0.4105263157894737,0.4727272727272728
44,xgboost_smote,0.5016451478004456,0.5611510791366906,0.4105263157894737,0.4741641337386018
44,xgboost_smote,0.5036118030548096,0.5652173913043478,0.4105263157894737,0.47560975609756095
44,xgboost_smote,0.5175982117652893,0.5620437956204379,0.4052631578947368,0.47094801223241584
44,xgboost_smote,0.5221762657165527,0.5661764705882353,0.4052631578947368,0.4723926380368098
44,xgboost_smote,0.533107578754425,0.5703703703703704,0.4052631578947368,0.47384615384615386
44,xgboost_smote,0.5378615856170654,0.5671641791044776,0.4,0.46913580246913583
44,xgboost_smote,0.545222282409668,0.5714285714285714,0.4,0.47058823529411764
44,xgboost_smote,0.5480408668518066,0.5757575757575758,0.4,0.47204968944099385
44,xgboost_smote,0.5514693856239319,0.5801526717557252,0.4,0.4735202492211838
44,xgboost_smote,0.554848849773407,0.5769230769230769,0.39473684210526316,0.46875
44,xgboost_smote,0.556581974029541,0.5813953488372093,0.39473684210526316,0.4702194357366771
44,xgboost_smote,0.563967227935791,0.5859375,0.39473684210526316,0.4716981132075472
44,xgboost_smote,0.5661561489105225,0.5826771653543307,0.3894736842105263,0.4668769716088328
44,xgboost_smote,0.5664303302764893,0.5873015873015873,0.3894736842105263,0.46835443037974683
44,xgboost_smote,0.5705908536911011,0.592,0.3894736842105263,0.46984126984126984
44,xgboost_smote,0.5786911845207214,0.5887096774193549,0.38421052631578945,0.46496815286624205
44,xgboost_smote,0.5797892808914185,0.5934959349593496,0.38421052631578945,0.4664536741214057
44,xgboost_smote,0.5852581262588501,0.5983606557377049,0.38421052631578945,0.46794871794871795
44,xgboost_smote,0.5907615423202515,0.5950413223140496,0.37894736842105264,0.4630225080385852
44,xgboost_smote,0.5949705839157104,0.5916666666666667,0.3736842105263158,0.4580645161290323
44,xgboost_smote,0.6017369627952576,0.5966386554621849,0.3736842105263158,0.4595469255663431
44,xgboost_smote,0.6065940856933594,0.5932203389830508,0.3684210526315789,0.4545454545454545
44,xgboost_smote,0.6066759824752808,0.5897435897435898,0.3631578947368421,0.4495114006514658
44,xgboost_smote,0.6187276840209961,0.5948275862068966,0.3631578947368421,0.45098039215686275
44,xgboost_smote,0.6208993792533875,0.591304347826087,0.35789473684210527,0.4459016393442623
44,xgboost_smote,0.6229791045188904,0.5964912280701754,0.35789473684210527,0.4473684210526316
44,xgboost_smote,0.6371600031852722,0.6017699115044248,0.35789473684210527,0.4488448844884489
44,xgboost_smote,0.6400833129882812,0.6071428571428571,0.35789473684210527,0.4503311258278146
44,xgboost_smote,0.6438400745391846,0.6126126126126126,0.35789473684210527,0.4518272425249169
44,xgboost_smote,0.6570215225219727,0.6181818181818182,0.35789473684210527,0.4533333333333333
44,xgboost_smote,0.660265326499939,0.6146788990825688,0.3526315789473684,0.4481605351170569
44,xgboost_smote,0.6604968309402466,0.6111111111111112,0.3473684210526316,0.4429530201342282
44,xgboost_smote,0.6640602350234985,0.6074766355140186,0.34210526315789475,0.4377104377104377
44,xgboost_smote,0.6656196713447571,0.6037735849056604,0.3368421052631579,0.4324324324324324
44,xgboost_smote,0.679598867893219,0.6095238095238096,0.3368421052631579,0.4338983050847458
44,xgboost_smote,0.683008074760437,0.6153846153846154,0.3368421052631579,0.435374149659864
44,xgboost_smote,0.6843494176864624,0.6213592233009708,0.3368421052631579,0.43686006825938567
44,xgboost_smote,0.6891566514968872,0.6176470588235294,0.33157894736842103,0.4315068493150685
44,xgboost_smote,0.694689929485321,0.6138613861386139,0.3263157894736842,0.4261168384879725
44,xgboost_smote,0.6960077285766602,0.61,0.32105263157894737,0.4206896551724138
44,xgboost_smote,0.6972858309745789,0.6161616161616161,0.32105263157894737,0.42214532871972316
44,xgboost_smote,0.6988438367843628,0.6122448979591837,0.3157894736842105,0.41666666666666663
44,xgboost_smote,0.7005622386932373,0.6185567010309279,0.3157894736842105,0.41811846689895465
44,xgboost_smote,0.7007651925086975,0.625,0.3157894736842105,0.4195804195804196
44,xgboost_smote,0.7085028886795044,0.631578947368421,0.3157894736842105,0.42105263157894735
44,xgboost_smote,0.7149516940116882,0.6382978723404256,0.3157894736842105,0.4225352112676056
44,xgboost_smote,0.7188337445259094,0.6451612903225806,0.3157894736842105,0.4240282685512367
44,xgboost_smote,0.7223740220069885,0.6413043478260869,0.3105263157894737,0.41843971631205673
44,xgboost_smote,0.7272602915763855,0.6373626373626373,0.30526315789473685,0.4128113879003559
44,xgboost_smote,0.7287128567695618,0.6444444444444445,0.30526315789473685,0.4142857142857143
44,xgboost_smote,0.7355474233627319,0.6404494382022472,0.3,0.4086021505376344
44,xgboost_smote,0.7363463044166565,0.6363636363636364,0.29473684210526313,0.4028776978417266
44,xgboost_smote,0.7407808303833008,0.6436781609195402,0.29473684210526313,0.4043321299638989
44,xgboost_smote,0.7453808188438416,0.6511627906976745,0.29473684210526313,0.40579710144927533
44,xgboost_smote,0.7543630003929138,0.6588235294117647,0.29473684210526313,0.40727272727272723
44,xgboost_smote,0.7553259134292603,0.6547619047619048,0.2894736842105263,0.40145985401459855
44,xgboost_smote,0.7651661038398743,0.6506024096385542,0.28421052631578947,0.3956043956043956
44,xgboost_smote,0.7752968668937683,0.6585365853658537,0.28421052631578947,0.3970588235294118
44,xgboost_smote,0.7765616774559021,0.6666666666666666,0.28421052631578947,0.3985239852398524
44,xgboost_smote,0.796541154384613,0.675,0.28421052631578947,0.39999999999999997
44,xgboost_smote,0.7977104187011719,0.6835443037974683,0.28421052631578947,0.40148698884758366
44,xgboost_smote,0.8034713268280029,0.6794871794871795,0.2789473684210526,0.39552238805970147
44,xgboost_smote,0.805382251739502,0.6883116883116883,0.2789473684210526,0.39700374531835203
44,xgboost_smote,0.8062465190887451,0.6973684210526315,0.2789473684210526,0.39849624060150374
44,xgboost_smote,0.8242685794830322,0.7066666666666667,0.2789473684210526,0.39999999999999997
44,xgboost_smote,0.8273629546165466,0.7162162162162162,0.2789473684210526,0.4015151515151515
44,xgboost_smote,0.8279150724411011,0.7123287671232876,0.2736842105263158,0.3954372623574145
44,xgboost_smote,0.8338154554367065,0.7083333333333334,0.26842105263157895,0.3893129770992366
44,xgboost_smote,0.8362351655960083,0.7183098591549296,0.26842105263157895,0.3908045977011494
44,xgboost_smote,0.8429347276687622,0.7142857142857143,0.2631578947368421,0.3846153846153846
44,xgboost_smote,0.8432736396789551,0.7246376811594203,0.2631578947368421,0.3861003861003861
44,xgboost_smote,0.8453670144081116,0.7205882352941176,0.2578947368421053,0.3798449612403101
44,xgboost_smote,0.8508201241493225,0.7313432835820896,0.2578947368421053,0.3813229571984436
44,xgboost_smote,0.8573309779167175,0.7424242424242424,0.2578947368421053,0.38281250000000006
44,xgboost_smote,0.8606947064399719,0.7384615384615385,0.25263157894736843,0.3764705882352941
44,xgboost_smote,0.8609713912010193,0.734375,0.24736842105263157,0.3700787401574803
44,xgboost_smote,0.8691155910491943,0.7301587301587301,0.24210526315789474,0.36363636363636365
44,xgboost_smote,0.8804967403411865,0.7258064516129032,0.23684210526315788,0.3571428571428571
44,xgboost_smote,0.8806259632110596,0.7213114754098361,0.23157894736842105,0.350597609561753
44,xgboost_smote,0.8830848932266235,0.7333333333333333,0.23157894736842105,0.35200000000000004
44,xgboost_smote,0.8857918977737427,0.7288135593220338,0.22631578947368422,0.3453815261044177
44,xgboost_smote,0.8907685279846191,0.7413793103448276,0.22631578947368422,0.34677419354838707
44,xgboost_smote,0.8929498791694641,0.7543859649122807,0.22631578947368422,0.3481781376518219
44,xgboost_smote,0.8949586749076843,0.7678571428571429,0.22631578947368422,0.3495934959349593
44,xgboost_smote,0.8975573778152466,0.7636363636363637,0.22105263157894736,0.34285714285714286
44,xgboost_smote,0.8977726697921753,0.7777777777777778,0.22105263157894736,0.3442622950819672
44,xgboost_smote,0.9026985764503479,0.7924528301886793,0.22105263157894736,0.345679012345679
44,xgboost_smote,0.9056175947189331,0.8076923076923077,0.22105263157894736,0.34710743801652894
44,xgboost_smote,0.9068743586540222,0.8235294117647058,0.22105263157894736,0.34854771784232363
44,xgboost_smote,0.9186489582061768,0.82,0.21578947368421053,0.34166666666666673
44,xgboost_smote,0.9255726933479309,0.8163265306122449,0.21052631578947367,0.33472803347280333
44,xgboost_smote,0.9280564188957214,0.8125,0.20526315789473684,0.3277310924369748
44,xgboost_smote,0.935534656047821,0.8085106382978723,0.2,0.3206751054852321
44,xgboost_smote,0.9356008172035217,0.8043478260869565,0.19473684210526315,0.3135593220338983
44,xgboost_smote,0.9372826814651489,0.8222222222222222,0.19473684210526315,0.3148936170212766
44,xgboost_smote,0.9377977848052979,0.8181818181818182,0.18947368421052632,0.3076923076923077
44,xgboost_smote,0.9388203024864197,0.813953488372093,0.18421052631578946,0.3004291845493562
44,xgboost_smote,0.940301239490509,0.8095238095238095,0.17894736842105263,0.2931034482758621
44,xgboost_smote,0.9427601099014282,0.8292682926829268,0.17894736842105263,0.29437229437229434
44,xgboost_smote,0.9440534710884094,0.85,0.17894736842105263,0.2956521739130435
44,xgboost_smote,0.9445475339889526,0.8461538461538461,0.1736842105263158,0.2882096069868996
44,xgboost_smote,0.9450819492340088,0.8421052631578947,0.16842105263157894,0.2807017543859649
44,xgboost_smote,0.9561334252357483,0.8378378378378378,0.1631578947368421,0.27312775330396477
44,xgboost_smote,0.9589244723320007,0.8333333333333334,0.15789473684210525,0.2654867256637168
44,xgboost_smote,0.960425853729248,0.8285714285714286,0.15263157894736842,0.2577777777777778
44,xgboost_smote,0.9620867967605591,0.8529411764705882,0.15263157894736842,0.25892857142857145
44,xgboost_smote,0.9627724289894104,0.8484848484848485,0.14736842105263157,0.2511210762331838
44,xgboost_smote,0.9634056687355042,0.875,0.14736842105263157,0.25225225225225223
44,xgboost_smote,0.9641833305358887,0.8709677419354839,0.14210526315789473,0.24434389140271495
44,xgboost_smote,0.9666778445243835,0.8666666666666667,0.1368421052631579,0.2363636363636364
44,xgboost_smote,0.9675979614257812,0.8620689655172413,0.13157894736842105,0.228310502283105
44,xgboost_smote,0.9716128706932068,0.8928571428571429,0.13157894736842105,0.2293577981651376
44,xgboost_smote,0.9729475975036621,0.8888888888888888,0.12631578947368421,0.22119815668202766
44,xgboost_smote,0.9734604954719543,0.8846153846153846,0.12105263157894737,0.212962962962963
44,xgboost_smote,0.9734748601913452,0.88,0.11578947368421053,0.20465116279069767
44,xgboost_smote,0.9744422435760498,0.875,0.11052631578947368,0.19626168224299065
44,xgboost_smote,0.974847674369812,0.8695652173913043,0.10526315789473684,0.18779342723004694
44,xgboost_smote,0.9762100577354431,0.8636363636363636,0.1,0.17924528301886794
44,xgboost_smote,0.9766469597816467,0.8571428571428571,0.09473684210526316,0.17061611374407584
44,xgboost_smote,0.9773669838905334,0.85,0.08947368421052632,0.1619047619047619
44,xgboost_smote,0.9798275232315063,0.8421052631578947,0.08421052631578947,0.15311004784688995
44,xgboost_smote,0.9809179306030273,0.8333333333333334,0.07894736842105263,0.14423076923076922
44,xgboost_smote,0.9822303652763367,0.8235294117647058,0.07368421052631578,0.13526570048309178
44,xgboost_smote,0.9843224883079529,0.875,0.07368421052631578,0.13592233009708737
44,xgboost_smote,0.9851334095001221,0.9333333333333333,0.07368421052631578,0.13658536585365852
44,xgboost_smote,0.9872409701347351,1.0,0.07368421052631578,0.1372549019607843
44,xgboost_smote,0.9873898029327393,1.0,0.06842105263157895,0.12807881773399016
44,xgboost_smote,0.9883348941802979,1.0,0.06315789473684211,0.11881188118811882
44,xgboost_smote,0.990501880645752,1.0,0.05789473684210526,0.10945273631840796
44,xgboost_smote,0.9921334981918335,1.0,0.05263157894736842,0.1
44,xgboost_smote,0.993122398853302,1.0,0.04736842105263158,0.09045226130653267
44,xgboost_smote,0.9943379759788513,1.0,0.042105263157894736,0.08080808080808081
44,xgboost_smote,0.9954922199249268,1.0,0.03684210526315789,0.07106598984771574
44,xgboost_smote,0.9964300990104675,1.0,0.031578947368421054,0.061224489795918366
44,xgboost_smote,0.9967232346534729,1.0,0.02631578947368421,0.05128205128205127
44,xgboost_smote,0.9972038269042969,1.0,0.021052631578947368,0.041237113402061855
44,xgboost_smote,0.9972364902496338,1.0,0.015789473684210527,0.031088082901554404
44,xgboost_smote,0.9983835220336914,1.0,0.010526315789473684,0.020833333333333332
44,xgboost_smote,0.9990677237510681,1.0,0.005263157894736842,0.010471204188481674
45,logreg_smote,0.00038817683350481953,0.16156462585034015,1.0,0.2781844802342606
45,logreg_smote,0.0010633128353461688,0.16170212765957448,1.0,0.2783882783882784
45,logreg_smote,0.001485826394362968,0.16183986371379896,1.0,0.2785923753665689
45,logreg_smote,0.00167999872081726,0.16197783461210571,1.0,0.27879677182685253
45,logreg_smote,0.0020958051999689087,0.1621160409556314,1.0,0.2790014684287812
45,logreg_smote,0.0024439519532462274,0.16225448334756618,1.0,0.27920646583394565
45,logreg_smote,0.0034063296259517948,0.1623931623931624,1.0,0.27941176470588236
45,logreg_smote,0.003501710549050227,0.16253207869974337,1.0,0.27961736571008095
45,logreg_smote,0.003618555093772787,0.16267123287671234,1.0,0.27982326951399117
45,logreg_smote,0.00372980769171774,0.16281062553556128,1.0,0.2800294767870302
45,logreg_smote,0.004312410020192667,0.1620926243567753,0.9947368421052631,0.27876106194690264
45,logreg_smote,0.004458153317210863,0.16223175965665235,0.9947368421052631,0.2789667896678967
45,logreg_smote,0.004645964900647242,0.16237113402061856,0.9947368421052631,0.2791728212703102
45,logreg_smote,0.0047444905588383225,0.16251074806534824,0.9947368421052631,0.2793791574279379
45,logreg_smote,0.005262088923323499,0.16265060240963855,0.9947368421052631,0.27958579881656803
45,logreg_smote,0.005800792871720987,0.16279069767441862,0.9947368421052631,0.27979274611398963
45,logreg_smote,0.006034308194162978,0.1629310344827586,0.9947368421052631,0.28
45,logreg_smote,0.006101669798241849,0.1630716134598792,0.9947368421052631,0.2802075611564122
45,logreg_smote,0.006217588282434986,0.16321243523316062,0.9947368421052631,0.28041543026706234
45,logreg_smote,0.006368076134342944,0.1633535004321521,0.9947368421052631,0.2806236080178174
45,logreg_smote,0.006792437788278602,0.16349480968858132,0.9947368421052631,0.28083209509658247
45,logreg_smote,0.007470003174383752,0.16363636363636364,0.9947368421052631,0.2810408921933086
45,logreg_smote,0.007834523952265832,0.1637781629116118,0.9947368421052631,0.28125
45,logreg_smote,0.008145974256850133,0.16392020815264527,0.9947368421052631,0.2814594192107223
45,logreg_smote,0.008318041620642888,0.1640625,0.9947368421052631,0.2816691505216095
45,logreg_smote,0.008865426094603487,0.16420503909643788,0.9947368421052631,0.2818791946308725
45,logreg_smote,0.00890174937274971,0.16434782608695653,0.9947368421052631,0.28208955223880594
45,logreg_smote,0.00900463341188487,0.16449086161879894,0.9947368421052631,0.28230022404779687
45,logreg_smote,0.009122392760518582,0.16463414634146342,0.9947368421052631,0.2825112107623319
45,logreg_smote,0.009274999151188337,0.16477768090671316,0.9947368421052631,0.2827225130890052
45,logreg_smote,0.009299077578318516,0.1649214659685864,0.9947368421052631,0.28293413173652693
45,logreg_smote,0.00963297456268878,0.16506550218340613,0.9947368421052631,0.28314606741573034
45,logreg_smote,0.009691549351407385,0.1652097902097902,0.9947368421052631,0.28335832083958024
45,logreg_smote,0.010168349660900727,0.16535433070866143,0.9947368421052631,0.2835708927231808
45,logreg_smote,0.010240904566302337,0.16549912434325745,0.9947368421052631,0.28378378378378377
45,logreg_smote,0.010435208605198178,0.1656441717791411,0.9947368421052631,0.28399699474079637
45,logreg_smote,0.010919955828863577,0.16578947368421051,0.9947368421052631,0.28421052631578947
45,logreg_smote,0.010953372854107723,0.16593503072870938,0.9947368421052631,0.28442437923250563
45,logreg_smote,0.011192987875234013,0.16608084358523725,0.9947368421052631,0.2846385542168675
45,logreg_smote,0.01121517630643229,0.1662269129287599,0.9947368421052631,0.28485305199698574
45,logreg_smote,0.01138337315355473,0.16637323943661972,0.9947368421052631,0.2850678733031674
45,logreg_smote,0.01183117728040987,0.16651982378854627,0.9947368421052631,0.28528301886792456
45,logreg_smote,0.011964903499296204,0.1657848324514991,0.9894736842105263,0.28398791540785495
45,logreg_smote,0.01284933075024052,0.16593115622241836,0.9894736842105263,0.2842025699168556
45,logreg_smote,0.013686889579065829,0.16607773851590105,0.9894736842105263,0.28441754916792733
45,logreg_smote,0.013829942911648659,0.16622458001768348,0.9894736842105263,0.28463285389856174
45,logreg_smote,0.014154491166131829,0.1663716814159292,0.9894736842105263,0.2848484848484848
45,logreg_smote,0.014319871049328853,0.16651904340124005,0.9894736842105263,0.2850644427596664
45,logreg_smote,0.014458103923429314,0.16666666666666666,0.9894736842105263,0.28528072837632773
45,logreg_smote,0.014803436670449824,0.1668145519077196,0.9894736842105263,0.2854973424449507
45,logreg_smote,0.014920209294804294,0.1669626998223801,0.9894736842105263,0.2857142857142857
45,logreg_smote,0.014958396715340721,0.1671111111111111,0.9894736842105263,0.2859315589353612
45,logreg_smote,0.015002953976493448,0.16725978647686832,0.9894736842105263,0.28614916286149156
45,logreg_smote,0.015184078907576603,0.1674087266251113,0.9894736842105263,0.2863670982482864
45,logreg_smote,0.015253845138744952,0.16755793226381463,0.9894736842105263,0.28658536585365857
45,logreg_smote,0.015266170009945049,0.16770740410347904,0.9894736842105263,0.28680396643783374
45,logreg_smote,0.015501455003289937,0.16785714285714284,0.9894736842105263,0.28702290076335873
45,logreg_smote,0.015904645221731812,0.1680071492403932,0.9894736842105263,0.2872421695951108
45,logreg_smote,0.016039172815269294,0.16815742397137745,0.9894736842105263,0.2874617737003058
45,logreg_smote,0.016641410461042398,0.1683079677708147,0.9894736842105263,0.28768171384850805
45,logreg_smote,0.01669542744481808,0.16845878136200718,0.9894736842105263,0.2879019908116386
45,logreg_smote,0.017085600434275486,0.16860986547085202,0.9894736842105263,0.28812260536398465
45,logreg_smote,0.017292635422221845,0.16786355475763015,0.9842105263157894,0.28680981595092025
45,logreg_smote,0.017812081624939465,0.16801437556154536,0.9842105263157894,0.2870299309286262
45,logreg_smote,0.018149315758899526,0.1681654676258993,0.9842105263157894,0.2872503840245776
45,logreg_smote,0.018173132513182116,0.16831683168316833,0.9842105263157894,0.28747117601844735
45,logreg_smote,0.01818850784342639,0.16846846846846847,0.9842105263157894,0.2876923076923077
45,logreg_smote,0.018525779145462,0.16862037871956717,0.9842105263157894,0.2879137798306389
45,logreg_smote,0.018930168353247744,0.16877256317689532,0.9842105263157894,0.288135593220339
45,logreg_smote,0.01899699058070682,0.16892502258355918,0.9842105263157894,0.2883577486507325
45,logreg_smote,0.019650828865199244,0.16907775768535263,0.9842105263157894,0.28858024691358025
45,logreg_smote,0.01993619357246036,0.16923076923076924,0.9842105263157894,0.2888030888030888
45,logreg_smote,0.020295771958511056,0.1693840579710145,0.9842105263157894,0.28902627511591966
45,logreg_smote,0.02053204988275697,0.16953762466001812,0.9842105263157894,0.2892498066511987
45,logreg_smote,0.020833923439211186,0.16969147005444646,0.9842105263157894,0.2894736842105263
45,logreg_smote,0.021121151979569867,0.16984559491371481,0.9842105263157894,0.28969790859798605
45,logreg_smote,0.021209750088759513,0.17,0.9842105263157894,0.2899224806201551
45,logreg_smote,0.021621512029924465,0.17015468607825296,0.9842105263157894,0.29014740108611325
45,logreg_smote,0.021643282853195174,0.1703096539162113,0.9842105263157894,0.29037267080745344
45,logreg_smote,0.021733544095881987,0.17046490428441202,0.9842105263157894,0.2905982905982906
45,logreg_smote,0.022096792233725716,0.17062043795620438,0.9842105263157894,0.29082426127527217
45,logreg_smote,0.02236246862581435,0.17077625570776256,0.9842105263157894,0.2910505836575875
45,logreg_smote,0.022363830849321815,0.17093235831809872,0.9842105263157894,0.2912772585669782
45,logreg_smote,0.02305393002884903,0.17108874656907594,0.9842105263157894,0.2915042868277474
45,logreg_smote,0.023209261411846014,0.17032967032967034,0.9789473684210527,0.29017160686427457
45,logreg_smote,0.02363318317046232,0.17048579285059579,0.9789473684210527,0.2903981264637003
45,logreg_smote,0.024675658068198953,0.1706422018348624,0.9789473684210527,0.290625
45,logreg_smote,0.0247491644501115,0.17079889807162535,0.9789473684210527,0.290852228303362
45,logreg_smote,0.025348438277649873,0.17095588235294118,0.9789473684210527,0.29107981220657275
45,logreg_smote,0.02539268934858437,0.17111315547378106,0.9789473684210527,0.29130775254502744
45,logreg_smote,0.02570258260961327,0.1712707182320442,0.9789473684210527,0.29153605015673983
45,logreg_smote,0.025705197277620724,0.17142857142857143,0.9789473684210527,0.2917647058823529
45,logreg_smote,0.026586489257995827,0.17158671586715868,0.9789473684210527,0.2919937205651491
45,logreg_smote,0.026600761178440475,0.17174515235457063,0.9789473684210527,0.2922230950510605
45,logreg_smote,0.026675707232901857,0.17190388170055454,0.9789473684210527,0.29245283018867924
45,logreg_smote,0.02722594953453447,0.17206290471785385,0.9789473684210527,0.29268292682926833
45,logreg_smote,0.02733661693348711,0.17222222222222222,0.9789473684210527,0.2929133858267717
45,logreg_smote,0.027362577671222996,0.17238183503243745,0.9789473684210527,0.2931442080378251
45,logreg_smote,0.02801526411132018,0.1725417439703154,0.9789473684210527,0.2933753943217666
45,logreg_smote,0.028084716466890383,0.17270194986072424,0.9789473684210527,0.29360694554064726
45,logreg_smote,0.028383194255752607,0.17286245353159851,0.9789473684210527,0.29383886255924174
45,logreg_smote,0.028463194018013945,0.17302325581395347,0.9789473684210527,0.2940711462450593
45,logreg_smote,0.029400576942602532,0.17318435754189945,0.9789473684210527,0.29430379746835444
45,logreg_smote,0.029851992784779995,0.1733457595526561,0.9789473684210527,0.29453681710213775
45,logreg_smote,0.029972024426529208,0.17350746268656717,0.9789473684210527,0.29477020602218695
45,logreg_smote,0.030164829635014535,0.17366946778711484,0.9789473684210527,0.2950039651070579
45,logreg_smote,0.03067270368213673,0.17383177570093458,0.9789473684210527,0.29523809523809524
45,logreg_smote,0.0307113929711305,0.17399438727782976,0.9789473684210527,0.29547259729944403
45,logreg_smote,0.030744276115245495,0.17415730337078653,0.9789473684210527,0.2957074721780604
45,logreg_smote,0.030756421651295492,0.17432052483598875,0.9789473684210527,0.29594272076372313
45,logreg_smote,0.030827496746152833,0.17448405253283303,0.9789473684210527,0.29617834394904463
45,logreg_smote,0.03092564553883618,0.17464788732394365,0.9789473684210527,0.296414342629482
45,logreg_smote,0.030995494327862923,0.17481203007518797,0.9789473684210527,0.29665071770334933
45,logreg_smote,0.031477063037465544,0.17497648165569143,0.9789473684210527,0.29688747007182764
45,logreg_smote,0.03162165841635377,0.17419962335216574,0.9736842105263158,0.29552715654952083
45,logreg_smote,0.03186106905227398,0.17436380772855797,0.9736842105263158,0.29576338928856916
45,logreg_smote,0.03198370439070295,0.17452830188679244,0.9736842105263158,0.296
45,logreg_smote,0.03224623932347503,0.17469310670443816,0.9736842105263158,0.2962369895916733
45,logreg_smote,0.032674712038267675,0.17485822306238186,0.9736842105263158,0.2964743589743589
45,logreg_smote,0.03309798448810713,0.1750236518448439,0.9736842105263158,0.2967121090617482
45,logreg_smote,0.033955022996981894,0.17518939393939395,0.9736842105263158,0.2969502407704655
45,logreg_smote,0.03441599253088682,0.17535545023696683,0.9736842105263158,0.2971887550200803
45,logreg_smote,0.03502826389333354,0.17552182163187854,0.9736842105263158,0.29742765273311894
45,logreg_smote,0.03516679757342716,0.17568850902184235,0.9736842105263158,0.29766693483507645
45,logreg_smote,0.03529546107867495,0.1758555133079848,0.9736842105263158,0.2979066022544284
45,logreg_smote,0.036040424361699394,0.17602283539486205,0.9736842105263158,0.29814665592264306
45,logreg_smote,0.03645601201680103,0.1761904761904762,0.9736842105263158,0.29838709677419356
45,logreg_smote,0.036602277571261485,0.17635843660629172,0.9736842105263158,0.2986279257465698
45,logreg_smote,0.036620443989537774,0.1765267175572519,0.9736842105263158,0.29886914378029084
45,logreg_smote,0.036635777878181744,0.1766953199617956,0.9736842105263158,0.2991107518189167
45,logreg_smote,0.036953251933000385,0.17686424474187382,0.9736842105263158,0.2993527508090615
45,logreg_smote,0.03723608934954428,0.17703349282296652,0.9736842105263158,0.29959514170040485
45,logreg_smote,0.03797567208197291,0.1772030651340996,0.9736842105263158,0.29983792544570503
45,logreg_smote,0.03845397853554801,0.17737296260786195,0.9736842105263158,0.30008110300081103
45,logreg_smote,0.03857486716856606,0.17754318618042225,0.9736842105263158,0.30032467532467527
45,logreg_smote,0.03896801839405202,0.1777137367915466,0.9736842105263158,0.30056864337936634
45,logreg_smote,0.03896825420287661,0.1778846153846154,0.9736842105263158,0.3008130081300813
45,logreg_smote,0.03915368189701332,0.17805582290664101,0.9736842105263158,0.3010577705451587
45,logreg_smote,0.03928202430358524,0.17822736030828518,0.9736842105263158,0.30130293159609123
45,logreg_smote,0.03932778865626844,0.17839922854387658,0.9736842105263158,0.3015484922575387
45,logreg_smote,0.03944262250205265,0.17857142857142858,0.9736842105263158,0.30179445350734097
45,logreg_smote,0.0402277368055406,0.178743961352657,0.9736842105263158,0.30204081632653057
45,logreg_smote,0.04088605298066911,0.17891682785299806,0.9736842105263158,0.3022875816993464
45,logreg_smote,0.04091252329266931,0.17909002904162633,0.9736842105263158,0.3025347506132461
45,logreg_smote,0.0414476190769674,0.17926356589147288,0.9736842105263158,0.3027823240589198
45,logreg_smote,0.041591120647092264,0.17943743937924345,0.9736842105263158,0.30303030303030304
45,logreg_smote,0.042422637306235134,0.1796116504854369,0.9736842105263158,0.30327868852459017
45,logreg_smote,0.04243038643061668,0.17978620019436345,0.9736842105263158,0.30352748154224773
45,logreg_smote,0.04251595386963274,0.17996108949416342,0.9736842105263158,0.30377668308702793
45,logreg_smote,0.04260344472494419,0.1801363193768257,0.9736842105263158,0.3040262941659819
45,logreg_smote,0.0426342570269397,0.18031189083820662,0.9736842105263158,0.3042763157894737
45,logreg_smote,0.04273117500537018,0.18048780487804877,0.9736842105263158,0.3045267489711934
45,logreg_smote,0.04296312933316443,0.1806640625,0.9736842105263158,0.30477759472817134
45,logreg_smote,0.043147526708919595,0.18084066471163246,0.9736842105263158,0.30502885408079145
45,logreg_smote,0.04344792131427049,0.18101761252446183,0.9736842105263158,0.30528052805280526
45,logreg_smote,0.0439886237003891,0.1811949069539667,0.9736842105263158,0.305532617671346
45,logreg_smote,0.04432257224073336,0.18137254901960784,0.9736842105263158,0.3057851239669422
45,logreg_smote,0.04463130854367351,0.1815505397448479,0.9736842105263158,0.30603804797353185
45,logreg_smote,0.04544685217634169,0.18172888015717092,0.9736842105263158,0.30629139072847683
45,logreg_smote,0.0456156451840268,0.18190757128810225,0.9736842105263158,0.30654515327257664
45,logreg_smote,0.04649471248170697,0.18208661417322836,0.9736842105263158,0.3067993366500829
45,logreg_smote,0.047356895899707874,0.18226600985221675,0.9736842105263158,0.3070539419087137
45,logreg_smote,0.047521064389623384,0.18244575936883628,0.9736842105263158,0.30730897009966773
45,logreg_smote,0.04799208512673032,0.18262586377097728,0.9736842105263158,0.3075644222776392
45,logreg_smote,0.048152234742626025,0.18280632411067194,0.9736842105263158,0.30782029950083195
45,logreg_smote,0.04869929860185076,0.18298714144411474,0.9736842105263158,0.3080766028309742
45,logreg_smote,0.049377253941774495,0.18316831683168316,0.9736842105263158,0.30833333333333335
45,logreg_smote,0.0494963614174489,0.18334985133795836,0.9736842105263158,0.30859049207673056
45,logreg_smote,0.05000176796135848,0.18353174603174602,0.9736842105263158,0.3088480801335559
45,logreg_smote,0.051036164613080706,0.18371400198609733,0.9736842105263158,0.30910609857978283
45,logreg_smote,0.05128619831491367,0.18389662027833,0.9736842105263158,0.3093645484949833
45,logreg_smote,0.052057989860909995,0.18407960199004975,0.9736842105263158,0.30962343096234307
45,logreg_smote,0.052305390942717724,0.18426294820717132,0.9736842105263158,0.30988274706867674
45,logreg_smote,0.05232924710872984,0.18444666001994017,0.9736842105263158,0.3101424979044426
45,logreg_smote,0.05239468138250094,0.18463073852295409,0.9736842105263158,0.3104026845637584
45,logreg_smote,0.05310496179872156,0.1838161838161838,0.968421052631579,0.3089840470193115
45,logreg_smote,0.05340321959214899,0.184,0.968421052631579,0.3092436974789916
45,logreg_smote,0.053616704847083196,0.1841841841841842,0.968421052631579,0.30950378469301937
45,logreg_smote,0.054012534462903855,0.1843687374749499,0.968421052631579,0.30976430976430974
45,logreg_smote,0.05443918980246177,0.18455366098294884,0.968421052631579,0.3100252737994945
45,logreg_smote,0.054457830113241776,0.18473895582329317,0.968421052631579,0.3102866779089376
45,logreg_smote,0.05456531198836971,0.1849246231155779,0.968421052631579,0.3105485232067511
45,logreg_smote,0.055680707616898195,0.1851106639839034,0.968421052631579,0.3108108108108108
45,logreg_smote,0.05578702225139634,0.18529707955689828,0.968421052631579,0.3110735418427726
45,logreg_smote,0.055896725289737235,0.18548387096774194,0.968421052631579,0.311336717428088
45,logreg_smote,0.05640185909668082,0.1856710393541877,0.968421052631579,0.31160033869602033
45,logreg_smote,0.057316630086130464,0.18585858585858586,0.968421052631579,0.31186440677966104
45,logreg_smote,0.05781394748673842,0.18604651162790697,0.968421052631579,0.31212892281594573
45,logreg_smote,0.05792385454256398,0.1862348178137652,0.968421052631579,0.31239388794567063
45,logreg_smote,0.05909635819269563,0.18642350557244175,0.968421052631579,0.3126593033135089
45,logreg_smote,0.05936221341540975,0.18661257606490872,0.968421052631579,0.31292517006802717
45,logreg_smote,0.06025615649752315,0.18680203045685279,0.968421052631579,0.3131914893617021
45,logreg_smote,0.06057730146536465,0.18699186991869918,0.968421052631579,0.313458262350937
45,logreg_smote,0.06060640806255209,0.1871820956256358,0.968421052631579,0.3137254901960785
45,logreg_smote,0.0608432574439525,0.18737270875763748,0.968421052631579,0.31399317406143346
45,logreg_smote,0.060969169004096394,0.1875637104994903,0.968421052631579,0.31426131511528604
45,logreg_smote,0.06168845666504921,0.18775510204081633,0.968421052631579,0.3145299145299146
45,logreg_smote,0.06178556914610594,0.18794688457609807,0.968421052631579,0.31479897348160824
45,logreg_smote,0.06201478199188622,0.18813905930470348,0.968421052631579,0.3150684931506849
45,logreg_smote,0.06333638890632523,0.18833162743091095,0.968421052631579,0.31533847472150817
45,logreg_smote,0.06434166927545545,0.1885245901639344,0.968421052631579,0.31560891938250424
45,logreg_smote,0.06441684008060666,0.18871794871794872,0.968421052631579,0.3158798283261803
45,logreg_smote,0.06464435470974922,0.18788501026694046,0.9631578947368421,0.31443298969072164
45,logreg_smote,0.0653325333831282,0.1880781089414183,0.9631578947368421,0.31470335339638866
45,logreg_smote,0.06550898764551161,0.1882716049382716,0.9631578947368421,0.31497418244406195
45,logreg_smote,0.06651117283537514,0.18846549948506694,0.9631578947368421,0.3152454780361757
45,logreg_smote,0.0666511282593436,0.18865979381443299,0.9631578947368421,0.31551724137931036
45,logreg_smote,0.06749596753205211,0.18782249742002063,0.9578947368421052,0.3140638481449526
45,logreg_smote,0.06772059485940832,0.18801652892561985,0.9578947368421052,0.3143350604490501
45,logreg_smote,0.06841958488269412,0.18821096173733196,0.9578947368421052,0.31460674157303375
45,logreg_smote,0.0687889734477659,0.18840579710144928,0.9578947368421052,0.314878892733564
45,logreg_smote,0.07082052322903439,0.18860103626943006,0.9578947368421052,0.3151515151515151
45,logreg_smote,0.07084799572017612,0.1887966804979253,0.9578947368421052,0.315424610051993
45,logreg_smote,0.0713998584506066,0.18899273104880582,0.9578947368421052,0.31569817866435385
45,logreg_smote,0.07238403208771142,0.1891891891891892,0.9578947368421052,0.3159722222222222
45,logreg_smote,0.07555897375569984,0.18938605619146723,0.9578947368421052,0.31624674196351
45,logreg_smote,0.07567571414768526,0.18958333333333333,0.9578947368421052,0.3165217391304348
45,logreg_smote,0.07569075062075857,0.1897810218978102,0.9578947368421052,0.3167972149695387
45,logreg_smote,0.07589319215157124,0.18997912317327767,0.9578947368421052,0.3170731707317074
45,logreg_smote,0.07600583359794326,0.19017763845350052,0.9578947368421052,0.31734960767218834
45,logreg_smote,0.07641382076955988,0.1903765690376569,0.9578947368421052,0.3176265270506108
45,logreg_smote,0.0769561385763483,0.1905759162303665,0.9578947368421052,0.3179039301310043
45,logreg_smote,0.07702489010806415,0.19077568134171907,0.9578947368421052,0.3181818181818182
45,logreg_smote,0.07748081572279089,0.19097586568730326,0.9578947368421052,0.31846019247594054
45,logreg_smote,0.07889014214095286,0.19117647058823528,0.9578947368421052,0.31873905429071797
45,logreg_smote,0.07933832618762031,0.19137749737118823,0.9578947368421052,0.31901840490797545
45,logreg_smote,0.0797918801350189,0.19157894736842104,0.9578947368421052,0.3192982456140351
45,logreg_smote,0.0811527884499928,0.1917808219178082,0.9578947368421052,0.3195785776997366
45,logreg_smote,0.08141205859913991,0.19198312236286919,0.9578947368421052,0.31985940246045697
45,logreg_smote,0.08178214301815773,0.1921858500527983,0.9578947368421052,0.3201407211961302
45,logreg_smote,0.08188749018209937,0.19238900634249473,0.9578947368421052,0.3204225352112676
45,logreg_smote,0.08218023337089103,0.19153439153439153,0.9526315789473684,0.31894273127753303
45,logreg_smote,0.08267622047306869,0.1917372881355932,0.9526315789473684,0.3192239858906526
45,logreg_smote,0.08269761636398405,0.1919406150583245,0.9526315789473684,0.3195057369814651
45,logreg_smote,0.08270208215790091,0.1921443736730361,0.9526315789473684,0.31978798586572443
45,logreg_smote,0.08296436362594041,0.19128586609989373,0.9473684210526315,0.3183023872679045
45,logreg_smote,0.08297788552952476,0.19148936170212766,0.9473684210526315,0.3185840707964601
45,logreg_smote,0.08353030653398506,0.19169329073482427,0.9473684210526315,0.31886625332152346
45,logreg_smote,0.08432635957187304,0.19189765458422176,0.9473684210526315,0.3191489361702127
45,logreg_smote,0.08567627402211198,0.192102454642476,0.9473684210526315,0.3194321206743567
45,logreg_smote,0.08578994324977333,0.19230769230769232,0.9473684210526315,0.3197158081705151
45,logreg_smote,0.08676382312245635,0.1925133689839572,0.9473684210526315,0.31999999999999995
45,logreg_smote,0.08806003508770319,0.19271948608137046,0.9473684210526315,0.3202846975088968
45,logreg_smote,0.08819881602579689,0.19292604501607716,0.9473684210526315,0.3205699020480855
45,logreg_smote,0.08876344415874643,0.19313304721030042,0.9473684210526315,0.320855614973262
45,logreg_smote,0.08887724019644248,0.1933404940923738,0.9473684210526315,0.32114183764495985
45,logreg_smote,0.08930179615290143,0.1924731182795699,0.9421052631578948,0.3196428571428572
45,logreg_smote,0.08966815034910024,0.19268030139935413,0.9421052631578948,0.3199285075960679
45,logreg_smote,0.09004302941009554,0.19288793103448276,0.9421052631578948,0.3202146690518784
45,logreg_smote,0.09012207644593404,0.1930960086299892,0.9421052631578948,0.32050134288272153
45,logreg_smote,0.09037448101321503,0.19330453563714903,0.9421052631578948,0.32078853046594985
45,logreg_smote,0.09061249272044285,0.1935135135135135,0.9421052631578948,0.3210762331838565
45,logreg_smote,0.09061475868104049,0.1937229437229437,0.9421052631578948,0.3213644524236984
45,logreg_smote,0.09064643673014691,0.19393282773564463,0.9421052631578948,0.3216531895777179
45,logreg_smote,0.09066624328153823,0.19414316702819956,0.9421052631578948,0.32194244604316546
45,logreg_smote,0.09095548599127457,0.19435396308360478,0.9421052631578948,0.32223222322232226
45,logreg_smote,0.09117185050508596,0.19456521739130433,0.9421052631578948,0.3225225225225225
45,logreg_smote,0.09179053965400054,0.19477693144722524,0.9421052631578948,0.32281334535617673
45,logreg_smote,0.09200681492355195,0.19498910675381265,0.9421052631578948,0.32310469314079426
45,logreg_smote,0.09233641159036668,0.19520174482006544,0.9421052631578948,0.32339656729900634
45,logreg_smote,0.09253542961476238,0.19541484716157206,0.9421052631578948,0.32368896925858953
45,logreg_smote,0.0926029654172794,0.19562841530054645,0.9421052631578948,0.3239819004524887
45,logreg_smote,0.09265672383530262,0.19584245076586435,0.9421052631578948,0.32427536231884063
45,logreg_smote,0.09282483184063867,0.1949616648411829,0.9368421052631579,0.3227561196736174
45,logreg_smote,0.0931374440964013,0.19517543859649122,0.9368421052631579,0.323049001814882
45,logreg_smote,0.09341122867791662,0.19538968166849616,0.9368421052631579,0.32334241598546776
45,logreg_smote,0.09345986362725608,0.1956043956043956,0.9368421052631579,0.32363636363636367
45,logreg_smote,0.09391497798897032,0.19581958195819582,0.9368421052631579,0.32393084622383983
45,logreg_smote,0.09409701340975857,0.1960352422907489,0.9368421052631579,0.3242258652094718
45,logreg_smote,0.09454016700585485,0.19625137816979052,0.9368421052631579,0.32452142206016404
45,logreg_smote,0.09640632629807588,0.19646799116997793,0.9368421052631579,0.3248175182481752
45,logreg_smote,0.09651133450747629,0.19668508287292819,0.9368421052631579,0.32511415525114157
45,logreg_smote,0.09697165410080893,0.19690265486725664,0.9368421052631579,0.3254113345521024
45,logreg_smote,0.09727728643708833,0.19712070874861573,0.9368421052631579,0.32570905763952424
45,logreg_smote,0.09761313008337795,0.1973392461197339,0.9368421052631579,0.326007326007326
45,logreg_smote,0.09803931672364745,0.19755826859045506,0.9368421052631579,0.32630614115490375
45,logreg_smote,0.09860867257830559,0.19777777777777777,0.9368421052631579,0.3266055045871559
45,logreg_smote,0.09894656390888937,0.19799777530589543,0.9368421052631579,0.3269054178145087
45,logreg_smote,0.09904493243140539,0.19821826280623608,0.9368421052631579,0.3272058823529412
45,logreg_smote,0.09926917343120796,0.19843924191750278,0.9368421052631579,0.3275068997240111
45,logreg_smote,0.10046585203312478,0.19866071428571427,0.9368421052631579,0.3278084714548803
45,logreg_smote,0.10145411788703923,0.19888268156424582,0.9368421052631579,0.328110599078341
45,logreg_smote,0.10192309765233401,0.19910514541387025,0.9368421052631579,0.3284132841328413
45,logreg_smote,0.10215548259824672,0.19932810750279956,0.9368421052631579,0.32871652816251157
45,logreg_smote,0.10276682863187796,0.19955156950672645,0.9368421052631579,0.32902033271719033
45,logreg_smote,0.10338413991172002,0.19977553310886645,0.9368421052631579,0.32932469935245146
45,logreg_smote,0.10408668434515689,0.2,0.9368421052631579,0.32962962962962966
45,logreg_smote,0.1043193746273327,0.20022497187851518,0.9368421052631579,0.329935125115848
45,logreg_smote,0.10451646740104803,0.20045045045045046,0.9368421052631579,0.3302411873840445
45,logreg_smote,0.10471868911688748,0.20067643742953778,0.9368421052631579,0.3305478180129991
45,logreg_smote,0.1048738206046259,0.19977426636568849,0.9315789473684211,0.328996282527881
45,logreg_smote,0.10610089370911159,0.2,0.9315789473684211,0.3293023255813954
45,logreg_smote,0.10653936678752367,0.2002262443438914,0.9315789473684211,0.3296089385474861
45,logreg_smote,0.10658429288788143,0.20045300113250283,0.9315789473684211,0.3299161230195713
45,logreg_smote,0.10758554784870368,0.20068027210884354,0.9315789473684211,0.3302238805970149
45,logreg_smote,0.10803203944750359,0.19977298524404086,0.9263157894736842,0.32866479925303455
45,logreg_smote,0.10813460330298529,0.2,0.9263157894736842,0.3289719626168225
45,logreg_smote,0.10821142588870558,0.20022753128555176,0.9263157894736842,0.3292797006548176
45,logreg_smote,0.10827931658937093,0.19931662870159453,0.9210526315789473,0.3277153558052434
45,logreg_smote,0.10913944970747438,0.19954389965792474,0.9210526315789473,0.32802249297094654
45,logreg_smote,0.11165524087219096,0.1997716894977169,0.9210526315789473,0.3283302063789869
45,logreg_smote,0.1125002397203269,0.2,0.9210526315789473,0.3286384976525822
45,logreg_smote,0.11269357249561039,0.20022883295194507,0.9210526315789473,0.32894736842105265
45,logreg_smote,0.11376956547341739,0.2004581901489118,0.9210526315789473,0.3292568203198495
45,logreg_smote,0.11387961413554551,0.2006880733944954,0.9210526315789473,0.3295668549905838
45,logreg_smote,0.11390293470184329,0.20091848450057406,0.9210526315789473,0.3298774740810556
45,logreg_smote,0.11441509544096436,0.20114942528735633,0.9210526315789473,0.33018867924528306
45,logreg_smote,0.11480815704049532,0.20138089758342922,0.9210526315789473,0.3305004721435316
45,logreg_smote,0.11551418179110155,0.20161290322580644,0.9210526315789473,0.33081285444234404
45,logreg_smote,0.11598570990730225,0.20184544405997693,0.9210526315789473,0.33112582781456956
45,logreg_smote,0.11623711606252733,0.20207852193995382,0.9210526315789473,0.3314393939393939
45,logreg_smote,0.11625795652816026,0.2023121387283237,0.9210526315789473,0.3317535545023697
45,logreg_smote,0.11640784263033166,0.2025462962962963,0.9210526315789473,0.33206831119544594
45,logreg_smote,0.11681747093231343,0.20278099652375434,0.9210526315789473,0.332383665716999
45,logreg_smote,0.11690849264136867,0.20185614849187936,0.9157894736842105,0.3307984790874525
45,logreg_smote,0.11691764554693862,0.20209059233449478,0.9157894736842105,0.3311132254995243
45,logreg_smote,0.11723754551216777,0.20232558139534884,0.9157894736842105,0.33142857142857146
45,logreg_smote,0.11829116099831968,0.20256111757857975,0.9157894736842105,0.3317445185891325
45,logreg_smote,0.11833407021321217,0.20163170163170163,0.9105263157894737,0.3301526717557252
45,logreg_smote,0.11868401034977683,0.20186697782963828,0.9105263157894737,0.33046800382043934
45,logreg_smote,0.11986608056931376,0.20210280373831777,0.9105263157894737,0.33078393881453155
45,logreg_smote,0.11997377368974312,0.2023391812865497,0.9105263157894737,0.3311004784688995
45,logreg_smote,0.12044793734767902,0.202576112412178,0.9105263157894737,0.3314176245210728
45,logreg_smote,0.12081234388347348,0.20281359906213364,0.9105263157894737,0.3317353787152445
45,logreg_smote,0.1211638830440277,0.20305164319248825,0.9105263157894737,0.3320537428023032
45,logreg_smote,0.1215391311433985,0.20329024676850763,0.9105263157894737,0.3323727185398655
45,logreg_smote,0.12159077122716926,0.20352941176470588,0.9105263157894737,0.33269230769230773
45,logreg_smote,0.12218865797067986,0.2037691401648999,0.9105263157894737,0.3330125120307989
45,logreg_smote,0.12258598151471523,0.20400943396226415,0.9105263157894737,0.33333333333333337
45,logreg_smote,0.12264866181940534,0.20425029515938606,0.9105263157894737,0.33365477338476374
45,logreg_smote,0.12288300049697516,0.2044917257683215,0.9105263157894737,0.333976833976834
45,logreg_smote,0.12303418089240112,0.20473372781065088,0.9105263157894737,0.3342995169082126
45,logreg_smote,0.12370127266305936,0.20497630331753555,0.9105263157894737,0.33462282398452614
45,logreg_smote,0.1242040009997717,0.20521945432977462,0.9105263157894737,0.33494675701839305
45,logreg_smote,0.12427875043400868,0.20546318289786222,0.9105263157894737,0.33527131782945735
45,logreg_smote,0.1256998995905518,0.2057074910820452,0.9105263157894737,0.3355965082444229
45,logreg_smote,0.1257491659922047,0.20595238095238094,0.9105263157894737,0.33592233009708733
45,logreg_smote,0.1265686806474392,0.2061978545887962,0.9105263157894737,0.3362487852283771
45,logreg_smote,0.1271865722668989,0.2064439140811456,0.9105263157894737,0.33657587548638135
45,logreg_smote,0.12726385072324015,0.2066905615292712,0.9105263157894737,0.33690360272638753
45,logreg_smote,0.12731416477066343,0.2069377990430622,0.9105263157894737,0.3372319688109162
45,logreg_smote,0.12743773863191726,0.20718562874251498,0.9105263157894737,0.3375609756097561
45,logreg_smote,0.12749881105992744,0.20743405275779375,0.9105263157894737,0.337890625
45,logreg_smote,0.12783134640391172,0.20768307322929172,0.9105263157894737,0.3382209188660802
45,logreg_smote,0.12810286453861056,0.20793269230769232,0.9105263157894737,0.3385518590998043
45,logreg_smote,0.13002161730372996,0.20818291215403129,0.9105263157894737,0.3388834476003918
45,logreg_smote,0.13114611061338544,0.20843373493975903,0.9105263157894737,0.3392156862745098
45,logreg_smote,0.13223148083964215,0.20868516284680338,0.9105263157894737,0.3395485770363101
45,logreg_smote,0.13358725674060065,0.20772946859903382,0.9052631578947369,0.33791748526522597
45,logreg_smote,0.1352759704572077,0.2079806529625151,0.9052631578947369,0.3382497541789577
45,logreg_smote,0.13567231481524994,0.20823244552058112,0.9052631578947369,0.3385826771653543
45,logreg_smote,0.1360269172714801,0.2084848484848485,0.9052631578947369,0.33891625615763543
45,logreg_smote,0.13629999734122575,0.2087378640776699,0.9052631578947369,0.33925049309664695
45,logreg_smote,0.13723946177902976,0.20899149453219928,0.9052631578947369,0.3395853899308984
45,logreg_smote,0.13755184809684184,0.20802919708029197,0.9,0.33794466403162055
45,logreg_smote,0.13869381303935613,0.20828258221680876,0.9,0.3382789317507418
45,logreg_smote,0.13901437645291959,0.20853658536585365,0.9,0.3386138613861386
45,logreg_smote,0.1390458487154214,0.2087912087912088,0.9,0.3389494549058474
45,logreg_smote,0.1399487470126649,0.20904645476772615,0.9,0.3392857142857143
45,logreg_smote,0.1402712389382745,0.20930232558139536,0.9,0.339622641509434
45,logreg_smote,0.14074774252648858,0.20955882352941177,0.9,0.3399602385685884
45,logreg_smote,0.14111659396927517,0.2098159509202454,0.9,0.3402985074626866
45,logreg_smote,0.1416074097067588,0.21007371007371006,0.9,0.34063745019920316
45,logreg_smote,0.1428878973514829,0.21033210332103322,0.9,0.34097706879361916
45,logreg_smote,0.14292414586301472,0.2105911330049261,0.9,0.3413173652694611
45,logreg_smote,0.14296006364686223,0.21085080147965474,0.9,0.34165834165834164
45,logreg_smote,0.14334056271561568,0.2111111111111111,0.9,0.34199999999999997
45,logreg_smote,0.1438351783567191,0.21137206427688504,0.9,0.3423423423423424
45,logreg_smote,0.14392752347917284,0.21163366336633663,0.9,0.342685370741483
45,logreg_smote,0.14455641600190294,0.21189591078066913,0.9,0.3430290872617853
45,logreg_smote,0.14501648137862386,0.21215880893300249,0.9,0.3433734939759036
45,logreg_smote,0.14566161129736876,0.2124223602484472,0.9,0.3437185929648241
45,logreg_smote,0.14654403498335472,0.2126865671641791,0.9,0.3440643863179074
45,logreg_smote,0.14758461198262332,0.2129514321295143,0.9,0.3444108761329305
45,logreg_smote,0.14769948513570066,0.21321695760598502,0.9,0.34475806451612895
45,logreg_smote,0.14910183766567686,0.21348314606741572,0.9,0.34510595358224017
45,logreg_smote,0.14913197426163147,0.21375,0.9,0.34545454545454546
45,logreg_smote,0.14922611543299721,0.21401752190237797,0.9,0.34580384226491406
45,logreg_smote,0.14989306308778277,0.21428571428571427,0.9,0.3461538461538461
45,logreg_smote,0.1499964689396219,0.21455457967377667,0.9,0.34650455927051677
45,logreg_smote,0.15026180853056587,0.21482412060301506,0.9,0.34685598377281945
45,logreg_smote,0.15031461889309802,0.21509433962264152,0.9,0.3472081218274112
45,logreg_smote,0.15032074006878787,0.21536523929471033,0.9,0.3475609756097561
45,logreg_smote,0.15124905047099266,0.21563682219419925,0.9,0.34791454730417093
45,logreg_smote,0.151550012113195,0.2159090909090909,0.9,0.3482688391038697
45,logreg_smote,0.15180957230783662,0.21618204804045513,0.9,0.3486238532110092
45,logreg_smote,0.15195421997875005,0.21645569620253163,0.9,0.3489795918367347
45,logreg_smote,0.15276738932222136,0.21673003802281368,0.9,0.3493360572012257
45,logreg_smote,0.15340004577894648,0.217005076142132,0.9,0.34969325153374237
45,logreg_smote,0.1538434280603208,0.21728081321473952,0.9,0.35005117707267147
45,logreg_smote,0.15412813499861389,0.21755725190839695,0.9,0.3504098360655738
45,logreg_smote,0.15443124223664634,0.2178343949044586,0.9,0.3507692307692307
45,logreg_smote,0.1549522278607144,0.2181122448979592,0.9,0.351129363449692
45,logreg_smote,0.15553241900652404,0.21839080459770116,0.9,0.35149023638232274
45,logreg_smote,0.1559105529431609,0.2186700767263427,0.9,0.35185185185185186
45,logreg_smote,0.15654173317908257,0.21895006402048656,0.9,0.3522142121524202
45,logreg_smote,0.15725926134113208,0.21923076923076923,0.9,0.3525773195876289
45,logreg_smote,0.1576101669441469,0.21951219512195122,0.9,0.3529411764705882
45,logreg_smote,0.15858088117320432,0.21979434447300772,0.9,0.353305785123967
45,logreg_smote,0.1590802554981504,0.22007722007722008,0.9,0.35367114788004134
45,logreg_smote,0.15996515278246637,0.22036082474226804,0.9,0.35403726708074534
45,logreg_smote,0.16029990960875606,0.22064516129032258,0.9,0.3544041450777202
45,logreg_smote,0.16082348891665027,0.22093023255813954,0.9,0.35477178423236516
45,logreg_smote,0.16267183167611501,0.22121604139715395,0.9,0.3551401869158879
45,logreg_smote,0.16421137183263493,0.22150259067357514,0.9,0.35550935550935553
45,logreg_smote,0.16422455966620123,0.22178988326848248,0.9,0.35587929240374605
45,logreg_smote,0.16430946236987376,0.22207792207792207,0.9,0.35625
45,logreg_smote,0.16436228021427715,0.2223667100130039,0.9,0.35662148070907196
45,logreg_smote,0.16549022034441488,0.22265625,0.9,0.35699373695198333
45,logreg_smote,0.16555164812090015,0.22294654498044328,0.9,0.35736677115987464
45,logreg_smote,0.16607217106159078,0.22323759791122716,0.9,0.35774058577405854
45,logreg_smote,0.1662744754967275,0.2235294117647059,0.9,0.35811518324607333
45,logreg_smote,0.1680929611141034,0.2238219895287958,0.9,0.3584905660377359
45,logreg_smote,0.16813362288093392,0.22411533420707733,0.9,0.3588667366211962
45,logreg_smote,0.16816145203284333,0.22440944881889763,0.9,0.3592436974789916
45,logreg_smote,0.16826069035766306,0.22470433639947437,0.9,0.35962145110410093
45,logreg_smote,0.16832172318753535,0.225,0.9,0.36000000000000004
45,logreg_smote,0.16873979185079652,0.22529644268774704,0.9,0.36037934668071653
45,logreg_smote,0.16960380299031835,0.22559366754617413,0.9,0.36075949367088606
45,logreg_smote,0.16964069523935882,0.22589167767503301,0.9,0.3611404435058078
45,logreg_smote,0.17053374531303372,0.2261904761904762,0.9,0.36152219873150104
45,logreg_smote,0.1713605826905758,0.22649006622516557,0.9,0.3619047619047619
45,logreg_smote,0.1719467676389439,0.22679045092838196,0.9,0.3622881355932204
45,logreg_smote,0.17208358394117304,0.22709163346613545,0.9,0.36267232237539765
45,logreg_smote,0.17221091770194824,0.22739361702127658,0.9,0.3630573248407643
45,logreg_smote,0.17418474289978064,0.22769640479360853,0.9,0.36344314558979807
45,logreg_smote,0.17433007252265958,0.228,0.9,0.3638297872340426
45,logreg_smote,0.1744517728065294,0.22830440587449932,0.9,0.36421725239616615
45,logreg_smote,0.17667564235989436,0.22727272727272727,0.8947368421052632,0.36247334754797444
45,logreg_smote,0.1776132973631135,0.22757697456492637,0.8947368421052632,0.3628601921024546
45,logreg_smote,0.17934194047196828,0.22788203753351208,0.8947368421052632,0.3632478632478633
45,logreg_smote,0.17957568124770065,0.22818791946308725,0.8947368421052632,0.3636363636363636
45,logreg_smote,0.1802665415999962,0.2271505376344086,0.8894736842105263,0.3618843683083512
45,logreg_smote,0.18071312125625796,0.2274562584118439,0.8894736842105263,0.3622722400857449
45,logreg_smote,0.18112635888680176,0.22776280323450135,0.8894736842105263,0.3626609442060086
45,logreg_smote,0.1813817176023336,0.22807017543859648,0.8894736842105263,0.36305048335123524
45,logreg_smote,0.18238124402047354,0.22837837837837838,0.8894736842105263,0.36344086021505373
45,logreg_smote,0.18528875452275118,0.22868741542625168,0.8894736842105263,0.36383207750269103
45,logreg_smote,0.18559702874721296,0.22899728997289973,0.8894736842105263,0.3642241379310345
45,logreg_smote,0.18742084704029405,0.22930800542740842,0.8894736842105263,0.36461704422869473
45,logreg_smote,0.1881329405163359,0.2296195652173913,0.8894736842105263,0.36501079913606915
45,logreg_smote,0.1887476806272634,0.22993197278911565,0.8894736842105263,0.3654054054054054
45,logreg_smote,0.19320769568429133,0.23024523160762944,0.8894736842105263,0.3658008658008658
45,logreg_smote,0.19347815128830334,0.2305593451568895,0.8894736842105263,0.3661971830985915
45,logreg_smote,0.1946981733135117,0.23087431693989072,0.8894736842105263,0.36659436008676793
45,logreg_smote,0.19605434869672322,0.23119015047879618,0.8894736842105263,0.36699239956568946
45,logreg_smote,0.19636173021847125,0.23150684931506849,0.8894736842105263,0.36739130434782613
45,logreg_smote,0.19663636728888464,0.23182441700960219,0.8894736842105263,0.367791077257889
45,logreg_smote,0.19668687951649336,0.23214285714285715,0.8894736842105263,0.36819172113289766
45,logreg_smote,0.1969907361474738,0.2324621733149931,0.8894736842105263,0.3685932388222464
45,logreg_smote,0.19717640820892732,0.2327823691460055,0.8894736842105263,0.36899563318777295
45,logreg_smote,0.19760289301728687,0.23310344827586207,0.8894736842105263,0.3693989071038251
45,logreg_smote,0.19832690699770208,0.23342541436464087,0.8894736842105263,0.3698030634573304
45,logreg_smote,0.19997636301906083,0.23374827109266944,0.8894736842105263,0.37020810514786423
45,logreg_smote,0.20130797735892694,0.23407202216066483,0.8894736842105263,0.37061403508771934
45,logreg_smote,0.20134234718980837,0.23439667128987518,0.8894736842105263,0.37102085620197583
45,logreg_smote,0.20248912861381194,0.23472222222222222,0.8894736842105263,0.37142857142857144
45,logreg_smote,0.20358613162593223,0.2336578581363004,0.8842105263157894,0.36963696369636967
45,logreg_smote,0.20384848581202972,0.233983286908078,0.8842105263157894,0.3700440528634361
45,logreg_smote,0.2053268852911161,0.23430962343096234,0.8842105263157894,0.3704520396912899
45,logreg_smote,0.2072486378245594,0.2346368715083799,0.8842105263157894,0.3708609271523179
45,logreg_smote,0.2081955235803481,0.23496503496503496,0.8842105263157894,0.3712707182320442
45,logreg_smote,0.2090329938723737,0.23529411764705882,0.8842105263157894,0.37168141592920356
45,logreg_smote,0.209813509426574,0.23562412342215988,0.8842105263157894,0.372093023255814
45,logreg_smote,0.2107338511955832,0.23595505617977527,0.8842105263157894,0.3725055432372505
45,logreg_smote,0.21150685346261736,0.23628691983122363,0.8842105263157894,0.3729189789123197
45,logreg_smote,0.21176673396080017,0.23661971830985915,0.8842105263157894,0.3733333333333333
45,logreg_smote,0.2119826878402158,0.23695345557122707,0.8842105263157894,0.37374860956618466
45,logreg_smote,0.21351389644807256,0.23587570621468926,0.8789473684210526,0.3719376391982182
45,logreg_smote,0.21414622950196283,0.2362093352192362,0.8789473684210526,0.37235228539576365
45,logreg_smote,0.21427057086818582,0.23654390934844194,0.8789473684210526,0.37276785714285715
45,logreg_smote,0.2143535872182647,0.23687943262411348,0.8789473684210526,0.3731843575418995
45,logreg_smote,0.21629842626274007,0.2372159090909091,0.8789473684210526,0.3736017897091723
45,logreg_smote,0.21656731002516785,0.2375533428165007,0.8789473684210526,0.374020156774916
45,logreg_smote,0.21708398397133494,0.2378917378917379,0.8789473684210526,0.37443946188340804
45,logreg_smote,0.21746658874719244,0.23823109843081314,0.8789473684210526,0.37485970819304154
45,logreg_smote,0.21865608355478577,0.23857142857142857,0.8789473684210526,0.3752808988764045
45,logreg_smote,0.2196219446473726,0.23891273247496422,0.8789473684210526,0.37570303712035996
45,logreg_smote,0.22039203763428358,0.23925501432664756,0.8789473684210526,0.3761261261261261
45,logreg_smote,0.22110826725579147,0.23959827833572453,0.8789473684210526,0.3765501691093574
45,logreg_smote,0.22176426699048984,0.23994252873563218,0.8789473684210526,0.37697516930022573
45,logreg_smote,0.22358032996273547,0.24028776978417266,0.8789473684210526,0.37740112994350283
45,logreg_smote,0.22411504630508583,0.24063400576368876,0.8789473684210526,0.3778280542986426
45,logreg_smote,0.2242092980463591,0.240981240981241,0.8789473684210526,0.37825594563986414
45,logreg_smote,0.22464449201107323,0.24132947976878613,0.8789473684210526,0.3786848072562358
45,logreg_smote,0.22497279166275302,0.24167872648335745,0.8789473684210526,0.37911464245175935
45,logreg_smote,0.22526085577212832,0.24202898550724639,0.8789473684210526,0.3795454545454546
45,logreg_smote,0.22620052963004517,0.24238026124818576,0.8789473684210526,0.37997724687144485
45,logreg_smote,0.22741360244643077,0.24273255813953487,0.8789473684210526,0.3804100227790433
45,logreg_smote,0.22820894822693877,0.2430858806404658,0.8789473684210526,0.3808437856328392
45,logreg_smote,0.2285977894098457,0.2434402332361516,0.8789473684210526,0.3812785388127854
45,logreg_smote,0.23002154915971879,0.24379562043795622,0.8789473684210526,0.38171428571428573
45,logreg_smote,0.23435024165321897,0.24415204678362573,0.8789473684210526,0.38215102974828374
45,logreg_smote,0.2358334916274635,0.2445095168374817,0.8789473684210526,0.3825887743413517
45,logreg_smote,0.23781904809664442,0.24486803519061584,0.8789473684210526,0.3830275229357798
45,logreg_smote,0.23967858747648058,0.24522760646108663,0.8789473684210526,0.383467278989667
45,logreg_smote,0.24039240785433016,0.24558823529411763,0.8789473684210526,0.3839080459770115
45,logreg_smote,0.24087123398142102,0.24594992636229748,0.8789473684210526,0.3843498273878021
45,logreg_smote,0.2433633351135836,0.24631268436578171,0.8789473684210526,0.3847926267281106
45,logreg_smote,0.2435903869579179,0.2466765140324963,0.8789473684210526,0.3852364475201845
45,logreg_smote,0.24486635669966,0.2470414201183432,0.8789473684210526,0.3856812933025404
45,logreg_smote,0.24545843738219433,0.2474074074074074,0.8789473684210526,0.3861271676300578
45,logreg_smote,0.245516985695808,0.24777448071216618,0.8789473684210526,0.3865740740740741
45,logreg_smote,0.24564989895928147,0.24814264487369986,0.8789473684210526,0.3870220162224798
45,logreg_smote,0.2456865217742577,0.24851190476190477,0.8789473684210526,0.38747099767981436
45,logreg_smote,0.24584036073418797,0.2473919523099851,0.8736842105263158,0.3855981416957027
45,logreg_smote,0.24742718509668699,0.2462686567164179,0.868421052631579,0.3837209302325581
45,logreg_smote,0.24749909878427592,0.24663677130044842,0.868421052631579,0.38416763678696153
45,logreg_smote,0.24779073939446142,0.2470059880239521,0.868421052631579,0.3846153846153846
45,logreg_smote,0.24889344536951177,0.24737631184407796,0.868421052631579,0.38506417736289383
45,logreg_smote,0.24966269576533354,0.24774774774774774,0.868421052631579,0.3855140186915888
45,logreg_smote,0.2505404544255359,0.24812030075187969,0.868421052631579,0.38596491228070173
45,logreg_smote,0.2511510219403375,0.24849397590361447,0.868421052631579,0.38641686182669793
45,logreg_smote,0.2513711454685477,0.248868778280543,0.868421052631579,0.38686987104337633
45,logreg_smote,0.25156995438446617,0.24924471299093656,0.868421052631579,0.38732394366197187
45,logreg_smote,0.2523451652175042,0.24962178517397882,0.868421052631579,0.3877790834312574
45,logreg_smote,0.25355346983687044,0.25,0.868421052631579,0.38823529411764707
45,logreg_smote,0.25504075966640827,0.2503793626707132,0.868421052631579,0.3886925795053004
45,logreg_smote,0.2562492220928997,0.2507598784194529,0.868421052631579,0.38915094339622647
45,logreg_smote,0.2565876344995084,0.2511415525114155,0.868421052631579,0.3896103896103896
45,logreg_smote,0.2571213462189887,0.25152439024390244,0.868421052631579,0.3900709219858156
45,logreg_smote,0.2582775514509726,0.25190839694656486,0.868421052631579,0.39053254437869817
45,logreg_smote,0.25847377625030127,0.25229357798165136,0.868421052631579,0.39099526066350715
45,logreg_smote,0.2591362276805472,0.25267993874425726,0.868421052631579,0.39145907473309605
45,logreg_smote,0.26013856835342913,0.25306748466257667,0.868421052631579,0.3919239904988123
45,logreg_smote,0.26159480149138536,0.2534562211981567,0.868421052631579,0.3923900118906064
45,logreg_smote,0.2618027586706613,0.25384615384615383,0.868421052631579,0.39285714285714285
45,logreg_smote,0.2629171545289147,0.2542372881355932,0.868421052631579,0.39332538736591177
45,logreg_smote,0.26292683821608837,0.25462962962962965,0.868421052631579,0.39379474940334136
45,logreg_smote,0.2657123176327973,0.2550231839258114,0.868421052631579,0.39426523297491034
45,logreg_smote,0.26586117824022243,0.25541795665634676,0.868421052631579,0.3947368421052631
45,logreg_smote,0.26662499924047445,0.2558139534883721,0.868421052631579,0.39520958083832336
45,logreg_smote,0.266654378067531,0.2562111801242236,0.868421052631579,0.39568345323741005
45,logreg_smote,0.2675246656991008,0.25660964230171074,0.868421052631579,0.3961584633853541
45,logreg_smote,0.26809802596166354,0.2570093457943925,0.868421052631579,0.39663461538461536
45,logreg_smote,0.26915377395711976,0.2574102964118565,0.868421052631579,0.3971119133574007
45,logreg_smote,0.2694038186884002,0.2578125,0.868421052631579,0.39759036144578314
45,logreg_smote,0.27124096788541635,0.25821596244131456,0.868421052631579,0.3980699638118215
45,logreg_smote,0.2717374303392847,0.25862068965517243,0.868421052631579,0.3985507246376812
45,logreg_smote,0.27325353843635175,0.25902668759811615,0.868421052631579,0.3990326481257557
45,logreg_smote,0.2737912946487259,0.25943396226415094,0.868421052631579,0.3995157384987894
45,logreg_smote,0.2753034568850522,0.25984251968503935,0.868421052631579,0.39999999999999997
45,logreg_smote,0.2756789921041336,0.26025236593059936,0.868421052631579,0.4004854368932039
45,logreg_smote,0.27612855027808836,0.26066350710900477,0.868421052631579,0.40097205346294046
45,logreg_smote,0.2763723516953767,0.2610759493670886,0.868421052631579,0.40145985401459855
45,logreg_smote,0.27638904193837355,0.26148969889064977,0.868421052631579,0.4019488428745433
45,logreg_smote,0.27653842939899065,0.26031746031746034,0.8631578947368421,0.4
45,logreg_smote,0.27709538225971475,0.26073131955484896,0.8631578947368421,0.4004884004884004
45,logreg_smote,0.27782903745441906,0.2611464968152866,0.8631578947368421,0.40097799511002447
45,logreg_smote,0.2788788203819904,0.26156299840510366,0.8631578947368421,0.40146878824969406
45,logreg_smote,0.27907988660080113,0.26198083067092653,0.8631578947368421,0.4019607843137255
45,logreg_smote,0.2797828873040738,0.2624,0.8631578947368421,0.4024539877300614
45,logreg_smote,0.2804487006770199,0.26282051282051283,0.8631578947368421,0.40294840294840295
45,logreg_smote,0.2806283516894594,0.26324237560192615,0.8631578947368421,0.4034440344403444
45,logreg_smote,0.28083139453701805,0.26366559485530544,0.8631578947368421,0.40394088669950734
45,logreg_smote,0.28524897144464184,0.2640901771336554,0.8631578947368421,0.4044389642416769
45,logreg_smote,0.2859184306197117,0.2645161290322581,0.8631578947368421,0.4049382716049382
45,logreg_smote,0.2867479711228918,0.2649434571890145,0.8631578947368421,0.4054388133498145
45,logreg_smote,0.2878780886252925,0.26537216828478966,0.8631578947368421,0.40594059405940597
45,logreg_smote,0.2885667149663778,0.26580226904376014,0.8631578947368421,0.4064436183395292
45,logreg_smote,0.28962486846043617,0.2662337662337662,0.8631578947368421,0.40694789081885857
45,logreg_smote,0.29093239772446133,0.26666666666666666,0.8631578947368421,0.4074534161490683
45,logreg_smote,0.29448700064964184,0.2671009771986971,0.8631578947368421,0.4079601990049751
45,logreg_smote,0.2948732582244404,0.26753670473083196,0.8631578947368421,0.40846824408468246
45,logreg_smote,0.29722730607761844,0.2679738562091503,0.8631578947368421,0.4089775561097257
45,logreg_smote,0.29776772016814423,0.2684124386252046,0.8631578947368421,0.4094881398252184
45,logreg_smote,0.29855291212665225,0.26885245901639343,0.8631578947368421,0.41
45,logreg_smote,0.2992708052715237,0.26929392446633826,0.8631578947368421,0.4105131414267834
45,logreg_smote,0.2998056351848034,0.26973684210526316,0.8631578947368421,0.41102756892230574
45,logreg_smote,0.3028402198265802,0.2701812191103789,0.8631578947368421,0.411543287327478
45,logreg_smote,0.30368643560283115,0.2706270627062706,0.8631578947368421,0.4120603015075377
45,logreg_smote,0.3038800570449857,0.27107438016528923,0.8631578947368421,0.4125786163522012
45,logreg_smote,0.30528404193237535,0.271523178807947,0.8631578947368421,0.4130982367758186
45,logreg_smote,0.3056471879867683,0.27197346600331673,0.8631578947368421,0.4136191677175283
45,logreg_smote,0.30906434288217277,0.2724252491694352,0.8631578947368421,0.41414141414141414
45,logreg_smote,0.3109449203667074,0.27287853577371046,0.8631578947368421,0.41466498103666244
45,logreg_smote,0.31306972165004704,0.2733333333333333,0.8631578947368421,0.41518987341772146
45,logreg_smote,0.31317686527588495,0.27378964941569284,0.8631578947368421,0.4157160963244613
45,logreg_smote,0.3135574426180568,0.27424749163879597,0.8631578947368421,0.416243654822335
45,logreg_smote,0.31446005112319253,0.2747068676716918,0.8631578947368421,0.4167725540025413
45,logreg_smote,0.314747385113352,0.2751677852348993,0.8631578947368421,0.4173027989821883
45,logreg_smote,0.3152889521192675,0.27563025210084036,0.8631578947368421,0.4178343949044587
45,logreg_smote,0.31547610827765116,0.2760942760942761,0.8631578947368421,0.41836734693877553
45,logreg_smote,0.3156354076431672,0.2765598650927487,0.8631578947368421,0.4189016602809706
45,logreg_smote,0.3170578928384366,0.27702702702702703,0.8631578947368421,0.4194373401534527
45,logreg_smote,0.31882348951028916,0.27749576988155666,0.8631578947368421,0.41997439180537766
45,logreg_smote,0.31970683150457213,0.27796610169491526,0.8631578947368421,0.42051282051282046
45,logreg_smote,0.32149235831996564,0.27843803056027167,0.8631578947368421,0.4210526315789474
45,logreg_smote,0.32669685472296284,0.2789115646258503,0.8631578947368421,0.4215938303341902
45,logreg_smote,0.3274989754805603,0.27938671209540034,0.8631578947368421,0.4221364221364221
45,logreg_smote,0.3309990669460953,0.27986348122866894,0.8631578947368421,0.422680412371134
45,logreg_smote,0.33123767419238187,0.28034188034188035,0.8631578947368421,0.42322580645161295
45,logreg_smote,0.33140778005450544,0.2808219178082192,0.8631578947368421,0.42377260981912146
45,logreg_smote,0.3320535490155873,0.28130360205831906,0.8631578947368421,0.4243208279430789
45,logreg_smote,0.3321739259939794,0.2800687285223368,0.8578947368421053,0.42227979274611394
45,logreg_smote,0.33512879247877403,0.28055077452667815,0.8578947368421053,0.42282749675745784
45,logreg_smote,0.3354277104163832,0.2810344827586207,0.8578947368421053,0.4233766233766234
45,logreg_smote,0.3355409855566023,0.2815198618307427,0.8578947368421053,0.4239271781534461
45,logreg_smote,0.3370804267463893,0.2820069204152249,0.8578947368421053,0.4244791666666667
45,logreg_smote,0.33713820208649475,0.2824956672443674,0.8578947368421053,0.4250325945241199
45,logreg_smote,0.3379101761785839,0.2829861111111111,0.8578947368421053,0.42558746736292424
45,logreg_smote,0.3381803066744925,0.28347826086956524,0.8578947368421053,0.42614379084967324
45,logreg_smote,0.3382449044579496,0.28397212543554007,0.8578947368421053,0.4267015706806283
45,logreg_smote,0.3390182603973111,0.2844677137870855,0.8578947368421053,0.4272608125819135
45,logreg_smote,0.339026599258667,0.28496503496503495,0.8578947368421053,0.42782152230971127
45,logreg_smote,0.3401048907500165,0.28546409807355516,0.8578947368421053,0.4283837056504599
45,logreg_smote,0.3404276105050714,0.28596491228070176,0.8578947368421053,0.42894736842105263
45,logreg_smote,0.3405428466822835,0.28646748681898065,0.8578947368421053,0.4295125164690382
45,logreg_smote,0.3415041227401408,0.2869718309859155,0.8578947368421053,0.43007915567282323
45,logreg_smote,0.34232908025758846,0.2874779541446208,0.8578947368421053,0.4306472919418758
45,logreg_smote,0.3429396671772744,0.2879858657243816,0.8578947368421053,0.43121693121693117
45,logreg_smote,0.34335084576640246,0.2884955752212389,0.8578947368421053,0.43178807947019865
45,logreg_smote,0.3446897378535048,0.2872340425531915,0.8526315789473684,0.42970822281167115
45,logreg_smote,0.34579110227851284,0.2877442273534636,0.8526315789473684,0.43027888446215146
45,logreg_smote,0.34620301195982894,0.28825622775800713,0.8526315789473684,0.4308510638297872
45,logreg_smote,0.3470945710370266,0.2887700534759358,0.8526315789473684,0.4314247669773635
45,logreg_smote,0.347125337051792,0.2892857142857143,0.8526315789473684,0.432
45,logreg_smote,0.3472488325065877,0.2898032200357782,0.8526315789473684,0.43257676902536724
45,logreg_smote,0.34744159995236684,0.2903225806451613,0.8526315789473684,0.4331550802139038
45,logreg_smote,0.3477834775006486,0.29084380610412924,0.8526315789473684,0.43373493975903615
45,logreg_smote,0.34856810777361036,0.29136690647482016,0.8526315789473684,0.4343163538873995
45,logreg_smote,0.3513434693320524,0.2918918918918919,0.8526315789473684,0.4348993288590604
45,logreg_smote,0.35165395694274626,0.29061371841155237,0.8473684210526315,0.43279569892473124
45,logreg_smote,0.356795768351686,0.2911392405063291,0.8473684210526315,0.43337819650067294
45,logreg_smote,0.3577781217616115,0.2916666666666667,0.8473684210526315,0.4339622641509434
45,logreg_smote,0.3578623054498167,0.29219600725952816,0.8473684210526315,0.43454790823211875
45,logreg_smote,0.35820881544208844,0.2927272727272727,0.8473684210526315,0.43513513513513513
45,logreg_smote,0.35925729126607275,0.29326047358834245,0.8473684210526315,0.435723951285521
45,logreg_smote,0.3609261743073996,0.2937956204379562,0.8473684210526315,0.4363143631436315
45,logreg_smote,0.3627964505388904,0.2943327239488117,0.8473684210526315,0.43690637720488473
45,logreg_smote,0.36431775242337244,0.2948717948717949,0.8473684210526315,0.4375
45,logreg_smote,0.36439852394659167,0.29541284403669726,0.8473684210526315,0.43809523809523815
45,logreg_smote,0.3645742071388565,0.2959558823529412,0.8473684210526315,0.4386920980926431
45,logreg_smote,0.3652242860458806,0.2965009208103131,0.8473684210526315,0.4392905866302865
45,logreg_smote,0.3662413748543497,0.29704797047970477,0.8473684210526315,0.4398907103825136
45,logreg_smote,0.36662518770702857,0.2975970425138632,0.8473684210526315,0.4404924760601915
45,logreg_smote,0.3672712346707187,0.29814814814814816,0.8473684210526315,0.441095890410959
45,logreg_smote,0.367474062670731,0.2987012987012987,0.8473684210526315,0.44170096021947874
45,logreg_smote,0.368212731401144,0.2992565055762082,0.8473684210526315,0.4423076923076923
45,logreg_smote,0.3693781327146527,0.29981378026070765,0.8473684210526315,0.4429160935350757
45,logreg_smote,0.3693981376774105,0.29850746268656714,0.8421052631578947,0.44077134986225897
45,logreg_smote,0.3698123934250694,0.29906542056074764,0.8421052631578947,0.4413793103448276
45,logreg_smote,0.3721847032075167,0.299625468164794,0.8421052631578947,0.441988950276243
45,logreg_smote,0.3731964166848465,0.300187617260788,0.8421052631578947,0.44260027662517293
45,logreg_smote,0.3750023506882136,0.29887218045112784,0.8368421052631579,0.44044321329639896
45,logreg_smote,0.37571224632247474,0.2994350282485876,0.8368421052631579,0.44105409153952846
45,logreg_smote,0.37873145705872463,0.3,0.8368421052631579,0.44166666666666665
45,logreg_smote,0.37959335608620276,0.3005671077504726,0.8368421052631579,0.44228094575799715
45,logreg_smote,0.37996843770364724,0.29924242424242425,0.8315789473684211,0.4401114206128134
45,logreg_smote,0.38103432952576627,0.2998102466793169,0.8315789473684211,0.44072524407252445
45,logreg_smote,0.38214842654449677,0.30038022813688214,0.8315789473684211,0.441340782122905
45,logreg_smote,0.38259232165371604,0.30095238095238097,0.8315789473684211,0.441958041958042
45,logreg_smote,0.38448296392851306,0.3015267175572519,0.8315789473684211,0.44257703081232497
45,logreg_smote,0.38459364686830577,0.30210325047801145,0.8315789473684211,0.44319775596072936
45,logreg_smote,0.3856277612257775,0.30268199233716475,0.8315789473684211,0.4438202247191011
45,logreg_smote,0.3863286135527347,0.30326295585412666,0.8315789473684211,0.4444444444444444
45,logreg_smote,0.38728697348951374,0.3019230769230769,0.8263157894736842,0.44225352112676053
45,logreg_smote,0.3886061365207109,0.302504816955684,0.8263157894736842,0.44287729196050774
45,logreg_smote,0.3889792583407346,0.3030888030888031,0.8263157894736842,0.443502824858757
45,logreg_smote,0.3892792069796836,0.30174081237911027,0.8210526315789474,0.44130127298444133
45,logreg_smote,0.38946195067168515,0.3023255813953488,0.8210526315789474,0.44192634560906513
45,logreg_smote,0.3907257494125249,0.3029126213592233,0.8210526315789474,0.4425531914893617
45,logreg_smote,0.39137533697044175,0.3035019455252918,0.8210526315789474,0.4431818181818182
45,logreg_smote,0.39359932323836083,0.30409356725146197,0.8210526315789474,0.44381223328591746
45,logreg_smote,0.39414693686505425,0.3046875,0.8210526315789474,0.4444444444444445
45,logreg_smote,0.39469818291701664,0.30528375733855184,0.8210526315789474,0.4450784593437945
45,logreg_smote,0.3949806977716916,0.3058823529411765,0.8210526315789474,0.44571428571428573
45,logreg_smote,0.3952249503757258,0.30648330058939094,0.8210526315789474,0.44635193133047213
45,logreg_smote,0.39662818660449856,0.30708661417322836,0.8210526315789474,0.44699140401146137
45,logreg_smote,0.39700773770595066,0.3076923076923077,0.8210526315789474,0.4476327116212338
45,logreg_smote,0.3977606624151335,0.308300395256917,0.8210526315789474,0.4482758620689655
45,logreg_smote,0.39874531071711994,0.3089108910891089,0.8210526315789474,0.4489208633093525
45,logreg_smote,0.40060450082867616,0.30753968253968256,0.8157894736842105,0.4466858789625361
45,logreg_smote,0.40142524532817014,0.3081510934393638,0.8157894736842105,0.4473304473304473
45,logreg_smote,0.4014450970344621,0.30876494023904383,0.8157894736842105,0.4479768786127167
45,logreg_smote,0.4064801108155607,0.3093812375249501,0.8157894736842105,0.4486251808972504
45,logreg_smote,0.40694392759447984,0.31,0.8157894736842105,0.44927536231884063
45,logreg_smote,0.4080814634546011,0.3106212424849699,0.8157894736842105,0.44992743105950656
45,logreg_smote,0.40823052715968366,0.3092369477911647,0.8105263157894737,0.4476744186046512
45,logreg_smote,0.40874688092550004,0.30985915492957744,0.8105263157894737,0.4483260553129549
45,logreg_smote,0.40885032080499956,0.31048387096774194,0.8105263157894737,0.44897959183673475
45,logreg_smote,0.40943306095276916,0.3111111111111111,0.8105263157894737,0.44963503649635034
45,logreg_smote,0.4104941365194675,0.3117408906882591,0.8105263157894737,0.45029239766081874
45,logreg_smote,0.41222798222794094,0.31237322515212984,0.8105263157894737,0.45095168374816985
45,logreg_smote,0.4135945725788102,0.31097560975609756,0.8052631578947368,0.4486803519061584
45,logreg_smote,0.4138135672087377,0.31160896130346233,0.8052631578947368,0.4493392070484581
45,logreg_smote,0.41408522466233777,0.3122448979591837,0.8052631578947368,0.45000000000000007
45,logreg_smote,0.4170864176404508,0.3128834355828221,0.8052631578947368,0.45066273932253315
45,logreg_smote,0.420627449601457,0.3135245901639344,0.8052631578947368,0.4513274336283186
45,logreg_smote,0.4222864877929028,0.3141683778234086,0.8052631578947368,0.4519940915805022
45,logreg_smote,0.42318582919923536,0.3148148148148148,0.8052631578947368,0.45266272189349116
45,logreg_smote,0.42398378274839543,0.3154639175257732,0.8052631578947368,0.45333333333333337
45,logreg_smote,0.426248568264657,0.31611570247933884,0.8052631578947368,0.45400593471810097
45,logreg_smote,0.4263930408676433,0.3167701863354037,0.8052631578947368,0.4546805349182764
45,logreg_smote,0.42650254517604624,0.31742738589211617,0.8052631578947368,0.4553571428571429
45,logreg_smote,0.42654869277131674,0.316008316008316,0.8,0.45305514157973176
45,logreg_smote,0.4270349536656246,0.31666666666666665,0.8,0.4537313432835821
45,logreg_smote,0.42834873599882944,0.3173277661795407,0.8,0.4544095665171899
45,logreg_smote,0.4297044620733397,0.3179916317991632,0.8,0.4550898203592814
45,logreg_smote,0.43051801546682983,0.31865828092243187,0.8,0.4557721139430285
45,logreg_smote,0.4315387696138168,0.31932773109243695,0.8,0.45645645645645644
45,logreg_smote,0.43201367946410063,0.32,0.8,0.45714285714285713
45,logreg_smote,0.4332397384584242,0.31856540084388185,0.7947368421052632,0.45481927710843373
45,logreg_smote,0.4338273743237737,0.3192389006342495,0.7947368421052632,0.4555052790346908
45,logreg_smote,0.4340788330255029,0.3177966101694915,0.7894736842105263,0.4531722054380664
45,logreg_smote,0.43612355245959894,0.3184713375796178,0.7894736842105263,0.45385779122541603
45,logreg_smote,0.43665866709633283,0.3191489361702128,0.7894736842105263,0.4545454545454545
45,logreg_smote,0.4371675335868012,0.31982942430703626,0.7894736842105263,0.4552352048558421
45,logreg_smote,0.438393791455513,0.32051282051282054,0.7894736842105263,0.45592705167173253
45,logreg_smote,0.4389307613472387,0.31905781584582443,0.7842105263157895,0.45357686453576873
45,logreg_smote,0.4390250612675457,0.3197424892703863,0.7842105263157895,0.4542682926829269
45,logreg_smote,0.43957354212553484,0.3204301075268817,0.7842105263157895,0.45496183206106877
45,logreg_smote,0.44042327783616375,0.32112068965517243,0.7842105263157895,0.45565749235474007
45,logreg_smote,0.4410848588691246,0.32181425485961124,0.7842105263157895,0.45635528330781006
45,logreg_smote,0.44182642402302313,0.3225108225108225,0.7842105263157895,0.45705521472392646
45,logreg_smote,0.4434034533279347,0.3232104121475054,0.7842105263157895,0.4577572964669739
45,logreg_smote,0.44376288469761555,0.3239130434782609,0.7842105263157895,0.4584615384615385
45,logreg_smote,0.4453937786216344,0.32461873638344224,0.7842105263157895,0.45916795069337435
45,logreg_smote,0.44709572226438643,0.32532751091703055,0.7842105263157895,0.45987654320987653
45,logreg_smote,0.4481606774201073,0.32603938730853393,0.7842105263157895,0.4605873261205564
45,logreg_smote,0.44870660715774235,0.3267543859649123,0.7842105263157895,0.4613003095975233
45,logreg_smote,0.45101073270990377,0.3274725274725275,0.7842105263157895,0.46201550387596907
45,logreg_smote,0.45143048757177173,0.32819383259911894,0.7842105263157895,0.4627329192546584
45,logreg_smote,0.45244229349845666,0.32891832229580575,0.7842105263157895,0.463452566096423
45,logreg_smote,0.452694309435065,0.32964601769911506,0.7842105263157895,0.46417445482866043
45,logreg_smote,0.45281201197930054,0.3303769401330377,0.7842105263157895,0.4648985959438378
45,logreg_smote,0.45318076285013525,0.33111111111111113,0.7842105263157895,0.465625
45,logreg_smote,0.45367440792951874,0.33184855233853006,0.7842105263157895,0.4663536776212833
45,logreg_smote,0.4560298203703863,0.3325892857142857,0.7842105263157895,0.4670846394984326
45,logreg_smote,0.4578134635752183,0.3333333333333333,0.7842105263157895,0.46781789638932497
45,logreg_smote,0.4584088943004723,0.33408071748878926,0.7842105263157895,0.4685534591194969
45,logreg_smote,0.4584826548591008,0.3348314606741573,0.7842105263157895,0.46929133858267713
45,logreg_smote,0.46041373701277144,0.3355855855855856,0.7842105263157895,0.470031545741325
45,logreg_smote,0.46163018265618677,0.3363431151241535,0.7842105263157895,0.4707740916271721
45,logreg_smote,0.46202326466751215,0.33710407239819007,0.7842105263157895,0.47151898734177206
45,logreg_smote,0.4628437210288379,0.3378684807256236,0.7842105263157895,0.4722662440570523
45,logreg_smote,0.46527652293768923,0.3386363636363636,0.7842105263157895,0.473015873015873
45,logreg_smote,0.4659538226995893,0.33940774487471526,0.7842105263157895,0.47376788553259136
45,logreg_smote,0.46609754209247417,0.3401826484018265,0.7842105263157895,0.47452229299363063
45,logreg_smote,0.46719189568252983,0.33867276887871856,0.7789473684210526,0.4720893141945774
45,logreg_smote,0.4681666838481145,0.3394495412844037,0.7789473684210526,0.4728434504792333
45,logreg_smote,0.4688925348428253,0.34022988505747126,0.7789473684210526,0.4736000000000001
45,logreg_smote,0.4697334738195137,0.34101382488479265,0.7789473684210526,0.47435897435897434
45,logreg_smote,0.4702974898994893,0.3418013856812933,0.7789473684210526,0.47512038523274475
45,logreg_smote,0.47047251872331225,0.3425925925925926,0.7789473684210526,0.4758842443729904
45,logreg_smote,0.47357028011738594,0.3433874709976798,0.7789473684210526,0.4766505636070853
45,logreg_smote,0.4735974428055254,0.34186046511627904,0.7736842105263158,0.4741935483870967
45,logreg_smote,0.47379330351551363,0.34265734265734266,0.7736842105263158,0.47495961227786754
45,logreg_smote,0.47774228236349303,0.34345794392523366,0.7736842105263158,0.4757281553398059
45,logreg_smote,0.47860455310220607,0.3442622950819672,0.7736842105263158,0.47649918962722854
45,logreg_smote,0.47891684216197306,0.34507042253521125,0.7736842105263158,0.4772727272727273
45,logreg_smote,0.47895179087917683,0.3458823529411765,0.7736842105263158,0.47804878048780486
45,logreg_smote,0.47900836771963884,0.3443396226415094,0.7684210526315789,0.4755700325732899
45,logreg_smote,0.479140574191269,0.34515366430260047,0.7684210526315789,0.4763458401305057
45,logreg_smote,0.4799987143498445,0.3459715639810427,0.7684210526315789,0.47712418300653603
45,logreg_smote,0.48136644697873837,0.34679334916864607,0.7684210526315789,0.47790507364975443
45,logreg_smote,0.4814575497677954,0.3476190476190476,0.7684210526315789,0.478688524590164
45,logreg_smote,0.4816741254129313,0.34844868735083534,0.7684210526315789,0.47947454844006565
45,logreg_smote,0.4838282646015666,0.3492822966507177,0.7684210526315789,0.4802631578947368
45,logreg_smote,0.4849124852963356,0.3501199040767386,0.7684210526315789,0.48105436573311366
45,logreg_smote,0.48511890206616454,0.35096153846153844,0.7684210526315789,0.4818481848184818
45,logreg_smote,0.48520244323959505,0.3493975903614458,0.7631578947368421,0.4793388429752066
45,logreg_smote,0.4867833010574109,0.3502415458937198,0.7631578947368421,0.4801324503311258
45,logreg_smote,0.48724270337337977,0.35108958837772397,0.7631578947368421,0.4809286898839138
45,logreg_smote,0.4895051541037753,0.35194174757281554,0.7631578947368421,0.48172757475083056
45,logreg_smote,0.49170500417424445,0.35279805352798055,0.7631578947368421,0.4825291181364393
45,logreg_smote,0.4919862855762201,0.35365853658536583,0.7631578947368421,0.4833333333333333
45,logreg_smote,0.49221500791040107,0.3545232273838631,0.7631578947368421,0.48414023372287146
45,logreg_smote,0.4923392167548665,0.3553921568627451,0.7631578947368421,0.4849498327759198
45,logreg_smote,0.4936755383541058,0.35626535626535627,0.7631578947368421,0.4857621440536014
45,logreg_smote,0.4940201807899379,0.35714285714285715,0.7631578947368421,0.4865771812080537
45,logreg_smote,0.49654861758128266,0.35802469135802467,0.7631578947368421,0.4873949579831933
45,logreg_smote,0.49683242784709414,0.3589108910891089,0.7631578947368421,0.48821548821548816
45,logreg_smote,0.49855053763610346,0.3598014888337469,0.7631578947368421,0.48903878583473864
45,logreg_smote,0.4986502928873972,0.36069651741293535,0.7631578947368421,0.48986486486486486
45,logreg_smote,0.4989206397138275,0.36159600997506236,0.7631578947368421,0.49069373942470385
45,logreg_smote,0.4992650456796882,0.3625,0.7631578947368421,0.4915254237288136
45,logreg_smote,0.49945433066448075,0.3634085213032581,0.7631578947368421,0.4923599320882852
45,logreg_smote,0.4998801206793513,0.36432160804020103,0.7631578947368421,0.4931972789115646
45,logreg_smote,0.500268340237887,0.36272040302267,0.7578947368421053,0.4906303236797274
45,logreg_smote,0.5004074591777411,0.36363636363636365,0.7578947368421053,0.4914675767918089
45,logreg_smote,0.5019129542316505,0.3620253164556962,0.7526315789473684,0.4888888888888889
45,logreg_smote,0.5021002233457027,0.3629441624365482,0.7526315789473684,0.48972602739726023
45,logreg_smote,0.503407774780167,0.361323155216285,0.7473684210526316,0.48713550600343053
45,logreg_smote,0.5049638056036092,0.3622448979591837,0.7473684210526316,0.48797250859106533
45,logreg_smote,0.5059530770380188,0.36061381074168797,0.7421052631578947,0.4853700516351118
45,logreg_smote,0.5064546664422728,0.36153846153846153,0.7421052631578947,0.4862068965517241
45,logreg_smote,0.5068817534513425,0.36246786632390743,0.7421052631578947,0.4870466321243523
45,logreg_smote,0.5074971996414287,0.3634020618556701,0.7421052631578947,0.4878892733564014
45,logreg_smote,0.5075346913962642,0.3643410852713178,0.7421052631578947,0.48873483535528595
45,logreg_smote,0.5083592220971022,0.36528497409326427,0.7421052631578947,0.4895833333333333
45,logreg_smote,0.50851893765379,0.36623376623376624,0.7421052631578947,0.49043478260869566
45,logreg_smote,0.5092176267696998,0.3671875,0.7421052631578947,0.49128919860627185
45,logreg_smote,0.5104711412972062,0.3681462140992167,0.7421052631578947,0.4921465968586387
45,logreg_smote,0.5133171408137844,0.36910994764397903,0.7421052631578947,0.49300699300699297
45,logreg_smote,0.5136944342803256,0.3674540682414698,0.7368421052631579,0.49036777583187385
45,logreg_smote,0.5140403291065826,0.3684210526315789,0.7368421052631579,0.49122807017543857
45,logreg_smote,0.5142440333849045,0.36939313984168864,0.7368421052631579,0.49209138840070293
45,logreg_smote,0.5154572560816876,0.37037037037037035,0.7368421052631579,0.49295774647887325
45,logreg_smote,0.515695585222295,0.3713527851458886,0.7368421052631579,0.49382716049382713
45,logreg_smote,0.51674814527733,0.3696808510638298,0.7315789473684211,0.49116607773851595
45,logreg_smote,0.517257749277445,0.368,0.7263157894736842,0.488495575221239
45,logreg_smote,0.5198900471828509,0.3663101604278075,0.7210526315789474,0.48581560283687947
45,logreg_smote,0.5231055975930934,0.3672922252010724,0.7210526315789474,0.48667850799289525
45,logreg_smote,0.5237103666481407,0.3682795698924731,0.7210526315789474,0.4875444839857651
45,logreg_smote,0.5237667390154613,0.3692722371967655,0.7210526315789474,0.4884135472370766
45,logreg_smote,0.5239366764578602,0.37027027027027026,0.7210526315789474,0.4892857142857143
45,logreg_smote,0.5241374255912484,0.3685636856368564,0.7157894736842105,0.4865831842576029
45,logreg_smote,0.5249599410709712,0.3695652173913043,0.7157894736842105,0.48745519713261654
45,logreg_smote,0.525925189462777,0.37057220708446864,0.7157894736842105,0.4883303411131059
45,logreg_smote,0.5299104815724656,0.37158469945355194,0.7157894736842105,0.4892086330935252
45,logreg_smote,0.5306934365915706,0.3726027397260274,0.7157894736842105,0.49009009009009014
45,logreg_smote,0.5307484517341471,0.37362637362637363,0.7157894736842105,0.49097472924187724
45,logreg_smote,0.5307849052028962,0.3746556473829201,0.7157894736842105,0.49186256781193494
45,logreg_smote,0.5307993451052947,0.3756906077348066,0.7157894736842105,0.4927536231884058
45,logreg_smote,0.5308434737787905,0.3767313019390582,0.7157894736842105,0.49364791288566245
45,logreg_smote,0.5308776690944362,0.375,0.7105263157894737,0.49090909090909096
45,logreg_smote,0.5312192384616364,0.37604456824512533,0.7105263157894737,0.4918032786885246
45,logreg_smote,0.5355270705460882,0.3743016759776536,0.7052631578947368,0.4890510948905109
45,logreg_smote,0.5366591943783462,0.3753501400560224,0.7052631578947368,0.489945155393053
45,logreg_smote,0.540041082652419,0.37359550561797755,0.7,0.48717948717948717
45,logreg_smote,0.5403334811315369,0.37464788732394366,0.7,0.4880733944954128
45,logreg_smote,0.5430336952794532,0.3757062146892655,0.7,0.4889705882352941
45,logreg_smote,0.5432212056968493,0.37677053824362605,0.7,0.48987108655616945
45,logreg_smote,0.5433753077051692,0.3778409090909091,0.7,0.49077490774907745
45,logreg_smote,0.5441784955812492,0.3789173789173789,0.7,0.4916820702402957
45,logreg_smote,0.5460752884862803,0.38,0.7,0.49259259259259247
45,logreg_smote,0.5469073735289572,0.38108882521489973,0.7,0.4935064935064935
45,logreg_smote,0.5480223372777776,0.3793103448275862,0.6947368421052632,0.49070631970260226
45,logreg_smote,0.5493058249174326,0.3804034582132565,0.6947368421052632,0.4916201117318436
45,logreg_smote,0.5501621413622332,0.3786127167630058,0.6894736842105263,0.4888059701492537
45,logreg_smote,0.5510080934014969,0.37971014492753624,0.6894736842105263,0.4897196261682243
45,logreg_smote,0.5511908291970522,0.3808139534883721,0.6894736842105263,0.4906367041198502
45,logreg_smote,0.5519805456791879,0.3819241982507289,0.6894736842105263,0.49155722326454027
45,logreg_smote,0.5526724277033579,0.3830409356725146,0.6894736842105263,0.49248120300751885
45,logreg_smote,0.5556156874703456,0.3841642228739003,0.6894736842105263,0.4934086629001883
45,logreg_smote,0.5560221401245861,0.38529411764705884,0.6894736842105263,0.49433962264150944
45,logreg_smote,0.556181469299605,0.3864306784660767,0.6894736842105263,0.4952741020793952
45,logreg_smote,0.5567569937571614,0.3875739644970414,0.6894736842105263,0.49621212121212116
45,logreg_smote,0.558577742305729,0.3887240356083086,0.6894736842105263,0.49715370018975324
45,logreg_smote,0.5587076385029124,0.3898809523809524,0.6894736842105263,0.49809885931558934
45,logreg_smote,0.5592214578586614,0.39104477611940297,0.6894736842105263,0.4990476190476191
45,logreg_smote,0.5596605843265584,0.39221556886227543,0.6894736842105263,0.5
45,logreg_smote,0.5624031372244751,0.3933933933933934,0.6894736842105263,0.5009560229445507
45,logreg_smote,0.5633003795114602,0.39156626506024095,0.6842105263157895,0.49808429118773956
45,logreg_smote,0.5649251931148607,0.39274924471299094,0.6842105263157895,0.49904030710172753
45,logreg_smote,0.5653959456880129,0.3939393939393939,0.6842105263157895,0.5
45,logreg_smote,0.5654320995967648,0.3951367781155015,0.6842105263157895,0.5009633911368014
45,logreg_smote,0.5669260636601139,0.39634146341463417,0.6842105263157895,0.5019305019305019
45,logreg_smote,0.5697851161911666,0.3944954128440367,0.6789473684210526,0.49903288201160545
45,logreg_smote,0.5704398469233253,0.39570552147239263,0.6789473684210526,0.5
45,logreg_smote,0.5707369107979738,0.39384615384615385,0.6736842105263158,0.4970873786407767
45,logreg_smote,0.5722937738643942,0.3950617283950617,0.6736842105263158,0.4980544747081712
45,logreg_smote,0.5724070795762497,0.3931888544891641,0.6684210526315789,0.49512670565302136
45,logreg_smote,0.5730719845063146,0.3944099378881988,0.6684210526315789,0.49609375
45,logreg_smote,0.5743616683145276,0.3956386292834891,0.6684210526315789,0.49706457925636005
45,logreg_smote,0.5745817019847912,0.39375,0.6631578947368421,0.49411764705882355
45,logreg_smote,0.5746765099802676,0.3949843260188088,0.6631578947368421,0.4950884086444008
45,logreg_smote,0.5747823768961214,0.39308176100628933,0.6578947368421053,0.49212598425196846
45,logreg_smote,0.5751725425406626,0.3943217665615142,0.6578947368421053,0.4930966469428008
45,logreg_smote,0.5772254707140787,0.39556962025316456,0.6578947368421053,0.4940711462450593
45,logreg_smote,0.5779632861325686,0.39365079365079364,0.6526315789473685,0.49108910891089114
45,logreg_smote,0.5786594109916785,0.39490445859872614,0.6526315789473685,0.492063492063492
45,logreg_smote,0.5790614205714503,0.3961661341853035,0.6526315789473685,0.49304174950298213
45,logreg_smote,0.5807079873559083,0.3974358974358974,0.6526315789473685,0.4940239043824702
45,logreg_smote,0.5817320068093326,0.3954983922829582,0.6473684210526316,0.4910179640718562
45,logreg_smote,0.5823411579199714,0.3935483870967742,0.6421052631578947,0.488
45,logreg_smote,0.5837738429334957,0.39158576051779936,0.6368421052631579,0.4849699398797595
45,logreg_smote,0.5837830948425433,0.38961038961038963,0.631578947368421,0.48192771084337344
45,logreg_smote,0.5863488076425513,0.39087947882736157,0.631578947368421,0.482897384305835
45,logreg_smote,0.5868238396208592,0.39215686274509803,0.631578947368421,0.4838709677419355
45,logreg_smote,0.5872615463652915,0.3901639344262295,0.6263157894736842,0.48080808080808074
45,logreg_smote,0.5881868505404152,0.39144736842105265,0.6263157894736842,0.4817813765182186
45,logreg_smote,0.589325726043254,0.3927392739273927,0.6263157894736842,0.48275862068965514
45,logreg_smote,0.5898154568756415,0.39403973509933776,0.6263157894736842,0.48373983739837406
45,logreg_smote,0.5900655527556226,0.3953488372093023,0.6263157894736842,0.48472505091649687
45,logreg_smote,0.5904893471076783,0.39666666666666667,0.6263157894736842,0.48571428571428565
45,logreg_smote,0.5956315809365585,0.3979933110367893,0.6263157894736842,0.48670756646216773
45,logreg_smote,0.5965556681700824,0.3959731543624161,0.6210526315789474,0.4836065573770493
45,logreg_smote,0.5973294090935123,0.3939393939393939,0.6157894736842106,0.48049281314168374
45,logreg_smote,0.5973334479727613,0.3952702702702703,0.6157894736842106,0.4814814814814815
45,logreg_smote,0.5975467878614724,0.39661016949152544,0.6157894736842106,0.4824742268041237
45,logreg_smote,0.5983012353504296,0.3979591836734694,0.6157894736842106,0.4834710743801653
45,logreg_smote,0.6001039284497638,0.3993174061433447,0.6157894736842106,0.484472049689441
45,logreg_smote,0.6030687588865816,0.4006849315068493,0.6157894736842106,0.4854771784232365
45,logreg_smote,0.6048961688376118,0.4020618556701031,0.6157894736842106,0.4864864864864865
45,logreg_smote,0.6050040990645156,0.40344827586206894,0.6157894736842106,0.48750000000000004
45,logreg_smote,0.6053676584379922,0.40484429065743943,0.6157894736842106,0.48851774530271397
45,logreg_smote,0.6063862662450749,0.40625,0.6157894736842106,0.4895397489539749
45,logreg_smote,0.6072998865218874,0.4076655052264808,0.6157894736842106,0.49056603773584906
45,logreg_smote,0.607957700891983,0.4090909090909091,0.6157894736842106,0.4915966386554622
45,logreg_smote,0.6080633877407416,0.4105263157894737,0.6157894736842106,0.4926315789473684
45,logreg_smote,0.6081422590189843,0.4119718309859155,0.6157894736842106,0.49367088607594944
45,logreg_smote,0.6084622772801892,0.4134275618374558,0.6157894736842106,0.4947145877378436
45,logreg_smote,0.6087600687241916,0.4148936170212766,0.6157894736842106,0.49576271186440674
45,logreg_smote,0.6091063087047507,0.41637010676156583,0.6157894736842106,0.4968152866242039
45,logreg_smote,0.611480340653212,0.41785714285714287,0.6157894736842106,0.49787234042553197
45,logreg_smote,0.6117548159508629,0.41935483870967744,0.6157894736842106,0.4989339019189766
45,logreg_smote,0.6118725631323949,0.420863309352518,0.6157894736842106,0.5
45,logreg_smote,0.6131993615881023,0.4223826714801444,0.6157894736842106,0.5010706638115632
45,logreg_smote,0.6144948089986767,0.42391304347826086,0.6157894736842106,0.5021459227467812
45,logreg_smote,0.6152776681546447,0.4218181818181818,0.6105263157894737,0.4989247311827957
45,logreg_smote,0.6153596711158547,0.4233576642335766,0.6105263157894737,0.5
45,logreg_smote,0.6154378780078774,0.4249084249084249,0.6105263157894737,0.5010799136069115
45,logreg_smote,0.6160594914012862,0.4264705882352941,0.6105263157894737,0.5021645021645021
45,logreg_smote,0.6160990615387705,0.4280442804428044,0.6105263157894737,0.5032537960954446
45,logreg_smote,0.6161713875122579,0.42962962962962964,0.6105263157894737,0.5043478260869565
45,logreg_smote,0.6190045926517822,0.4312267657992565,0.6105263157894737,0.5054466230936819
45,logreg_smote,0.6205682462835768,0.43283582089552236,0.6105263157894737,0.5065502183406113
45,logreg_smote,0.6211116595497211,0.4344569288389513,0.6105263157894737,0.5076586433260394
45,logreg_smote,0.6216310562180576,0.43609022556390975,0.6105263157894737,0.5087719298245614
45,logreg_smote,0.6240422175331843,0.4377358490566038,0.6105263157894737,0.5098901098901099
45,logreg_smote,0.6240570954190128,0.4393939393939394,0.6105263157894737,0.5110132158590308
45,logreg_smote,0.625778545074823,0.44106463878326996,0.6105263157894737,0.512141280353201
45,logreg_smote,0.6282047606951301,0.4389312977099237,0.6052631578947368,0.5088495575221239
45,logreg_smote,0.6282058978745548,0.44061302681992337,0.6052631578947368,0.5099778270509977
45,logreg_smote,0.6311376364870439,0.43846153846153846,0.6,0.5066666666666667
45,logreg_smote,0.6329775838347438,0.44015444015444016,0.6,0.5077951002227171
45,logreg_smote,0.6332311416638692,0.4418604651162791,0.6,0.5089285714285714
45,logreg_smote,0.6335745707821345,0.44357976653696496,0.6,0.5100671140939598
45,logreg_smote,0.6335831586767503,0.4453125,0.6,0.5112107623318385
45,logreg_smote,0.635918573869551,0.4470588235294118,0.6,0.5123595505617977
45,logreg_smote,0.6360790092537827,0.4448818897637795,0.5947368421052631,0.509009009009009
45,logreg_smote,0.6366347487246924,0.44664031620553357,0.5947368421052631,0.510158013544018
45,logreg_smote,0.6376792090479638,0.44841269841269843,0.5947368421052631,0.5113122171945701
45,logreg_smote,0.6377005490034054,0.44621513944223107,0.5894736842105263,0.5079365079365079
45,logreg_smote,0.6381839016667309,0.448,0.5894736842105263,0.509090909090909
45,logreg_smote,0.6390838016719341,0.4497991967871486,0.5894736842105263,0.510250569476082
45,logreg_smote,0.6399001483428648,0.45161290322580644,0.5894736842105263,0.5114155251141552
45,logreg_smote,0.6402437236991471,0.4534412955465587,0.5894736842105263,0.5125858123569794
45,logreg_smote,0.6406046860890403,0.45528455284552843,0.5894736842105263,0.5137614678899083
45,logreg_smote,0.644992690819629,0.45714285714285713,0.5894736842105263,0.5149425287356322
45,logreg_smote,0.6460598660019309,0.45901639344262296,0.5894736842105263,0.5161290322580645
45,logreg_smote,0.6477242251129302,0.4609053497942387,0.5894736842105263,0.5173210161662818
45,logreg_smote,0.6477444093001309,0.45867768595041325,0.5842105263157895,0.5138888888888888
45,logreg_smote,0.648164755792727,0.45643153526970953,0.5789473684210527,0.5104408352668214
45,logreg_smote,0.6569138153691351,0.4583333333333333,0.5789473684210527,0.5116279069767442
45,logreg_smote,0.6570301309005037,0.4602510460251046,0.5789473684210527,0.5128205128205128
45,logreg_smote,0.6586115359438451,0.46218487394957986,0.5789473684210527,0.514018691588785
45,logreg_smote,0.6588729602649668,0.4641350210970464,0.5789473684210527,0.5152224824355971
45,logreg_smote,0.6604677834423094,0.4661016949152542,0.5789473684210527,0.516431924882629
45,logreg_smote,0.6620032141670409,0.46382978723404256,0.5736842105263158,0.5129411764705881
45,logreg_smote,0.6624114205286269,0.4658119658119658,0.5736842105263158,0.5141509433962265
45,logreg_smote,0.6631916478675945,0.4678111587982833,0.5736842105263158,0.5153664302600472
45,logreg_smote,0.6657829342628749,0.4698275862068966,0.5736842105263158,0.5165876777251185
45,logreg_smote,0.6661119661166148,0.47186147186147187,0.5736842105263158,0.517814726840855
45,logreg_smote,0.667559684890804,0.46956521739130436,0.5684210526315789,0.5142857142857143
45,logreg_smote,0.6680959170226137,0.47161572052401746,0.5684210526315789,0.5155131264916468
45,logreg_smote,0.6694494136819971,0.47368421052631576,0.5684210526315789,0.5167464114832535
45,logreg_smote,0.6706451689019358,0.47577092511013214,0.5684210526315789,0.5179856115107914
45,logreg_smote,0.6724262635569022,0.4778761061946903,0.5684210526315789,0.5192307692307693
45,logreg_smote,0.6725772016755841,0.48,0.5684210526315789,0.5204819277108433
45,logreg_smote,0.6726660595295655,0.48214285714285715,0.5684210526315789,0.5217391304347826
45,logreg_smote,0.6752382117883926,0.484304932735426,0.5684210526315789,0.5230024213075061
45,logreg_smote,0.6754045450750386,0.481981981981982,0.5631578947368421,0.5194174757281553
45,logreg_smote,0.6794401143200482,0.4841628959276018,0.5631578947368421,0.5206812652068127
45,logreg_smote,0.6800274957221529,0.4863636363636364,0.5631578947368421,0.5219512195121951
45,logreg_smote,0.6810181963368543,0.4885844748858447,0.5631578947368421,0.5232273838630805
45,logreg_smote,0.6826497395983758,0.4908256880733945,0.5631578947368421,0.5245098039215687
45,logreg_smote,0.6828564756129073,0.4930875576036866,0.5631578947368421,0.5257985257985258
45,logreg_smote,0.6893781967769209,0.49537037037037035,0.5631578947368421,0.5270935960591132
45,logreg_smote,0.6895877457554617,0.49767441860465117,0.5631578947368421,0.528395061728395
45,logreg_smote,0.6912327028334496,0.5,0.5631578947368421,0.5297029702970297
45,logreg_smote,0.6918781843604004,0.5023474178403756,0.5631578947368421,0.531017369727047
45,logreg_smote,0.6930171878665806,0.5047169811320755,0.5631578947368421,0.5323383084577115
45,logreg_smote,0.6931818273067005,0.5071090047393365,0.5631578947368421,0.5336658354114713
45,logreg_smote,0.6940798318613106,0.5095238095238095,0.5631578947368421,0.5349999999999999
45,logreg_smote,0.6964785347081146,0.5119617224880383,0.5631578947368421,0.5363408521303257
45,logreg_smote,0.6967811473036494,0.5096153846153846,0.5578947368421052,0.5326633165829145
45,logreg_smote,0.6973302765764814,0.5120772946859904,0.5578947368421052,0.5340050377833753
45,logreg_smote,0.6987985810451166,0.5145631067961165,0.5578947368421052,0.5353535353535352
45,logreg_smote,0.7011932311891687,0.5170731707317073,0.5578947368421052,0.5367088607594938
45,logreg_smote,0.7014320880448837,0.5196078431372549,0.5578947368421052,0.5380710659898478
45,logreg_smote,0.701755392637168,0.5221674876847291,0.5578947368421052,0.5394402035623409
45,logreg_smote,0.7017626862566205,0.5247524752475248,0.5578947368421052,0.5408163265306122
45,logreg_smote,0.7072604897610127,0.527363184079602,0.5578947368421052,0.5421994884910486
45,logreg_smote,0.7082098347782791,0.525,0.5526315789473685,0.5384615384615385
45,logreg_smote,0.7088062410913337,0.5276381909547738,0.5526315789473685,0.5398457583547557
45,logreg_smote,0.7131615500107022,0.5252525252525253,0.5473684210526316,0.5360824742268041
45,logreg_smote,0.7142559825514493,0.5279187817258884,0.5473684210526316,0.5374677002583979
45,logreg_smote,0.7155780094923081,0.5255102040816326,0.5421052631578948,0.533678756476684
45,logreg_smote,0.7157578300474792,0.5230769230769231,0.5368421052631579,0.5298701298701298
45,logreg_smote,0.7159297909971044,0.5257731958762887,0.5368421052631579,0.5312500000000001
45,logreg_smote,0.7169368250620379,0.5233160621761658,0.531578947368421,0.5274151436031331
45,logreg_smote,0.7177649493526874,0.5208333333333334,0.5263157894736842,0.5235602094240838
45,logreg_smote,0.7182427249247333,0.5235602094240838,0.5263157894736842,0.5249343832020997
45,logreg_smote,0.7186094696573277,0.5263157894736842,0.5263157894736842,0.5263157894736842
45,logreg_smote,0.7187275392014051,0.5291005291005291,0.5263157894736842,0.5277044854881265
45,logreg_smote,0.7202918191782389,0.526595744680851,0.5210526315789473,0.5238095238095238
45,logreg_smote,0.7205226904813842,0.5294117647058824,0.5210526315789473,0.5251989389920425
45,logreg_smote,0.7223525900062246,0.532258064516129,0.5210526315789473,0.5265957446808509
45,logreg_smote,0.7224148725997224,0.5351351351351351,0.5210526315789473,0.5279999999999999
45,logreg_smote,0.7226372986140136,0.5380434782608695,0.5210526315789473,0.5294117647058822
45,logreg_smote,0.7227728624429267,0.5355191256830601,0.5157894736842106,0.5254691689008043
45,logreg_smote,0.7237278950300068,0.5384615384615384,0.5157894736842106,0.5268817204301075
45,logreg_smote,0.7242031570068646,0.5414364640883977,0.5157894736842106,0.5283018867924528
45,logreg_smote,0.7242249816577035,0.5444444444444444,0.5157894736842106,0.5297297297297296
45,logreg_smote,0.7254072712675106,0.547486033519553,0.5157894736842106,0.5311653116531165
45,logreg_smote,0.7275917004122675,0.550561797752809,0.5157894736842106,0.532608695652174
45,logreg_smote,0.7285124906305397,0.5480225988700564,0.5105263157894737,0.5286103542234333
45,logreg_smote,0.7291878391459806,0.5454545454545454,0.5052631578947369,0.5245901639344263
45,logreg_smote,0.7316737286414765,0.5485714285714286,0.5052631578947369,0.5260273972602739
45,logreg_smote,0.7317002159621125,0.5459770114942529,0.5,0.521978021978022
45,logreg_smote,0.7318915122247365,0.5433526011560693,0.49473684210526314,0.5179063360881543
45,logreg_smote,0.7320757987835339,0.5406976744186046,0.48947368421052634,0.5138121546961325
45,logreg_smote,0.7321368300106679,0.543859649122807,0.48947368421052634,0.5152354570637119
45,logreg_smote,0.7327946791668515,0.5470588235294118,0.48947368421052634,0.5166666666666667
45,logreg_smote,0.7338071537315292,0.5502958579881657,0.48947368421052634,0.5181058495821728
45,logreg_smote,0.7362701421019239,0.5535714285714286,0.48947368421052634,0.5195530726256984
45,logreg_smote,0.736828471682343,0.5568862275449101,0.48947368421052634,0.5210084033613446
45,logreg_smote,0.7371081650390942,0.5602409638554217,0.48947368421052634,0.5224719101123595
45,logreg_smote,0.7378549712979646,0.5575757575757576,0.4842105263157895,0.5183098591549297
45,logreg_smote,0.741045048756627,0.5548780487804879,0.4789473684210526,0.5141242937853108
45,logreg_smote,0.7415314892928683,0.5521472392638037,0.47368421052631576,0.509915014164306
45,logreg_smote,0.7437541648373067,0.5555555555555556,0.47368421052631576,0.5113636363636364
45,logreg_smote,0.7439161663177452,0.5590062111801242,0.47368421052631576,0.5128205128205128
45,logreg_smote,0.7440950270028102,0.5625,0.47368421052631576,0.5142857142857142
45,logreg_smote,0.7453355232174134,0.5660377358490566,0.47368421052631576,0.5157593123209169
45,logreg_smote,0.7465059660433979,0.569620253164557,0.47368421052631576,0.5172413793103448
45,logreg_smote,0.7465636063102443,0.5732484076433121,0.47368421052631576,0.5187319884726224
45,logreg_smote,0.7471746676410994,0.5705128205128205,0.46842105263157896,0.514450867052023
45,logreg_smote,0.7487202712370357,0.5741935483870968,0.46842105263157896,0.5159420289855073
45,logreg_smote,0.7489375580591591,0.577922077922078,0.46842105263157896,0.5174418604651162
45,logreg_smote,0.7493567637383742,0.5816993464052288,0.46842105263157896,0.5189504373177842
45,logreg_smote,0.749557580424443,0.5855263157894737,0.46842105263157896,0.5204678362573099
45,logreg_smote,0.749831819850879,0.5894039735099338,0.46842105263157896,0.5219941348973607
45,logreg_smote,0.7500989857123552,0.5866666666666667,0.4631578947368421,0.5176470588235295
45,logreg_smote,0.7503471625637511,0.5906040268456376,0.4631578947368421,0.5191740412979351
45,logreg_smote,0.752399835830193,0.5945945945945946,0.4631578947368421,0.5207100591715976
45,logreg_smote,0.752694358088664,0.5986394557823129,0.4631578947368421,0.5222551928783383
45,logreg_smote,0.7528073405629377,0.5958904109589042,0.45789473684210524,0.5178571428571429
45,logreg_smote,0.7528781951798246,0.6,0.45789473684210524,0.5194029850746268
45,logreg_smote,0.7564662548139228,0.6041666666666666,0.45789473684210524,0.5209580838323353
45,logreg_smote,0.7566017729692653,0.6083916083916084,0.45789473684210524,0.5225225225225225
45,logreg_smote,0.7578248298847099,0.6056338028169014,0.45263157894736844,0.5180722891566265
45,logreg_smote,0.758371331826761,0.6028368794326241,0.4473684210526316,0.5135951661631419
45,logreg_smote,0.7584732363257042,0.6071428571428571,0.4473684210526316,0.5151515151515151
45,logreg_smote,0.7588926902874836,0.6115107913669064,0.4473684210526316,0.5167173252279635
45,logreg_smote,0.7591178102642447,0.6086956521739131,0.4421052631578947,0.5121951219512195
45,logreg_smote,0.759664159885507,0.6131386861313869,0.4421052631578947,0.5137614678899083
45,logreg_smote,0.761882878548706,0.6176470588235294,0.4421052631578947,0.5153374233128833
45,logreg_smote,0.7627777989947451,0.6222222222222222,0.4421052631578947,0.5169230769230769
45,logreg_smote,0.7665438611470238,0.6194029850746269,0.4368421052631579,0.5123456790123456
45,logreg_smote,0.7671106002115163,0.6240601503759399,0.4368421052631579,0.5139318885448916
45,logreg_smote,0.7676725405924447,0.6287878787878788,0.4368421052631579,0.515527950310559
45,logreg_smote,0.769120164838825,0.6335877862595419,0.4368421052631579,0.5171339563862928
45,logreg_smote,0.7715987033192394,0.6384615384615384,0.4368421052631579,0.5187499999999999
45,logreg_smote,0.7728238063394917,0.6434108527131783,0.4368421052631579,0.5203761755485894
45,logreg_smote,0.7796802627453352,0.640625,0.43157894736842106,0.5157232704402516
45,logreg_smote,0.7801007751749611,0.6377952755905512,0.4263157894736842,0.5110410094637223
45,logreg_smote,0.7801080409461206,0.6349206349206349,0.42105263157894735,0.5063291139240507
45,logreg_smote,0.7803463229486804,0.632,0.41578947368421054,0.5015873015873016
45,logreg_smote,0.7816615608124294,0.6370967741935484,0.41578947368421054,0.5031847133757962
45,logreg_smote,0.7837378029543863,0.6341463414634146,0.4105263157894737,0.49840255591054317
45,logreg_smote,0.7872094701287986,0.639344262295082,0.4105263157894737,0.5
45,logreg_smote,0.7876407744131247,0.6363636363636364,0.4052631578947368,0.495176848874598
45,logreg_smote,0.7901161387268287,0.6333333333333333,0.4,0.4903225806451614
45,logreg_smote,0.7916651016651302,0.6386554621848739,0.4,0.49190938511326865
45,logreg_smote,0.7926602857333046,0.6440677966101694,0.4,0.4935064935064935
45,logreg_smote,0.7938726238879639,0.6410256410256411,0.39473684210526316,0.48859934853420195
45,logreg_smote,0.7951932806579626,0.646551724137931,0.39473684210526316,0.4901960784313725
45,logreg_smote,0.7989279746133074,0.6434782608695652,0.3894736842105263,0.4852459016393442
45,logreg_smote,0.8002281422412866,0.6403508771929824,0.38421052631578945,0.4802631578947368
45,logreg_smote,0.801256208977996,0.6371681415929203,0.37894736842105264,0.4752475247524753
45,logreg_smote,0.8014974653251957,0.6428571428571429,0.37894736842105264,0.4768211920529802
45,logreg_smote,0.8023447060859678,0.6396396396396397,0.3736842105263158,0.47176079734219273
45,logreg_smote,0.8036933875834873,0.6363636363636364,0.3684210526315789,0.4666666666666667
45,logreg_smote,0.8052125637539788,0.6422018348623854,0.3684210526315789,0.4682274247491639
45,logreg_smote,0.8065262858922132,0.6388888888888888,0.3631578947368421,0.46308724832214765
45,logreg_smote,0.8072975005793993,0.6355140186915887,0.35789473684210527,0.45791245791245794
45,logreg_smote,0.8083033038047321,0.6415094339622641,0.35789473684210527,0.4594594594594595
45,logreg_smote,0.8086747461862684,0.638095238095238,0.3526315789473684,0.4542372881355932
45,logreg_smote,0.8091847808965488,0.6442307692307693,0.3526315789473684,0.4557823129251701
45,logreg_smote,0.8100791583934442,0.6407766990291263,0.3473684210526316,0.45051194539249145
45,logreg_smote,0.8104586324591898,0.6372549019607843,0.34210526315789475,0.4452054794520548
45,logreg_smote,0.8104597213730608,0.6336633663366337,0.3368421052631579,0.43986254295532645
45,logreg_smote,0.8114146934306737,0.64,0.3368421052631579,0.4413793103448276
45,logreg_smote,0.8122083546730622,0.6464646464646465,0.3368421052631579,0.4429065743944637
45,logreg_smote,0.8127003806860583,0.6530612244897959,0.3368421052631579,0.4444444444444444
45,logreg_smote,0.8131065144915186,0.6494845360824743,0.33157894736842103,0.43902439024390244
45,logreg_smote,0.8136768543846076,0.65625,0.33157894736842103,0.4405594405594406
45,logreg_smote,0.815185195657175,0.6526315789473685,0.3263157894736842,0.43508771929824563
45,logreg_smote,0.8160722096859848,0.6595744680851063,0.3263157894736842,0.4366197183098592
45,logreg_smote,0.8171981132760403,0.6559139784946236,0.32105263157894737,0.431095406360424
45,logreg_smote,0.818348897541702,0.6630434782608695,0.32105263157894737,0.4326241134751773
45,logreg_smote,0.8210374976557315,0.6593406593406593,0.3157894736842105,0.4270462633451957
45,logreg_smote,0.8245197453848103,0.6555555555555556,0.3105263157894737,0.4214285714285715
45,logreg_smote,0.8262207149446902,0.6629213483146067,0.3105263157894737,0.4229390681003585
45,logreg_smote,0.8287298668267821,0.6704545454545454,0.3105263157894737,0.42446043165467623
45,logreg_smote,0.8291011719318222,0.6781609195402298,0.3105263157894737,0.42599277978339345
45,logreg_smote,0.8294499679828237,0.686046511627907,0.3105263157894737,0.427536231884058
45,logreg_smote,0.8302105072161872,0.6823529411764706,0.30526315789473685,0.4218181818181818
45,logreg_smote,0.8304371219492254,0.6785714285714286,0.3,0.41605839416058393
45,logreg_smote,0.8331377477700637,0.6746987951807228,0.29473684210526313,0.41025641025641024
45,logreg_smote,0.8350140559339747,0.6707317073170732,0.2894736842105263,0.4044117647058824
45,logreg_smote,0.8416971214013403,0.6790123456790124,0.2894736842105263,0.4059040590405904
45,logreg_smote,0.842985012032342,0.6875,0.2894736842105263,0.4074074074074074
45,logreg_smote,0.8453921966889894,0.6835443037974683,0.28421052631578947,0.40148698884758366
45,logreg_smote,0.8461479906851067,0.6923076923076923,0.28421052631578947,0.40298507462686567
45,logreg_smote,0.8482015590864713,0.7012987012987013,0.28421052631578947,0.4044943820224719
45,logreg_smote,0.8485224474367193,0.6973684210526315,0.2789473684210526,0.39849624060150374
45,logreg_smote,0.8485759989783529,0.7066666666666667,0.2789473684210526,0.39999999999999997
45,logreg_smote,0.8499625946090854,0.7027027027027027,0.2736842105263158,0.3939393939393939
45,logreg_smote,0.850374811173349,0.7123287671232876,0.2736842105263158,0.3954372623574145
45,logreg_smote,0.8520780428640501,0.7222222222222222,0.2736842105263158,0.3969465648854962
45,logreg_smote,0.8534959812662098,0.7323943661971831,0.2736842105263158,0.3984674329501916
45,logreg_smote,0.8554676425598559,0.7285714285714285,0.26842105263157895,0.3923076923076923
45,logreg_smote,0.8625313421348234,0.7391304347826086,0.26842105263157895,0.39382239382239387
45,logreg_smote,0.8626577177431916,0.75,0.26842105263157895,0.39534883720930236
45,logreg_smote,0.8630707962619975,0.746268656716418,0.2631578947368421,0.3891050583657587
45,logreg_smote,0.8632077054223853,0.7575757575757576,0.2631578947368421,0.390625
45,logreg_smote,0.8635804948774016,0.7538461538461538,0.2578947368421053,0.3843137254901961
45,logreg_smote,0.8638336943680965,0.765625,0.2578947368421053,0.3858267716535433
45,logreg_smote,0.8640744116988706,0.7619047619047619,0.25263157894736843,0.37944664031620556
45,logreg_smote,0.8674608413383875,0.7580645161290323,0.24736842105263157,0.373015873015873
45,logreg_smote,0.8688456513052002,0.7704918032786885,0.24736842105263157,0.3745019920318725
45,logreg_smote,0.8699435903504027,0.7666666666666667,0.24210526315789474,0.36800000000000005
45,logreg_smote,0.8705768036391522,0.7627118644067796,0.23684210526315788,0.3614457831325301
45,logreg_smote,0.8719240575177575,0.7586206896551724,0.23157894736842105,0.3548387096774193
45,logreg_smote,0.8721126446818085,0.7543859649122807,0.22631578947368422,0.3481781376518219
45,logreg_smote,0.8732789439712348,0.75,0.22105263157894736,0.3414634146341463
45,logreg_smote,0.8742193074875613,0.7636363636363637,0.22105263157894736,0.34285714285714286
45,logreg_smote,0.8760639306523759,0.7592592592592593,0.21578947368421053,0.33606557377049184
45,logreg_smote,0.8770804741055672,0.7547169811320755,0.21052631578947367,0.3292181069958848
45,logreg_smote,0.8821667022761058,0.75,0.20526315789473684,0.3223140495867769
45,logreg_smote,0.8824199090806832,0.7450980392156863,0.2,0.3153526970954357
45,logreg_smote,0.8835538390571255,0.76,0.2,0.3166666666666667
45,logreg_smote,0.8845101556986882,0.7551020408163265,0.19473684210526315,0.3096234309623431
45,logreg_smote,0.8857726630328936,0.75,0.18947368421052632,0.3025210084033613
45,logreg_smote,0.8861639858593205,0.7446808510638298,0.18421052631578946,0.2953586497890295
45,logreg_smote,0.8882411770372934,0.7391304347826086,0.17894736842105263,0.288135593220339
45,logreg_smote,0.8892786258589789,0.7555555555555555,0.17894736842105263,0.2893617021276596
45,logreg_smote,0.8947969693408044,0.75,0.1736842105263158,0.2820512820512821
45,logreg_smote,0.8975865473456102,0.7441860465116279,0.16842105263157894,0.27467811158798283
45,logreg_smote,0.8977544809126214,0.7380952380952381,0.1631578947368421,0.2672413793103448
45,logreg_smote,0.9108314309902493,0.7317073170731707,0.15789473684210525,0.2597402597402597
45,logreg_smote,0.9109605785593914,0.725,0.15263157894736842,0.25217391304347825
45,logreg_smote,0.9116464342738321,0.717948717948718,0.14736842105263157,0.2445414847161572
45,logreg_smote,0.9119751220748002,0.7105263157894737,0.14210526315789473,0.2368421052631579
45,logreg_smote,0.9142023099021978,0.7297297297297297,0.14210526315789473,0.23788546255506607
45,logreg_smote,0.9161866192589859,0.75,0.14210526315789473,0.23893805309734514
45,logreg_smote,0.9163323114148736,0.7428571428571429,0.1368421052631579,0.23111111111111113
45,logreg_smote,0.9218727245719621,0.7352941176470589,0.13157894736842105,0.22321428571428573
45,logreg_smote,0.9226324740431656,0.7575757575757576,0.13157894736842105,0.22421524663677128
45,logreg_smote,0.9238008380627396,0.75,0.12631578947368421,0.21621621621621623
45,logreg_smote,0.9259341532908493,0.7419354838709677,0.12105263157894737,0.2081447963800905
45,logreg_smote,0.9261061423765554,0.7333333333333333,0.11578947368421053,0.2
45,logreg_smote,0.9293653546987453,0.7241379310344828,0.11052631578947368,0.1917808219178082
45,logreg_smote,0.9318263387048835,0.7142857142857143,0.10526315789473684,0.18348623853211007
45,logreg_smote,0.9320211770681408,0.7407407407407407,0.10526315789473684,0.18433179723502305
45,logreg_smote,0.9346757633655993,0.7692307692307693,0.10526315789473684,0.18518518518518517
45,logreg_smote,0.9364292037010031,0.76,0.1,0.17674418604651165
45,logreg_smote,0.9401911456446419,0.75,0.09473684210526316,0.16822429906542058
45,logreg_smote,0.9451641002418754,0.7391304347826086,0.08947368421052632,0.1596244131455399
45,logreg_smote,0.9457363310463718,0.7272727272727273,0.08421052631578947,0.1509433962264151
45,logreg_smote,0.9477529088885458,0.7619047619047619,0.08421052631578947,0.15165876777251186
45,logreg_smote,0.9483017767522594,0.8,0.08421052631578947,0.15238095238095237
45,logreg_smote,0.9491921433755847,0.7894736842105263,0.07894736842105263,0.1435406698564593
45,logreg_smote,0.9553679720783673,0.7777777777777778,0.07368421052631578,0.1346153846153846
45,logreg_smote,0.9553758003724264,0.7647058823529411,0.06842105263157895,0.12560386473429952
45,logreg_smote,0.960797958736371,0.8125,0.06842105263157895,0.12621359223300974
45,logreg_smote,0.9611572635556946,0.8,0.06315789473684211,0.11707317073170732
45,logreg_smote,0.9620252779042326,0.7857142857142857,0.05789473684210526,0.10784313725490197
45,logreg_smote,0.9657953874053133,0.8461538461538461,0.05789473684210526,0.10837438423645321
45,logreg_smote,0.9658002244888307,0.9166666666666666,0.05789473684210526,0.10891089108910891
45,logreg_smote,0.9663331371591354,0.9090909090909091,0.05263157894736842,0.09950248756218903
45,logreg_smote,0.967095741075501,0.9,0.04736842105263158,0.09
45,logreg_smote,0.9679465808801979,0.8888888888888888,0.042105263157894736,0.08040201005025124
45,logreg_smote,0.9682160106720039,0.875,0.03684210526315789,0.0707070707070707
45,logreg_smote,0.9693519555479565,0.8571428571428571,0.031578947368421054,0.06091370558375635
45,logreg_smote,0.9695506995081925,0.8333333333333334,0.02631578947368421,0.0510204081632653
45,logreg_smote,0.9708780670664713,0.8,0.021052631578947368,0.041025641025641026
45,logreg_smote,0.973907481922169,0.75,0.015789473684210527,0.03092783505154639
45,logreg_smote,0.9756870809410376,1.0,0.015789473684210527,0.031088082901554404
45,logreg_smote,0.9772180856278389,1.0,0.010526315789473684,0.020833333333333332
45,logreg_smote,0.9779722181118539,1.0,0.005263157894736842,0.010471204188481674
45,xgboost_smote,1.4365836250362918e-05,0.16156462585034015,1.0,0.2781844802342606
45,xgboost_smote,1.8645130694494583e-05,0.16170212765957448,1.0,0.2783882783882784
45,xgboost_smote,2.793648855003994e-05,0.16183986371379896,1.0,0.2785923753665689
45,xgboost_smote,3.363266296219081e-05,0.16197783461210571,1.0,0.27879677182685253
45,xgboost_smote,3.4497224987717345e-05,0.1621160409556314,1.0,0.2790014684287812
45,xgboost_smote,3.8285805203486234e-05,0.16225448334756618,1.0,0.27920646583394565
45,xgboost_smote,3.9613911212654784e-05,0.1623931623931624,1.0,0.27941176470588236
45,xgboost_smote,3.991031917394139e-05,0.16253207869974337,1.0,0.27961736571008095
45,xgboost_smote,5.299370604916476e-05,0.16267123287671234,1.0,0.27982326951399117
45,xgboost_smote,5.304183650878258e-05,0.16281062553556128,1.0,0.2800294767870302
45,xgboost_smote,5.5195181630551815e-05,0.16295025728987994,1.0,0.28023598820059
45,xgboost_smote,5.527192115550861e-05,0.1630901287553648,1.0,0.28044280442804426
45,xgboost_smote,5.673278428730555e-05,0.16237113402061856,0.9947368421052631,0.2791728212703102
45,xgboost_smote,5.814752512378618e-05,0.16251074806534824,0.9947368421052631,0.2793791574279379
45,xgboost_smote,5.881563629372977e-05,0.16265060240963855,0.9947368421052631,0.27958579881656803
45,xgboost_smote,6.6656299168244e-05,0.16279069767441862,0.9947368421052631,0.27979274611398963
45,xgboost_smote,6.842058792244643e-05,0.16206896551724137,0.9894736842105263,0.2785185185185185
45,xgboost_smote,6.888796633575112e-05,0.1622088006902502,0.9894736842105263,0.2787249814677539
45,xgboost_smote,7.017071038717404e-05,0.16234887737478412,0.9894736842105263,0.2789317507418398
45,xgboost_smote,7.034430745989084e-05,0.16248919619706137,0.9894736842105263,0.2791388270230141
45,xgboost_smote,7.170098251663148e-05,0.16262975778546712,0.9894736842105263,0.2793462109955423
45,xgboost_smote,7.421786722261459e-05,0.16277056277056276,0.9894736842105263,0.2795539033457249
45,xgboost_smote,7.793871191097423e-05,0.16291161178509533,0.9894736842105263,0.2797619047619048
45,xgboost_smote,8.020838140510023e-05,0.16305290546400694,0.9894736842105263,0.2799702159344751
45,xgboost_smote,8.699074533069506e-05,0.1623263888888889,0.9842105263157894,0.27868852459016397
45,xgboost_smote,9.276883793063462e-05,0.16246741963509992,0.9842105263157894,0.27889634601043994
45,xgboost_smote,9.364181460114196e-05,0.16260869565217392,0.9842105263157894,0.2791044776119403
45,xgboost_smote,9.452569793211296e-05,0.16275021758050479,0.9842105263157894,0.2793129200896191
45,xgboost_smote,9.565059008309618e-05,0.16289198606271776,0.9842105263157894,0.2795216741405082
45,xgboost_smote,9.583419159753248e-05,0.16303400174367916,0.9842105263157894,0.27973074046372476
45,xgboost_smote,9.59734752541408e-05,0.1631762652705061,0.9842105263157894,0.279940119760479
45,xgboost_smote,0.00010304481111234054,0.1633187772925764,0.9842105263157894,0.28014981273408235
45,xgboost_smote,0.00010350836964789778,0.16346153846153846,0.9842105263157894,0.280359820089955
45,xgboost_smote,0.0001075695690815337,0.16360454943132108,0.9842105263157894,0.2805701425356339
45,xgboost_smote,0.00010915401071542874,0.1637478108581436,0.9842105263157894,0.2807807807807808
45,xgboost_smote,0.00011029624874936417,0.16389132340052587,0.9842105263157894,0.2809917355371901
45,xgboost_smote,0.00011734791769413278,0.16403508771929826,0.9842105263157894,0.281203007518797
45,xgboost_smote,0.0001179367391159758,0.16417910447761194,0.9842105263157894,0.28141459744168545
45,xgboost_smote,0.00011908466694876552,0.16432337434094904,0.9842105263157894,0.2816265060240964
45,xgboost_smote,0.00011909806198673323,0.1644678979771328,0.9842105263157894,0.28183873398643555
45,xgboost_smote,0.00012025418982375413,0.16461267605633803,0.9842105263157894,0.28205128205128205
45,xgboost_smote,0.00012516624701675028,0.1647577092511013,0.9842105263157894,0.28226415094339624
45,xgboost_smote,0.00012678539496846497,0.16490299823633156,0.9842105263157894,0.28247734138972813
45,xgboost_smote,0.0001303625467699021,0.1650485436893204,0.9842105263157894,0.28269085411942557
45,xgboost_smote,0.00013116067566443235,0.16519434628975266,0.9842105263157894,0.2829046898638427
45,xgboost_smote,0.00013196116196922958,0.16534040671971706,0.9842105263157894,0.2831188493565481
45,xgboost_smote,0.00013432186096906662,0.1654867256637168,0.9842105263157894,0.28333333333333327
45,xgboost_smote,0.0001349721715087071,0.16563330380868024,0.9842105263157894,0.2835481425322213
45,xgboost_smote,0.0001370592217426747,0.16578014184397163,0.9842105263157894,0.283763277693475
45,xgboost_smote,0.00014147258480079472,0.16592724046140195,0.9842105263157894,0.2839787395596051
45,xgboost_smote,0.00014608973287977278,0.1660746003552398,0.9842105263157894,0.28419452887538
45,xgboost_smote,0.00014777561591472477,0.16622222222222222,0.9842105263157894,0.2844106463878327
45,xgboost_smote,0.00014803255908191204,0.16637010676156583,0.9842105263157894,0.28462709284627097
45,xgboost_smote,0.0001498997153248638,0.16651825467497774,0.9842105263157894,0.28484386900228487
45,xgboost_smote,0.00015699522919021547,0.16666666666666666,0.9842105263157894,0.2850609756097561
45,xgboost_smote,0.00016121004591695964,0.16681534344335414,0.9842105263157894,0.28527841342486654
45,xgboost_smote,0.00016913830768316984,0.1669642857142857,0.9842105263157894,0.28549618320610687
45,xgboost_smote,0.0001714245299808681,0.1671134941912422,0.9842105263157894,0.2857142857142857
45,xgboost_smote,0.00017437881615478545,0.167262969588551,0.9842105263157894,0.28593272171253825
45,xgboost_smote,0.0001817806769395247,0.1674127126230976,0.9842105263157894,0.2861514919663351
45,xgboost_smote,0.0001820743636926636,0.16756272401433692,0.9842105263157894,0.28637059724349156
45,xgboost_smote,0.0001868616382125765,0.16771300448430493,0.9842105263157894,0.28659003831417623
45,xgboost_smote,0.0001959618675755337,0.16786355475763015,0.9842105263157894,0.28680981595092025
45,xgboost_smote,0.00020239963487256318,0.16801437556154536,0.9842105263157894,0.2870299309286262
45,xgboost_smote,0.0002052555064437911,0.1681654676258993,0.9842105263157894,0.2872503840245776
45,xgboost_smote,0.000211496400879696,0.16831683168316833,0.9842105263157894,0.28747117601844735
45,xgboost_smote,0.00021809455938637257,0.16846846846846847,0.9842105263157894,0.2876923076923077
45,xgboost_smote,0.00022114273451734334,0.16862037871956717,0.9842105263157894,0.2879137798306389
45,xgboost_smote,0.00022235338110476732,0.16877256317689532,0.9842105263157894,0.288135593220339
45,xgboost_smote,0.00022424889903049916,0.16892502258355918,0.9842105263157894,0.2883577486507325
45,xgboost_smote,0.0002252494014101103,0.16907775768535263,0.9842105263157894,0.28858024691358025
45,xgboost_smote,0.00022795135737396777,0.16923076923076924,0.9842105263157894,0.2888030888030888
45,xgboost_smote,0.00022883589554112405,0.1693840579710145,0.9842105263157894,0.28902627511591966
45,xgboost_smote,0.00023249012883752584,0.16953762466001812,0.9842105263157894,0.2892498066511987
45,xgboost_smote,0.00023866545234341174,0.16969147005444646,0.9842105263157894,0.2894736842105263
45,xgboost_smote,0.00024119300360325724,0.16984559491371481,0.9842105263157894,0.28969790859798605
45,xgboost_smote,0.0002421372482785955,0.17,0.9842105263157894,0.2899224806201551
45,xgboost_smote,0.0002470657927915454,0.17015468607825296,0.9842105263157894,0.29014740108611325
45,xgboost_smote,0.00024898716947063804,0.1703096539162113,0.9842105263157894,0.29037267080745344
45,xgboost_smote,0.00025703731807880104,0.17046490428441202,0.9842105263157894,0.2905982905982906
45,xgboost_smote,0.00027070334181189537,0.17062043795620438,0.9842105263157894,0.29082426127527217
45,xgboost_smote,0.00027145002968609333,0.17077625570776256,0.9842105263157894,0.2910505836575875
45,xgboost_smote,0.00027529196813702583,0.17093235831809872,0.9842105263157894,0.2912772585669782
45,xgboost_smote,0.0002754865272436291,0.17108874656907594,0.9842105263157894,0.2915042868277474
45,xgboost_smote,0.0002772297302726656,0.17124542124542125,0.9842105263157894,0.29173166926677063
45,xgboost_smote,0.0002783667587209493,0.17140238313473877,0.9842105263157894,0.291959406713505
45,xgboost_smote,0.00029458056087605655,0.17155963302752295,0.9842105263157894,0.29218750000000004
45,xgboost_smote,0.0003030800144188106,0.1717171717171717,0.9842105263157894,0.2924159499609069
45,xgboost_smote,0.00030617654556408525,0.171875,0.9842105263157894,0.29264475743348983
45,xgboost_smote,0.00031038286397233605,0.17203311867525298,0.9842105263157894,0.292873923257635
45,xgboost_smote,0.00031166293774731457,0.1721915285451197,0.9842105263157894,0.2931034482758621
45,xgboost_smote,0.00031465268693864346,0.17235023041474654,0.9842105263157894,0.29333333333333333
45,xgboost_smote,0.00031489154207520187,0.17250922509225092,0.9842105263157894,0.29356357927786497
45,xgboost_smote,0.00031653555925004184,0.17266851338873498,0.9842105263157894,0.29379418695993714
45,xgboost_smote,0.0003168190596625209,0.17282809611829944,0.9842105263157894,0.29402515723270434
45,xgboost_smote,0.0003170302661601454,0.17298797409805736,0.9842105263157894,0.2942564909520063
45,xgboost_smote,0.0003358532558195293,0.17314814814814813,0.9842105263157894,0.29448818897637796
45,xgboost_smote,0.0003426258044783026,0.17330861909175163,0.9842105263157894,0.29472025216706066
45,xgboost_smote,0.00034307490568608046,0.17346938775510204,0.9842105263157894,0.29495268138801256
45,xgboost_smote,0.0003495783603284508,0.17363045496750232,0.9842105263157894,0.2951854775059195
45,xgboost_smote,0.00035193681833334267,0.1737918215613383,0.9842105263157894,0.29541864139020535
45,xgboost_smote,0.0003568610700313002,0.173953488372093,0.9842105263157894,0.29565217391304344
45,xgboost_smote,0.00035989886964671314,0.17411545623836128,0.9842105263157894,0.2958860759493671
45,xgboost_smote,0.0003610728308558464,0.17427772600186392,0.9842105263157894,0.2961203483768804
45,xgboost_smote,0.00036613550037145615,0.17444029850746268,0.9842105263157894,0.2963549920760697
45,xgboost_smote,0.00036687118699774146,0.1746031746031746,0.9842105263157894,0.29659000793021406
45,xgboost_smote,0.0003746718284673989,0.17476635514018693,0.9842105263157894,0.2968253968253968
45,xgboost_smote,0.0003754369681701064,0.17492984097287184,0.9842105263157894,0.29706115965051627
45,xgboost_smote,0.0003778957761824131,0.1750936329588015,0.9842105263157894,0.29729729729729726
45,xgboost_smote,0.00037927896482869983,0.17525773195876287,0.9842105263157894,0.29753381066030227
45,xgboost_smote,0.00038129245513118804,0.175422138836773,0.9842105263157894,0.29777070063694266
45,xgboost_smote,0.00039886863669380546,0.1755868544600939,0.9842105263157894,0.2980079681274901
45,xgboost_smote,0.0004012972058262676,0.17575187969924813,0.9842105263157894,0.2982456140350877
45,xgboost_smote,0.0004044413799419999,0.17591721542803387,0.9842105263157894,0.29848363926576216
45,xgboost_smote,0.0004052929871249944,0.1760828625235405,0.9842105263157894,0.29872204472843455
45,xgboost_smote,0.00040640318184159696,0.176248821866164,0.9842105263157894,0.29896083133493206
45,xgboost_smote,0.00040731969056650996,0.17641509433962263,0.9842105263157894,0.2992
45,xgboost_smote,0.0004105562693439424,0.17658168083097261,0.9842105263157894,0.29943955164131303
45,xgboost_smote,0.00041301341843791306,0.1767485822306238,0.9842105263157894,0.29967948717948717
45,xgboost_smote,0.0004207716847304255,0.1759697256385998,0.9789473684210527,0.2983159582999198
45,xgboost_smote,0.0004252241342328489,0.17613636363636365,0.9789473684210527,0.2985553772070626
45,xgboost_smote,0.0004257226246409118,0.176303317535545,0.9789473684210527,0.2987951807228916
45,xgboost_smote,0.00043260096572339535,0.17647058823529413,0.9789473684210527,0.2990353697749196
45,xgboost_smote,0.0004335814737714827,0.17663817663817663,0.9789473684210527,0.2992759452936444
45,xgboost_smote,0.00043740589171648026,0.17680608365019013,0.9789473684210527,0.2995169082125604
45,xgboost_smote,0.0004382151528261602,0.17697431018078022,0.9789473684210527,0.2997582594681708
45,xgboost_smote,0.00044213226647116244,0.17714285714285713,0.9789473684210527,0.3
45,xgboost_smote,0.0004542819515336305,0.1773117254528122,0.9789473684210527,0.30024213075060535
45,xgboost_smote,0.00046028330689296126,0.17748091603053434,0.9789473684210527,0.30048465266558966
45,xgboost_smote,0.00046047725481912494,0.17765042979942694,0.9789473684210527,0.3007275666936136
45,xgboost_smote,0.0004635733785107732,0.17782026768642448,0.9789473684210527,0.30097087378640774
45,xgboost_smote,0.00048033613711595535,0.17799043062200956,0.9789473684210527,0.3012145748987854
45,xgboost_smote,0.0004929046845063567,0.1781609195402299,0.9789473684210527,0.30145867098865475
45,xgboost_smote,0.0004951846203766763,0.17833173537871524,0.9789473684210527,0.30170316301703165
45,xgboost_smote,0.0004959612269885838,0.1785028790786948,0.9789473684210527,0.3019480519480519
45,xgboost_smote,0.0004988324944861233,0.1786743515850144,0.9789473684210527,0.3021933387489846
45,xgboost_smote,0.0005015929345972836,0.17884615384615385,0.9789473684210527,0.30243902439024395
45,xgboost_smote,0.0005073581705801189,0.17901828681424448,0.9789473684210527,0.3026851098454028
45,xgboost_smote,0.0005089379264973104,0.1791907514450867,0.9789473684210527,0.30293159609120524
45,xgboost_smote,0.0005108633195050061,0.17936354869816779,0.9789473684210527,0.3031784841075794
45,xgboost_smote,0.0005145881441421807,0.17953667953667954,0.9789473684210527,0.3034257748776509
45,xgboost_smote,0.0005178689025342464,0.17971014492753623,0.9789473684210527,0.30367346938775513
45,xgboost_smote,0.00051930733025074,0.17988394584139264,0.9789473684210527,0.30392156862745096
45,xgboost_smote,0.0005276139709167182,0.18005808325266215,0.9789473684210527,0.3041700735895339
45,xgboost_smote,0.0005279036704450846,0.18023255813953487,0.9789473684210527,0.30441898527004907
45,xgboost_smote,0.0005439996020868421,0.18040737148399613,0.9789473684210527,0.3046683046683047
45,xgboost_smote,0.0005452904151752591,0.18058252427184465,0.9789473684210527,0.30491803278688523
45,xgboost_smote,0.000547132920473814,0.18075801749271136,0.9789473684210527,0.3051681706316653
45,xgboost_smote,0.0005508995964191854,0.18093385214007782,0.9789473684210527,0.3054187192118227
45,xgboost_smote,0.0005577715928666294,0.18111002921129504,0.9789473684210527,0.30566967953985213
45,xgboost_smote,0.0005622357130050659,0.18128654970760233,0.9789473684210527,0.305921052631579
45,xgboost_smote,0.000572339806240052,0.18146341463414634,0.9789473684210527,0.3061728395061728
45,xgboost_smote,0.0005724653019569814,0.181640625,0.9789473684210527,0.3064250411861615
45,xgboost_smote,0.0005846170242875814,0.18181818181818182,0.9789473684210527,0.3066776586974444
45,xgboost_smote,0.0005939317052252591,0.18199608610567514,0.9789473684210527,0.30693069306930687
45,xgboost_smote,0.0006123873754404485,0.1821743388834476,0.9789473684210527,0.30718414533443433
45,xgboost_smote,0.0006129721878096461,0.18235294117647058,0.9789473684210527,0.3074380165289256
45,xgboost_smote,0.0006206713151186705,0.18253189401373895,0.9789473684210527,0.30769230769230765
45,xgboost_smote,0.0006241034716367722,0.18271119842829076,0.9789473684210527,0.30794701986754963
45,xgboost_smote,0.0006328723393380642,0.18289085545722714,0.9789473684210527,0.30820215410107704
45,xgboost_smote,0.0006404209998436272,0.1830708661417323,0.9789473684210527,0.30845771144278605
45,xgboost_smote,0.0006451912922784686,0.1832512315270936,0.9789473684210527,0.3087136929460581
45,xgboost_smote,0.0006610293057747185,0.1834319526627219,0.9789473684210527,0.3089700996677741
45,xgboost_smote,0.0006687616114504635,0.18361303060217177,0.9789473684210527,0.3092269326683292
45,xgboost_smote,0.0006795400404371321,0.18379446640316205,0.9789473684210527,0.30948419301164726
45,xgboost_smote,0.0006817159592173994,0.18397626112759644,0.9789473684210527,0.3097418817651957
45,xgboost_smote,0.0006993904826231301,0.18415841584158416,0.9789473684210527,0.31
45,xgboost_smote,0.0006997244781814516,0.18434093161546086,0.9789473684210527,0.3102585487906589
45,xgboost_smote,0.000699798169080168,0.18452380952380953,0.9789473684210527,0.3105175292153589
45,xgboost_smote,0.000701879383996129,0.18470705064548162,0.9789473684210527,0.3107769423558897
45,xgboost_smote,0.0007024903316050768,0.1848906560636183,0.9789473684210527,0.3110367892976589
45,xgboost_smote,0.0007137837819755077,0.18407960199004975,0.9736842105263158,0.30962343096234307
45,xgboost_smote,0.0007199551328085363,0.18426294820717132,0.9736842105263158,0.30988274706867674
45,xgboost_smote,0.0007256022654473782,0.18444666001994017,0.9736842105263158,0.3101424979044426
45,xgboost_smote,0.000732278625946492,0.18463073852295409,0.9736842105263158,0.3104026845637584
45,xgboost_smote,0.0007370220846496522,0.1848151848151848,0.9736842105263158,0.31066330814441645
45,xgboost_smote,0.0007405077340081334,0.185,0.9736842105263158,0.31092436974789917
45,xgboost_smote,0.0007439877954311669,0.18518518518518517,0.9736842105263158,0.3111858704793944
45,xgboost_smote,0.0007524864049628377,0.18537074148296592,0.9736842105263158,0.3114478114478114
45,xgboost_smote,0.0007543855463154614,0.1855566700100301,0.9736842105263158,0.3117101937657962
45,xgboost_smote,0.0007556917844340205,0.1857429718875502,0.9736842105263158,0.31197301854974707
45,xgboost_smote,0.0007561222300864756,0.18592964824120603,0.9736842105263158,0.31223628691983124
45,xgboost_smote,0.0007588291191495955,0.1851106639839034,0.968421052631579,0.3108108108108108
45,xgboost_smote,0.0007611485198140144,0.18529707955689828,0.968421052631579,0.3110735418427726
45,xgboost_smote,0.0007681403076276183,0.18548387096774194,0.968421052631579,0.311336717428088
45,xgboost_smote,0.0007770086522214115,0.1856710393541877,0.968421052631579,0.31160033869602033
45,xgboost_smote,0.0008238412556238472,0.18585858585858586,0.968421052631579,0.31186440677966104
45,xgboost_smote,0.0008287591626867652,0.18604651162790697,0.968421052631579,0.31212892281594573
45,xgboost_smote,0.0008288674289360642,0.1862348178137652,0.968421052631579,0.31239388794567063
45,xgboost_smote,0.0008349907584488392,0.18642350557244175,0.968421052631579,0.3126593033135089
45,xgboost_smote,0.0008400712395086884,0.18661257606490872,0.968421052631579,0.31292517006802717
45,xgboost_smote,0.0008480997639708221,0.18680203045685279,0.968421052631579,0.3131914893617021
45,xgboost_smote,0.0008554602973163128,0.18699186991869918,0.968421052631579,0.313458262350937
45,xgboost_smote,0.0008674997952766716,0.1871820956256358,0.968421052631579,0.3137254901960785
45,xgboost_smote,0.0008798950002528727,0.18737270875763748,0.968421052631579,0.31399317406143346
45,xgboost_smote,0.000881303334608674,0.1875637104994903,0.968421052631579,0.31426131511528604
45,xgboost_smote,0.0008920964901335537,0.18775510204081633,0.968421052631579,0.3145299145299146
45,xgboost_smote,0.0009009994100779295,0.18794688457609807,0.968421052631579,0.31479897348160824
45,xgboost_smote,0.000916322460398078,0.18813905930470348,0.968421052631579,0.3150684931506849
45,xgboost_smote,0.0009170958655886352,0.18833162743091095,0.968421052631579,0.31533847472150817
45,xgboost_smote,0.0009231489966623485,0.1885245901639344,0.968421052631579,0.31560891938250424
45,xgboost_smote,0.0009249793365597725,0.18871794871794872,0.968421052631579,0.3158798283261803
45,xgboost_smote,0.0009316359646618366,0.188911704312115,0.968421052631579,0.3161512027491409
45,xgboost_smote,0.000942411192227155,0.18910585817060638,0.968421052631579,0.3164230438521066
45,xgboost_smote,0.0009439082932658494,0.18930041152263374,0.968421052631579,0.31669535283993117
45,xgboost_smote,0.0009562365594319999,0.18949536560247168,0.968421052631579,0.3169681309216193
45,xgboost_smote,0.0009589589899405837,0.18969072164948453,0.968421052631579,0.3172413793103448
45,xgboost_smote,0.0009662823867984116,0.18885448916408668,0.9631578947368421,0.31578947368421045
45,xgboost_smote,0.0009814364602789283,0.1890495867768595,0.9631578947368421,0.3160621761658031
45,xgboost_smote,0.000996089424006641,0.1892450879007239,0.9631578947368421,0.3163353500432152
45,xgboost_smote,0.0010025855153799057,0.18840579710144928,0.9578947368421052,0.314878892733564
45,xgboost_smote,0.0010088072158396244,0.18860103626943006,0.9578947368421052,0.3151515151515151
45,xgboost_smote,0.0010132620809599757,0.18775933609958506,0.9526315789473684,0.31369150779896016
45,xgboost_smote,0.0010151999304071069,0.18795430944963656,0.9526315789473684,0.3139635732870772
45,xgboost_smote,0.001017077942378819,0.18814968814968816,0.9526315789473684,0.3142361111111111
45,xgboost_smote,0.0010192085755988955,0.18834547346514047,0.9526315789473684,0.31450912250217194
45,xgboost_smote,0.0010269377380609512,0.18854166666666666,0.9526315789473684,0.31478260869565217
45,xgboost_smote,0.0010310693178325891,0.18873826903023982,0.9526315789473684,0.31505657093124456
45,xgboost_smote,0.0010507951956242323,0.18893528183716074,0.9526315789473684,0.3153310104529617
45,xgboost_smote,0.00106539495754987,0.1891327063740857,0.9526315789473684,0.31560592850915437
45,xgboost_smote,0.0010790993692353368,0.1893305439330544,0.9526315789473684,0.3158813263525305
45,xgboost_smote,0.0010972708696499467,0.18952879581151832,0.9526315789473684,0.31615720524017465
45,xgboost_smote,0.001110612298361957,0.18972746331236898,0.9526315789473684,0.31643356643356646
45,xgboost_smote,0.0011108308099210262,0.18992654774396642,0.9526315789473684,0.31671041119860016
45,xgboost_smote,0.0011288040550425649,0.19012605042016806,0.9526315789473684,0.3169877408056042
45,xgboost_smote,0.0011344131780788302,0.19032597266035753,0.9526315789473684,0.31726555652936017
45,xgboost_smote,0.0011456214124336839,0.19052631578947368,0.9526315789473684,0.3175438596491228
45,xgboost_smote,0.0011497342493385077,0.19072708113804004,0.9526315789473684,0.31782265144863914
45,xgboost_smote,0.0011631636880338192,0.1909282700421941,0.9526315789473684,0.3181019332161687
45,xgboost_smote,0.0011891439789906144,0.191129883843717,0.9526315789473684,0.31838170624450307
45,xgboost_smote,0.0011895615607500076,0.19133192389006343,0.9526315789473684,0.31866197183098594
45,xgboost_smote,0.0012140775797888637,0.19153439153439153,0.9526315789473684,0.31894273127753303
45,xgboost_smote,0.0012316427892073989,0.1917372881355932,0.9526315789473684,0.3192239858906526
45,xgboost_smote,0.0012410087510943413,0.1919406150583245,0.9526315789473684,0.3195057369814651
45,xgboost_smote,0.0012414142256602645,0.1921443736730361,0.9526315789473684,0.31978798586572443
45,xgboost_smote,0.0012519069714471698,0.19234856535600425,0.9526315789473684,0.3200707338638373
45,xgboost_smote,0.0012605926021933556,0.1925531914893617,0.9526315789473684,0.3203539823008849
45,xgboost_smote,0.0013040154008194804,0.19275825346112885,0.9526315789473684,0.320637732506643
45,xgboost_smote,0.0013162819668650627,0.1929637526652452,0.9526315789473684,0.32092198581560283
45,xgboost_smote,0.001319447415880859,0.19316969050160085,0.9526315789473684,0.321206743566992
45,xgboost_smote,0.0013267043977975845,0.19337606837606838,0.9526315789473684,0.3214920071047957
45,xgboost_smote,0.001355806365609169,0.19358288770053475,0.9526315789473684,0.3217777777777778
45,xgboost_smote,0.0013954536989331245,0.1937901498929336,0.9526315789473684,0.32206405693950174
45,xgboost_smote,0.0014005209086462855,0.1939978563772776,0.9526315789473684,0.3223508459483526
45,xgboost_smote,0.0014154937816783786,0.194206008583691,0.9526315789473684,0.3226381461675579
45,xgboost_smote,0.0014166415203362703,0.19441460794844254,0.9526315789473684,0.32292595896520965
45,xgboost_smote,0.0014243943151086569,0.19462365591397848,0.9526315789473684,0.3232142857142857
45,xgboost_smote,0.0014584262389689684,0.19483315392895587,0.9526315789473684,0.323503127792672
45,xgboost_smote,0.0014595267130061984,0.19504310344827586,0.9526315789473684,0.3237924865831842
45,xgboost_smote,0.0014842883683741093,0.19525350593311758,0.9526315789473684,0.32408236347358993
45,xgboost_smote,0.0014938653912395239,0.19546436285097193,0.9526315789473684,0.32437275985663083
45,xgboost_smote,0.0014948928728699684,0.19567567567567568,0.9526315789473684,0.32466367713004485
45,xgboost_smote,0.0015025394968688488,0.1958874458874459,0.9526315789473684,0.32495511669658883
45,xgboost_smote,0.0015089608496055007,0.19609967497291442,0.9526315789473684,0.3252470799640611
45,xgboost_smote,0.0015457049012184143,0.1963123644251627,0.9526315789473684,0.32553956834532377
45,xgboost_smote,0.0015581835759803653,0.1965255157437568,0.9526315789473684,0.32583258325832587
45,xgboost_smote,0.001563967321999371,0.1967391304347826,0.9526315789473684,0.3261261261261261
45,xgboost_smote,0.0015884755412116647,0.1969532100108814,0.9526315789473684,0.3264201983769161
45,xgboost_smote,0.0016003730706870556,0.19716775599128541,0.9526315789473684,0.32671480144404336
45,xgboost_smote,0.001604100689291954,0.19738276990185388,0.9526315789473684,0.32700993676603435
45,xgboost_smote,0.001622587675228715,0.19759825327510916,0.9526315789473684,0.32730560578661844
45,xgboost_smote,0.0016422785120084882,0.19781420765027322,0.9526315789473684,0.3276018099547511
45,xgboost_smote,0.0016570740845054388,0.19803063457330417,0.9526315789473684,0.3278985507246377
45,xgboost_smote,0.0016586162382736802,0.1982475355969332,0.9526315789473684,0.32819582955575705
45,xgboost_smote,0.0016587164718657732,0.19846491228070176,0.9526315789473684,0.3284936479128857
45,xgboost_smote,0.0016597536159679294,0.1986827661909989,0.9526315789473684,0.3287920072661216
45,xgboost_smote,0.0016656311927363276,0.1978021978021978,0.9473684210526315,0.3272727272727272
45,xgboost_smote,0.0016794420080259442,0.19801980198019803,0.9473684210526315,0.32757051865332115
45,xgboost_smote,0.0016821190947666764,0.19823788546255505,0.9473684210526315,0.32786885245901637
45,xgboost_smote,0.0016827565850690007,0.19845644983461963,0.9473684210526315,0.32816773017319967
45,xgboost_smote,0.0017036150675266981,0.19757174392935983,0.9421052631578948,0.3266423357664234
45,xgboost_smote,0.0017230699304491282,0.19779005524861878,0.9421052631578948,0.3269406392694064
45,xgboost_smote,0.0017244754126295447,0.19800884955752213,0.9421052631578948,0.3272394881170019
45,xgboost_smote,0.0017415540060028434,0.1982281284606866,0.9421052631578948,0.32753888380603846
45,xgboost_smote,0.0017471627797931433,0.1984478935698448,0.9421052631578948,0.32783882783882784
45,xgboost_smote,0.0017534723738208413,0.19866814650388456,0.9421052631578948,0.3281393217231897
45,xgboost_smote,0.0017537851817905903,0.1988888888888889,0.9421052631578948,0.3284403669724771
45,xgboost_smote,0.0017667791107669473,0.19911012235817574,0.9421052631578948,0.32874196510560144
45,xgboost_smote,0.0017726900987327099,0.19933184855233854,0.9421052631578948,0.3290441176470589
45,xgboost_smote,0.0017877112841233611,0.1995540691192865,0.9421052631578948,0.3293468261269549
45,xgboost_smote,0.001789967413060367,0.19977678571428573,0.9421052631578948,0.3296500920810313
45,xgboost_smote,0.00180902483407408,0.2,0.9421052631578948,0.32995391705069127
45,xgboost_smote,0.0018275566399097443,0.19910514541387025,0.9368421052631579,0.3284132841328413
45,xgboost_smote,0.0018303415272384882,0.19932810750279956,0.9368421052631579,0.32871652816251157
45,xgboost_smote,0.0018510179361328483,0.19955156950672645,0.9368421052631579,0.32902033271719033
45,xgboost_smote,0.0018558813026174903,0.19977553310886645,0.9368421052631579,0.32932469935245146
45,xgboost_smote,0.0018652253784239292,0.2,0.9368421052631579,0.32962962962962966
45,xgboost_smote,0.0018662624061107635,0.20022497187851518,0.9368421052631579,0.329935125115848
45,xgboost_smote,0.0018697450868785381,0.20045045045045046,0.9368421052631579,0.3302411873840445
45,xgboost_smote,0.0018825415754690766,0.20067643742953778,0.9368421052631579,0.3305478180129991
45,xgboost_smote,0.0018841244745999575,0.20090293453724606,0.9368421052631579,0.33085501858736055
45,xgboost_smote,0.0018922826275229454,0.2,0.9315789473684211,0.3293023255813954
45,xgboost_smote,0.0018939962610602379,0.2002262443438914,0.9315789473684211,0.3296089385474861
45,xgboost_smote,0.001912520150654018,0.20045300113250283,0.9315789473684211,0.3299161230195713
45,xgboost_smote,0.0019299945561215281,0.19954648526077098,0.9263157894736842,0.3283582089552239
45,xgboost_smote,0.0019314379896968603,0.19977298524404086,0.9263157894736842,0.32866479925303455
45,xgboost_smote,0.0019344075117260218,0.2,0.9263157894736842,0.3289719626168225
45,xgboost_smote,0.0019486155360937119,0.20022753128555176,0.9263157894736842,0.3292797006548176
45,xgboost_smote,0.001960202818736434,0.20045558086560364,0.9263157894736842,0.3295880149812734
45,xgboost_smote,0.001961046364158392,0.2006841505131129,0.9263157894736842,0.32989690721649484
45,xgboost_smote,0.001963475253432989,0.2009132420091324,0.9263157894736842,0.3302063789868668
45,xgboost_smote,0.001969333505257964,0.20114285714285715,0.9263157894736842,0.33051643192488267
45,xgboost_smote,0.0019849156960844994,0.20137299771167047,0.9263157894736842,0.3308270676691729
45,xgboost_smote,0.001996695762500167,0.2016036655211913,0.9263157894736842,0.33113828786453436
45,xgboost_smote,0.0020162612199783325,0.2018348623853211,0.9263157894736842,0.33145009416195864
45,xgboost_smote,0.0020404807291924953,0.2020665901262916,0.9263157894736842,0.3317624882186616
45,xgboost_smote,0.002056352561339736,0.20229885057471264,0.9263157894736842,0.33207547169811324
45,xgboost_smote,0.0020565788727253675,0.20253164556962025,0.9263157894736842,0.3323890462700661
45,xgboost_smote,0.0020576545502990484,0.20276497695852536,0.9263157894736842,0.332703213610586
45,xgboost_smote,0.0020613777451217175,0.2029988465974625,0.9263157894736842,0.33301797540208133
45,xgboost_smote,0.0020705696661025286,0.20323325635103925,0.9263157894736842,0.3333333333333333
45,xgboost_smote,0.0020865697879344225,0.20346820809248556,0.9263157894736842,0.333649289099526
45,xgboost_smote,0.0021068837959319353,0.2037037037037037,0.9263157894736842,0.33396584440227706
45,xgboost_smote,0.0021078845020383596,0.20393974507531865,0.9263157894736842,0.33428300094966756
45,xgboost_smote,0.002118907170370221,0.20417633410672853,0.9263157894736842,0.3346007604562737
45,xgboost_smote,0.0021382244303822517,0.20441347270615565,0.9263157894736842,0.33491912464319695
45,xgboost_smote,0.002157860202714801,0.20465116279069767,0.9263157894736842,0.3352380952380952
45,xgboost_smote,0.0021610609255731106,0.2048894062863795,0.9263157894736842,0.33555767397521447
45,xgboost_smote,0.0021829241886734962,0.20512820512820512,0.9263157894736842,0.33587786259541985
45,xgboost_smote,0.0021875726524740458,0.20536756126021002,0.9263157894736842,0.33619866284622735
45,xgboost_smote,0.0022173284087330103,0.205607476635514,0.9263157894736842,0.3365200764818356
45,xgboost_smote,0.0022409630473703146,0.20584795321637428,0.9263157894736842,0.33684210526315783
45,xgboost_smote,0.0022434762213379145,0.20491803278688525,0.9210526315789473,0.33524904214559387
45,xgboost_smote,0.0022473703138530254,0.205158264947245,0.9210526315789473,0.33557046979865773
45,xgboost_smote,0.002267990028485656,0.20539906103286384,0.9210526315789473,0.33589251439539347
45,xgboost_smote,0.0022796178236603737,0.2056404230317274,0.9210526315789473,0.33621517771373677
45,xgboost_smote,0.002279994310811162,0.20588235294117646,0.9210526315789473,0.33653846153846156
45,xgboost_smote,0.0022959918715059757,0.2061248527679623,0.9210526315789473,0.33686236766121275
45,xgboost_smote,0.0022984049282968044,0.20636792452830188,0.9210526315789473,0.3371868978805395
45,xgboost_smote,0.002304844558238983,0.2066115702479339,0.9210526315789473,0.3375120540019287
45,xgboost_smote,0.0023190812207758427,0.20685579196217493,0.9210526315789473,0.33783783783783783
45,xgboost_smote,0.002328048227354884,0.20710059171597633,0.9210526315789473,0.33816425120772947
45,xgboost_smote,0.002338575664907694,0.20734597156398105,0.9210526315789473,0.33849129593810445
45,xgboost_smote,0.002379236975684762,0.20759193357058126,0.9210526315789473,0.33881897386253634
45,xgboost_smote,0.0023905299603939056,0.20783847980997625,0.9210526315789473,0.3391472868217054
45,xgboost_smote,0.0023961744736880064,0.2080856123662307,0.9210526315789473,0.3394762366634336
45,xgboost_smote,0.002398490672931075,0.20833333333333334,0.9210526315789473,0.3398058252427185
45,xgboost_smote,0.002406650921329856,0.20858164481525626,0.9210526315789473,0.3401360544217687
45,xgboost_smote,0.002422173973172903,0.20883054892601433,0.9210526315789473,0.3404669260700389
45,xgboost_smote,0.0024655130691826344,0.20908004778972522,0.9210526315789473,0.34079844206426485
45,xgboost_smote,0.00251842406578362,0.20933014354066987,0.9210526315789473,0.34113060428849906
45,xgboost_smote,0.0025202156975865364,0.20958083832335328,0.9210526315789473,0.3414634146341463
45,xgboost_smote,0.002532837213948369,0.20983213429256595,0.9210526315789473,0.341796875
45,xgboost_smote,0.0025375215336680412,0.21008403361344538,0.9210526315789473,0.34213098729227764
45,xgboost_smote,0.0025526140816509724,0.2091346153846154,0.9157894736842105,0.3405088062622309
45,xgboost_smote,0.0025557714980095625,0.20818291215403129,0.9105263157894737,0.3388834476003918
45,xgboost_smote,0.0025766738690435886,0.20843373493975903,0.9105263157894737,0.3392156862745098
45,xgboost_smote,0.0025853305123746395,0.20868516284680338,0.9105263157894737,0.3395485770363101
45,xgboost_smote,0.0025919999461621046,0.20893719806763286,0.9105263157894737,0.33988212180746563
45,xgboost_smote,0.002603222383186221,0.20918984280532044,0.9105263157894737,0.3402163225172075
45,xgboost_smote,0.002639495301991701,0.20944309927360774,0.9105263157894737,0.3405511811023622
45,xgboost_smote,0.002668885514140129,0.2096969696969697,0.9105263157894737,0.3408866995073892
45,xgboost_smote,0.00269658537581563,0.2099514563106796,0.9105263157894737,0.3412228796844181
45,xgboost_smote,0.002702404512092471,0.21020656136087484,0.9105263157894737,0.34155972359328723
45,xgboost_smote,0.0027123349718749523,0.21046228710462286,0.9105263157894737,0.34189723320158105
45,xgboost_smote,0.002715103095397353,0.21071863580998781,0.9105263157894737,0.3422354104846686
45,xgboost_smote,0.002720397897064686,0.2097560975609756,0.9052631578947369,0.34059405940594056
45,xgboost_smote,0.0027214810252189636,0.21001221001221002,0.9052631578947369,0.3409316154608523
45,xgboost_smote,0.0027554372791200876,0.21026894865525672,0.9052631578947369,0.3412698412698412
45,xgboost_smote,0.0027700867503881454,0.21052631578947367,0.9052631578947369,0.34160873882820264
45,xgboost_smote,0.002771478146314621,0.2107843137254902,0.9052631578947369,0.341948310139165
45,xgboost_smote,0.002813514322042465,0.21104294478527608,0.9052631578947369,0.3422885572139303
45,xgboost_smote,0.0028223900590091944,0.2113022113022113,0.9052631578947369,0.3426294820717132
45,xgboost_smote,0.0028351396322250366,0.2115621156211562,0.9052631578947369,0.34297108673978066
45,xgboost_smote,0.002846913645043969,0.21182266009852216,0.9052631578947369,0.343313373253493
45,xgboost_smote,0.00289134425111115,0.2120838471023428,0.9052631578947369,0.3436563436563437
45,xgboost_smote,0.0029036118648946285,0.2123456790123457,0.9052631578947369,0.34400000000000003
45,xgboost_smote,0.0029369296971708536,0.2126081582200247,0.9052631578947369,0.34434434434434436
45,xgboost_smote,0.002950524678453803,0.21287128712871287,0.9052631578947369,0.344689378757515
45,xgboost_smote,0.0029553654603660107,0.21313506815365552,0.9052631578947369,0.34503510531594783
45,xgboost_smote,0.002971877343952656,0.21339950372208435,0.9052631578947369,0.3453815261044177
45,xgboost_smote,0.0029840983916074038,0.21366459627329193,0.9052631578947369,0.34572864321608043
45,xgboost_smote,0.002992840250954032,0.21393034825870647,0.9052631578947369,0.34607645875251514
45,xgboost_smote,0.0029944484122097492,0.2129514321295143,0.9,0.3444108761329305
45,xgboost_smote,0.002994916867464781,0.21321695760598502,0.9,0.34475806451612895
45,xgboost_smote,0.0029989376198500395,0.21348314606741572,0.9,0.34510595358224017
45,xgboost_smote,0.003003142075613141,0.21375,0.9,0.34545454545454546
45,xgboost_smote,0.003023540135473013,0.2127659574468085,0.8947368421052632,0.3437815975733064
45,xgboost_smote,0.0030243895016610622,0.21303258145363407,0.8947368421052632,0.3441295546558704
45,xgboost_smote,0.00306392228230834,0.21329987452948557,0.8947368421052632,0.3444782168186424
45,xgboost_smote,0.0030766448471695185,0.2135678391959799,0.8947368421052632,0.3448275862068965
45,xgboost_smote,0.003097652457654476,0.2138364779874214,0.8947368421052632,0.34517766497461927
45,xgboost_smote,0.0031554189044982195,0.2128463476070529,0.8894736842105263,0.3434959349593496
45,xgboost_smote,0.0031571052968502045,0.21311475409836064,0.8894736842105263,0.3438453713123093
45,xgboost_smote,0.0032003181986510754,0.21338383838383837,0.8894736842105263,0.34419551934826886
45,xgboost_smote,0.0032047689892351627,0.213653603034134,0.8894736842105263,0.34454638124362896
45,xgboost_smote,0.0032069343142211437,0.2139240506329114,0.8894736842105263,0.3448979591836735
45,xgboost_smote,0.0032146975863724947,0.21419518377693283,0.8894736842105263,0.34525025536261494
45,xgboost_smote,0.0032569945324212313,0.21446700507614214,0.8894736842105263,0.3456032719836401
45,xgboost_smote,0.0032596178352832794,0.21473951715374842,0.8894736842105263,0.345957011258956
45,xgboost_smote,0.003287128172814846,0.21501272264631044,0.8894736842105263,0.3463114754098361
45,xgboost_smote,0.0032896066550165415,0.21528662420382166,0.8894736842105263,0.3466666666666667
45,xgboost_smote,0.003299922915175557,0.21556122448979592,0.8894736842105263,0.3470225872689939
45,xgboost_smote,0.0033221610356122255,0.21583652618135377,0.8894736842105263,0.34737923946557037
45,xgboost_smote,0.0033436394296586514,0.21611253196930946,0.8894736842105263,0.3477366255144033
45,xgboost_smote,0.0033787472639232874,0.21638924455825864,0.8894736842105263,0.3480947476828013
45,xgboost_smote,0.003379362402483821,0.21666666666666667,0.8894736842105263,0.34845360824742266
45,xgboost_smote,0.0034301206469535828,0.21694480102695765,0.8894736842105263,0.34881320949432404
45,xgboost_smote,0.0034336268436163664,0.21722365038560412,0.8894736842105263,0.34917355371900827
45,xgboost_smote,0.0034379945136606693,0.2175032175032175,0.8894736842105263,0.3495346432264736
45,xgboost_smote,0.003445741953328252,0.21778350515463918,0.8894736842105263,0.34989648033126297
45,xgboost_smote,0.003457220969721675,0.21806451612903227,0.8894736842105263,0.35025906735751294
45,xgboost_smote,0.0034877369180321693,0.21834625322997417,0.8894736842105263,0.3506224066390041
45,xgboost_smote,0.00350277591496706,0.2186287192755498,0.8894736842105263,0.3509865005192108
45,xgboost_smote,0.003565006423741579,0.21761658031088082,0.8842105263157894,0.34927234927234924
45,xgboost_smote,0.00356575520709157,0.2178988326848249,0.8842105263157894,0.34963579604578565
45,xgboost_smote,0.0035994979552924633,0.21818181818181817,0.8842105263157894,0.35
45,xgboost_smote,0.003664855845272541,0.21846553966189858,0.8842105263157894,0.35036496350364965
45,xgboost_smote,0.0036723853554576635,0.21875,0.8842105263157894,0.3507306889352818
45,xgboost_smote,0.003704823087900877,0.21903520208604954,0.8842105263157894,0.3510971786833855
45,xgboost_smote,0.0037182853557169437,0.2193211488250653,0.8842105263157894,0.3514644351464435
45,xgboost_smote,0.0037205119151622057,0.2196078431372549,0.8842105263157894,0.3518324607329843
45,xgboost_smote,0.003729315474629402,0.2198952879581152,0.8842105263157894,0.35220125786163525
45,xgboost_smote,0.0037443155888468027,0.22018348623853212,0.8842105263157894,0.3525708289611752
45,xgboost_smote,0.003749839263036847,0.2204724409448819,0.8842105263157894,0.35294117647058826
45,xgboost_smote,0.0037724461872130632,0.22076215505913271,0.8842105263157894,0.3533123028391167
45,xgboost_smote,0.0037896570283919573,0.22105263157894736,0.8842105263157894,0.3536842105263158
45,xgboost_smote,0.003791616065427661,0.22134387351778656,0.8842105263157894,0.3540569020021075
45,xgboost_smote,0.0037962442729622126,0.22163588390501318,0.8842105263157894,0.35443037974683544
45,xgboost_smote,0.003807967761531472,0.22192866578599735,0.8842105263157894,0.35480464625131997
45,xgboost_smote,0.0038265425246208906,0.2222222222222222,0.8842105263157894,0.3551797040169133
45,xgboost_smote,0.003918406553566456,0.22119205298013245,0.8789473684210526,0.35343915343915344
45,xgboost_smote,0.003920988645404577,0.22148541114058357,0.8789473684210526,0.3538135593220339
45,xgboost_smote,0.003971973434090614,0.22177954847277556,0.8789473684210526,0.35418875927889715
45,xgboost_smote,0.003987760283052921,0.2220744680851064,0.8789473684210526,0.35456475583864117
45,xgboost_smote,0.004017668776214123,0.22237017310252996,0.8789473684210526,0.35494155154091395
45,xgboost_smote,0.004052744247019291,0.22266666666666668,0.8789473684210526,0.3553191489361702
45,xgboost_smote,0.0040702964179217815,0.22296395193591456,0.8789473684210526,0.35569755058572955
45,xgboost_smote,0.004110399633646011,0.2232620320855615,0.8789473684210526,0.3560767590618337
45,xgboost_smote,0.004132805857807398,0.2222222222222222,0.8736842105263158,0.3543223052294557
45,xgboost_smote,0.0041710264049470425,0.2225201072386059,0.8736842105263158,0.3547008547008548
45,xgboost_smote,0.004296270199120045,0.22281879194630871,0.8736842105263158,0.35508021390374334
45,xgboost_smote,0.004305591806769371,0.22311827956989247,0.8736842105263158,0.3554603854389722
45,xgboost_smote,0.004316622391343117,0.22207267833109018,0.868421052631579,0.35369774919614144
45,xgboost_smote,0.004347165580838919,0.2223719676549865,0.868421052631579,0.3540772532188841
45,xgboost_smote,0.00439855083823204,0.22267206477732793,0.868421052631579,0.3544575725026853
45,xgboost_smote,0.004406984429806471,0.22297297297297297,0.868421052631579,0.3548387096774193
45,xgboost_smote,0.004441239405423403,0.2232746955345061,0.868421052631579,0.3552206673842842
45,xgboost_smote,0.004474839195609093,0.22357723577235772,0.868421052631579,0.35560344827586204
45,xgboost_smote,0.00447662640362978,0.22388059701492538,0.868421052631579,0.3559870550161813
45,xgboost_smote,0.004545906558632851,0.22418478260869565,0.868421052631579,0.3563714902807776
45,xgboost_smote,0.004551857244223356,0.22448979591836735,0.868421052631579,0.3567567567567568
45,xgboost_smote,0.004676936659961939,0.22479564032697547,0.868421052631579,0.35714285714285715
45,xgboost_smote,0.004813874140381813,0.22510231923601637,0.868421052631579,0.3575297941495124
45,xgboost_smote,0.004818298853933811,0.22404371584699453,0.8631578947368421,0.35574837310195223
45,xgboost_smote,0.004823977127671242,0.2243502051983584,0.8631578947368421,0.35613463626492947
45,xgboost_smote,0.004832656122744083,0.22465753424657534,0.8631578947368421,0.3565217391304348
45,xgboost_smote,0.0049154083244502544,0.22496570644718794,0.8631578947368421,0.3569096844396083
45,xgboost_smote,0.004925225395709276,0.22527472527472528,0.8631578947368421,0.35729847494553374
45,xgboost_smote,0.004943505860865116,0.22558459422283356,0.8631578947368421,0.3576881134133042
45,xgboost_smote,0.004949425347149372,0.22589531680440772,0.8631578947368421,0.35807860262008734
45,xgboost_smote,0.004967701155692339,0.22620689655172413,0.8631578947368421,0.3584699453551913
45,xgboost_smote,0.005051284562796354,0.2265193370165746,0.8631578947368421,0.3588621444201313
45,xgboost_smote,0.005057341419160366,0.2268326417704011,0.8631578947368421,0.3592552026286966
45,xgboost_smote,0.0051045408472418785,0.22714681440443213,0.8631578947368421,0.3596491228070175
45,xgboost_smote,0.00511433370411396,0.2274618585298197,0.8631578947368421,0.36004390779363343
45,xgboost_smote,0.005120271351188421,0.22777777777777777,0.8631578947368421,0.36043956043956044
45,xgboost_smote,0.0051263985224068165,0.22809457579972184,0.8631578947368421,0.36083608360836084
45,xgboost_smote,0.0051520997658371925,0.22841225626740946,0.8631578947368421,0.3612334801762114
45,xgboost_smote,0.005154341459274292,0.22873082287308227,0.8631578947368421,0.36163175303197354
45,xgboost_smote,0.00519940908998251,0.22905027932960895,0.8631578947368421,0.3620309050772627
45,xgboost_smote,0.005217199679464102,0.22937062937062938,0.8631578947368421,0.3624309392265193
45,xgboost_smote,0.005270908121019602,0.22969187675070027,0.8631578947368421,0.3628318584070796
45,xgboost_smote,0.005302938632667065,0.2300140252454418,0.8631578947368421,0.3632336655592469
45,xgboost_smote,0.005321261007338762,0.2303370786516854,0.8631578947368421,0.36363636363636365
45,xgboost_smote,0.005327505990862846,0.23066104078762306,0.8631578947368421,0.36403995560488345
45,xgboost_smote,0.005356513895094395,0.23098591549295774,0.8631578947368421,0.3644444444444445
45,xgboost_smote,0.005375876557081938,0.231311706629055,0.8631578947368421,0.3648498331479421
45,xgboost_smote,0.005380883812904358,0.23022598870056496,0.8578947368421053,0.36302895322939865
45,xgboost_smote,0.005394060630351305,0.23055162659123055,0.8578947368421053,0.36343366778149383
45,xgboost_smote,0.005445675924420357,0.23087818696883852,0.8578947368421053,0.3638392857142857
45,xgboost_smote,0.00545017933472991,0.23120567375886525,0.8578947368421053,0.3642458100558659
45,xgboost_smote,0.0054714614525437355,0.2315340909090909,0.8578947368421053,0.36465324384787473
45,xgboost_smote,0.005532514303922653,0.23186344238975817,0.8578947368421053,0.3650615901455767
45,xgboost_smote,0.005534783937036991,0.23219373219373218,0.8578947368421053,0.3654708520179372
45,xgboost_smote,0.005563259590417147,0.23252496433666192,0.8578947368421053,0.3658810325476992
45,xgboost_smote,0.005580343306064606,0.23285714285714285,0.8578947368421053,0.3662921348314606
45,xgboost_smote,0.005591947585344315,0.2317596566523605,0.8526315789473684,0.36445444319460063
45,xgboost_smote,0.005594934336841106,0.23209169054441262,0.8526315789473684,0.3648648648648649
45,xgboost_smote,0.005619687028229237,0.23242467718794835,0.8526315789473684,0.3652762119503946
45,xgboost_smote,0.005642818287014961,0.23275862068965517,0.8526315789473684,0.36568848758465006
45,xgboost_smote,0.005647424608469009,0.23309352517985613,0.8526315789473684,0.3661016949152543
45,xgboost_smote,0.005658003035932779,0.2334293948126801,0.8526315789473684,0.36651583710407243
45,xgboost_smote,0.005683187395334244,0.23376623376623376,0.8526315789473684,0.3669309173272933
45,xgboost_smote,0.0057052308693528175,0.23410404624277456,0.8526315789473684,0.36734693877551017
45,xgboost_smote,0.005794920027256012,0.23444283646888567,0.8526315789473684,0.36776390465380243
45,xgboost_smote,0.005827808752655983,0.23478260869565218,0.8526315789473684,0.36818181818181817
45,xgboost_smote,0.005920347757637501,0.2351233671988389,0.8526315789473684,0.36860068259385664
45,xgboost_smote,0.0059342216700315475,0.23546511627906977,0.8526315789473684,0.3690205011389522
45,xgboost_smote,0.005976833403110504,0.23435225618631733,0.8473684210526315,0.3671607753705815
45,xgboost_smote,0.006019805558025837,0.23469387755102042,0.8473684210526315,0.3675799086757991
45,xgboost_smote,0.0060287886299192905,0.23503649635036497,0.8473684210526315,0.368
45,xgboost_smote,0.006074703298509121,0.23538011695906433,0.8473684210526315,0.3684210526315789
45,xgboost_smote,0.006082587875425816,0.23572474377745242,0.8473684210526315,0.36884306987399773
45,xgboost_smote,0.006118296645581722,0.23607038123167157,0.8473684210526315,0.36926605504587157
45,xgboost_smote,0.006141080521047115,0.23641703377386197,0.8473684210526315,0.3696900114810563
45,xgboost_smote,0.006160087417811155,0.23676470588235293,0.8473684210526315,0.3701149425287356
45,xgboost_smote,0.006168761290609837,0.23711340206185566,0.8473684210526315,0.37054085155350974
45,xgboost_smote,0.006180542055517435,0.2374631268436578,0.8473684210526315,0.3709677419354839
45,xgboost_smote,0.0061858161352574825,0.2378138847858198,0.8473684210526315,0.37139561707035756
45,xgboost_smote,0.006257679779082537,0.23816568047337278,0.8473684210526315,0.37182448036951504
45,xgboost_smote,0.006448392756283283,0.23851851851851852,0.8473684210526315,0.3722543352601156
45,xgboost_smote,0.006533926352858543,0.23887240356083086,0.8473684210526315,0.3726851851851852
45,xgboost_smote,0.006557445973157883,0.23922734026745915,0.8473684210526315,0.37311703360370796
45,xgboost_smote,0.0065901498310267925,0.23958333333333334,0.8473684210526315,0.3735498839907193
45,xgboost_smote,0.006619360763579607,0.2399403874813711,0.8473684210526315,0.37398373983739835
45,xgboost_smote,0.006688303779810667,0.24029850746268658,0.8473684210526315,0.3744186046511627
45,xgboost_smote,0.006709749344736338,0.2406576980568012,0.8473684210526315,0.37485448195576254
45,xgboost_smote,0.006723335944116116,0.2410179640718563,0.8473684210526315,0.3752913752913753
45,xgboost_smote,0.00674462178722024,0.2413793103448276,0.8473684210526315,0.3757292882147025
45,xgboost_smote,0.006748983636498451,0.24174174174174173,0.8473684210526315,0.3761682242990654
45,xgboost_smote,0.006803612224757671,0.24210526315789474,0.8473684210526315,0.3766081871345029
45,xgboost_smote,0.006924720481038094,0.24246987951807228,0.8473684210526315,0.3770491803278689
45,xgboost_smote,0.007022627163678408,0.24283559577677225,0.8473684210526315,0.3774912075029308
45,xgboost_smote,0.007025820203125477,0.243202416918429,0.8473684210526315,0.37793427230046944
45,xgboost_smote,0.007029969710856676,0.24357034795763993,0.8473684210526315,0.37837837837837834
45,xgboost_smote,0.007165885530412197,0.24393939393939393,0.8473684210526315,0.3788235294117647
45,xgboost_smote,0.0072327605448663235,0.24430955993930198,0.8473684210526315,0.3792697290930507
45,xgboost_smote,0.007241232320666313,0.24468085106382978,0.8473684210526315,0.3797169811320754
45,xgboost_smote,0.0072972592897713184,0.2450532724505327,0.8473684210526315,0.3801652892561983
45,xgboost_smote,0.007459294982254505,0.24542682926829268,0.8473684210526315,0.38061465721040194
45,xgboost_smote,0.007543402258306742,0.24580152671755726,0.8473684210526315,0.3810650887573964
45,xgboost_smote,0.007576638832688332,0.24617737003058104,0.8473684210526315,0.38151658767772517
45,xgboost_smote,0.007597459014505148,0.24655436447166923,0.8473684210526315,0.38196915776986956
45,xgboost_smote,0.007705554366111755,0.2469325153374233,0.8473684210526315,0.38242280285035624
45,xgboost_smote,0.007705721538513899,0.2457757296466974,0.8421052631578947,0.380499405469679
45,xgboost_smote,0.0077185300178825855,0.24615384615384617,0.8421052631578947,0.38095238095238093
45,xgboost_smote,0.0077814338728785515,0.2465331278890601,0.8421052631578947,0.3814064362336114
45,xgboost_smote,0.007828067988157272,0.24691358024691357,0.8421052631578947,0.3818615751789976
45,xgboost_smote,0.007854804396629333,0.2472952086553323,0.8421052631578947,0.38231780167264034
45,xgboost_smote,0.007863005623221397,0.24613003095975233,0.8368421052631579,0.3803827751196172
45,xgboost_smote,0.007884050719439983,0.24651162790697675,0.8368421052631579,0.3808383233532935
45,xgboost_smote,0.007895991206169128,0.2468944099378882,0.8368421052631579,0.381294964028777
45,xgboost_smote,0.007962680421769619,0.24727838258164853,0.8368421052631579,0.38175270108043213
45,xgboost_smote,0.008146040141582489,0.24610591900311526,0.8315789473684211,0.3798076923076923
45,xgboost_smote,0.008186008781194687,0.24648985959438377,0.8315789473684211,0.38026474127557164
45,xgboost_smote,0.008206769824028015,0.246875,0.8315789473684211,0.38072289156626504
45,xgboost_smote,0.008246765471994877,0.24726134585289514,0.8315789473684211,0.3811821471652594
45,xgboost_smote,0.00826740637421608,0.2476489028213166,0.8315789473684211,0.38164251207729466
45,xgboost_smote,0.008354336954653263,0.24803767660910517,0.8315789473684211,0.38210399032648124
45,xgboost_smote,0.008400972932577133,0.24842767295597484,0.8315789473684211,0.38256658595641646
45,xgboost_smote,0.008403182029724121,0.24881889763779527,0.8315789473684211,0.383030303030303
45,xgboost_smote,0.008404048159718513,0.24921135646687698,0.8315789473684211,0.38349514563106796
45,xgboost_smote,0.008504167199134827,0.24960505529225907,0.8315789473684211,0.38396111786148246
45,xgboost_smote,0.0085377162322402,0.25,0.8315789473684211,0.38442822384428227
45,xgboost_smote,0.008558650501072407,0.25039619651347067,0.8315789473684211,0.3848964677222899
45,xgboost_smote,0.008564705029129982,0.2507936507936508,0.8315789473684211,0.38536585365853665
45,xgboost_smote,0.008823731914162636,0.24960254372019078,0.8263157894736842,0.38339438339438336
45,xgboost_smote,0.008879899978637695,0.25,0.8263157894736842,0.3838630806845965
45,xgboost_smote,0.00890191737562418,0.2503987240829346,0.8263157894736842,0.38433292533659724
45,xgboost_smote,0.008974340744316578,0.2507987220447284,0.8263157894736842,0.3848039215686274
45,xgboost_smote,0.008981166407465935,0.2512,0.8263157894736842,0.38527607361963184
45,xgboost_smote,0.009034445509314537,0.2516025641025641,0.8263157894736842,0.3857493857493858
45,xgboost_smote,0.009162789210677147,0.2520064205457464,0.8263157894736842,0.3862238622386224
45,xgboost_smote,0.009192021563649178,0.25241157556270094,0.8263157894736842,0.38669950738916253
45,xgboost_smote,0.009205720387399197,0.2528180354267311,0.8263157894736842,0.38717632552404446
45,xgboost_smote,0.009224671870470047,0.25161290322580643,0.8210526315789474,0.38518518518518513
45,xgboost_smote,0.009260826744139194,0.2520193861066236,0.8210526315789474,0.3856613102595797
45,xgboost_smote,0.009413652122020721,0.2524271844660194,0.8210526315789474,0.38613861386138615
45,xgboost_smote,0.009421467781066895,0.25283630470016205,0.8210526315789474,0.3866171003717472
45,xgboost_smote,0.009560690261423588,0.2532467532467532,0.8210526315789474,0.3870967741935484
45,xgboost_smote,0.009679312817752361,0.25365853658536586,0.8210526315789474,0.38757763975155274
45,xgboost_smote,0.009804001078009605,0.254071661237785,0.8210526315789474,0.3880597014925373
45,xgboost_smote,0.009876898489892483,0.2544861337683524,0.8210526315789474,0.3885429638854297
45,xgboost_smote,0.009898778982460499,0.2549019607843137,0.8210526315789474,0.3890274314214464
45,xgboost_smote,0.009927758015692234,0.2553191489361702,0.8210526315789474,0.38951310861423216
45,xgboost_smote,0.010077373124659061,0.25573770491803277,0.8210526315789474,0.38999999999999996
45,xgboost_smote,0.010129957459867,0.2561576354679803,0.8210526315789474,0.39048811013767215
45,xgboost_smote,0.010144191794097424,0.25493421052631576,0.8157894736842105,0.38847117794486213
45,xgboost_smote,0.010161458514630795,0.2553542009884679,0.8157894736842105,0.3889585947302384
45,xgboost_smote,0.010272382758557796,0.25577557755775576,0.8157894736842105,0.3894472361809045
45,xgboost_smote,0.01027732901275158,0.256198347107438,0.8157894736842105,0.389937106918239
45,xgboost_smote,0.010325082577764988,0.25662251655629137,0.8157894736842105,0.3904282115869018
45,xgboost_smote,0.010338358581066132,0.2570480928689884,0.8157894736842105,0.3909205548549811
45,xgboost_smote,0.010388216003775597,0.2574750830564784,0.8157894736842105,0.39141414141414144
45,xgboost_smote,0.010389897972345352,0.2579034941763727,0.8157894736842105,0.3919089759797725
45,xgboost_smote,0.010411296039819717,0.25833333333333336,0.8157894736842105,0.3924050632911392
45,xgboost_smote,0.010463169775903225,0.2587646076794658,0.8157894736842105,0.39290240811153365
45,xgboost_smote,0.010478183627128601,0.2591973244147157,0.8157894736842105,0.39340101522842635
45,xgboost_smote,0.010529165156185627,0.25963149078726966,0.8157894736842105,0.3939008894536213
45,xgboost_smote,0.010538534261286259,0.2600671140939597,0.8157894736842105,0.39440203562340964
45,xgboost_smote,0.010550503619015217,0.25882352941176473,0.8105263157894737,0.39235668789808914
45,xgboost_smote,0.010708664543926716,0.25925925925925924,0.8105263157894737,0.39285714285714285
45,xgboost_smote,0.0107254134491086,0.2596964586846543,0.8105263157894737,0.3933588761174968
45,xgboost_smote,0.010787834413349628,0.26013513513513514,0.8105263157894737,0.3938618925831202
45,xgboost_smote,0.010887004435062408,0.26057529610829105,0.8105263157894737,0.39436619718309857
45,xgboost_smote,0.010893918573856354,0.26101694915254237,0.8105263157894737,0.39487179487179486
45,xgboost_smote,0.011132427491247654,0.2614601018675722,0.8105263157894737,0.3953786906290116
45,xgboost_smote,0.011181415058672428,0.2619047619047619,0.8105263157894737,0.3958868894601542
45,xgboost_smote,0.011353581212460995,0.262350936967632,0.8105263157894737,0.3963963963963964
45,xgboost_smote,0.011388332583010197,0.2627986348122867,0.8105263157894737,0.3969072164948454
45,xgboost_smote,0.01156348455697298,0.26324786324786326,0.8105263157894737,0.39741935483870966
45,xgboost_smote,0.011576664634048939,0.2636986301369863,0.8105263157894737,0.3979328165374677
45,xgboost_smote,0.01176147535443306,0.2641509433962264,0.8105263157894737,0.3984476067270375
45,xgboost_smote,0.011819407343864441,0.2646048109965636,0.8105263157894737,0.39896373056994816
45,xgboost_smote,0.011896555311977863,0.26506024096385544,0.8105263157894737,0.39948119325551235
45,xgboost_smote,0.011970089748501778,0.2655172413793103,0.8105263157894737,0.4
45,xgboost_smote,0.01199639867991209,0.2659758203799655,0.8105263157894737,0.40052015604681407
45,xgboost_smote,0.012148560956120491,0.2664359861591695,0.8105263157894737,0.40104166666666663
45,xgboost_smote,0.012176948599517345,0.2668977469670711,0.8105263157894737,0.4015645371577575
45,xgboost_smote,0.012177607975900173,0.2673611111111111,0.8105263157894737,0.402088772845953
45,xgboost_smote,0.012208833359181881,0.2678260869565217,0.8105263157894737,0.4026143790849673
45,xgboost_smote,0.012249471619725227,0.2682926829268293,0.8105263157894737,0.4031413612565445
45,xgboost_smote,0.012331807985901833,0.268760907504363,0.8105263157894737,0.40366972477064217
45,xgboost_smote,0.012363499961793423,0.2674825174825175,0.8052631578947368,0.4015748031496063
45,xgboost_smote,0.01238677091896534,0.2679509632224168,0.8052631578947368,0.4021024967148489
45,xgboost_smote,0.012517359107732773,0.26842105263157895,0.8052631578947368,0.4026315789473684
45,xgboost_smote,0.012545015662908554,0.2688927943760984,0.8052631578947368,0.40316205533596833
45,xgboost_smote,0.012549156323075294,0.26936619718309857,0.8052631578947368,0.40369393139841686
45,xgboost_smote,0.012588676065206528,0.26807760141093473,0.8,0.40158520475561427
45,xgboost_smote,0.012802354991436005,0.26855123674911663,0.8,0.40211640211640215
45,xgboost_smote,0.012922310270369053,0.2672566371681416,0.7947368421052632,0.39999999999999997
45,xgboost_smote,0.012936605140566826,0.26773049645390073,0.7947368421052632,0.4005305039787799
45,xgboost_smote,0.01305470336228609,0.2664298401420959,0.7894736842105263,0.398406374501992
45,xgboost_smote,0.013068091124296188,0.2669039145907473,0.7894736842105263,0.39893617021276595
45,xgboost_smote,0.013104437850415707,0.26737967914438504,0.7894736842105263,0.3994673768308922
45,xgboost_smote,0.013119283132255077,0.26785714285714285,0.7894736842105263,0.4
45,xgboost_smote,0.013121227733790874,0.26833631484794274,0.7894736842105263,0.40053404539385845
45,xgboost_smote,0.013288223184645176,0.26881720430107525,0.7894736842105263,0.4010695187165775
45,xgboost_smote,0.013386121019721031,0.26929982046678635,0.7894736842105263,0.4016064257028112
45,xgboost_smote,0.013637803494930267,0.2697841726618705,0.7894736842105263,0.4021447721179625
45,xgboost_smote,0.013805878348648548,0.2702702702702703,0.7894736842105263,0.40268456375838924
45,xgboost_smote,0.013872099108994007,0.27075812274368233,0.7894736842105263,0.40322580645161293
45,xgboost_smote,0.013897391967475414,0.27124773960216997,0.7894736842105263,0.4037685060565276
45,xgboost_smote,0.01401981245726347,0.2717391304347826,0.7894736842105263,0.4043126684636119
45,xgboost_smote,0.01402998622506857,0.27223230490018147,0.7894736842105263,0.40485829959514164
45,xgboost_smote,0.014119386672973633,0.2727272727272727,0.7894736842105263,0.4054054054054054
45,xgboost_smote,0.014210162684321404,0.273224043715847,0.7894736842105263,0.40595399188092013
45,xgboost_smote,0.01428214181214571,0.2737226277372263,0.7894736842105263,0.4065040650406504
45,xgboost_smote,0.014305461198091507,0.2742230347349177,0.7894736842105263,0.40705563093622793
45,xgboost_smote,0.014533577486872673,0.27472527472527475,0.7894736842105263,0.4076086956521739
45,xgboost_smote,0.014677861705422401,0.27522935779816515,0.7894736842105263,0.4081632653061225
45,xgboost_smote,0.014797749929130077,0.2757352941176471,0.7894736842105263,0.40871934604904636
45,xgboost_smote,0.014953960664570332,0.27624309392265195,0.7894736842105263,0.4092769440654843
45,xgboost_smote,0.014984095469117165,0.2767527675276753,0.7894736842105263,0.4098360655737705
45,xgboost_smote,0.015012957155704498,0.27726432532347506,0.7894736842105263,0.41039671682626544
45,xgboost_smote,0.015073980204761028,0.2777777777777778,0.7894736842105263,0.410958904109589
45,xgboost_smote,0.015125500038266182,0.2782931354359926,0.7894736842105263,0.41152263374485604
45,xgboost_smote,0.01530272513628006,0.2788104089219331,0.7894736842105263,0.4120879120879122
45,xgboost_smote,0.015332061797380447,0.27932960893854747,0.7894736842105263,0.41265474552957354
45,xgboost_smote,0.015364453196525574,0.2798507462686567,0.7894736842105263,0.4132231404958678
45,xgboost_smote,0.01549084484577179,0.27850467289719627,0.7842105263157895,0.4110344827586207
45,xgboost_smote,0.015523938462138176,0.27902621722846443,0.7842105263157895,0.41160220994475133
45,xgboost_smote,0.015738122165203094,0.2795497185741088,0.7842105263157895,0.41217150760719223
45,xgboost_smote,0.01587929017841816,0.2800751879699248,0.7842105263157895,0.41274238227146814
45,xgboost_smote,0.016087371855974197,0.2806026365348399,0.7842105263157895,0.41331484049930645
45,xgboost_smote,0.016260892152786255,0.2811320754716981,0.7842105263157895,0.41388888888888886
45,xgboost_smote,0.016398679465055466,0.28166351606805295,0.7842105263157895,0.41446453407510436
45,xgboost_smote,0.016633110120892525,0.2821969696969697,0.7842105263157895,0.4150417827298051
45,xgboost_smote,0.01667429506778717,0.2827324478178368,0.7842105263157895,0.41562064156206413
45,xgboost_smote,0.016757197678089142,0.2832699619771863,0.7842105263157895,0.4162011173184357
45,xgboost_smote,0.016787519678473473,0.2838095238095238,0.7842105263157895,0.4167832167832168
45,xgboost_smote,0.01679198257625103,0.28435114503816794,0.7842105263157895,0.4173669467787115
45,xgboost_smote,0.016795290634036064,0.2829827915869981,0.7789473684210526,0.41514726507713884
45,xgboost_smote,0.01680080220103264,0.2835249042145594,0.7789473684210526,0.4157303370786517
45,xgboost_smote,0.017108434811234474,0.2840690978886756,0.7789473684210526,0.4163150492264416
45,xgboost_smote,0.01713956706225872,0.2846153846153846,0.7789473684210526,0.41690140845070417
45,xgboost_smote,0.017292184755206108,0.28516377649325625,0.7789473684210526,0.41748942172073344
45,xgboost_smote,0.017462240532040596,0.2857142857142857,0.7789473684210526,0.41807909604519766
45,xgboost_smote,0.017725825309753418,0.2862669245647969,0.7789473684210526,0.4186704384724187
45,xgboost_smote,0.018081188201904297,0.28488372093023256,0.7736842105263158,0.4164305949008498
45,xgboost_smote,0.018132636323571205,0.2854368932038835,0.7736842105263158,0.41702127659574467
45,xgboost_smote,0.018138447776436806,0.28599221789883267,0.7736842105263158,0.4176136363636364
45,xgboost_smote,0.01819465681910515,0.28654970760233917,0.7736842105263158,0.41820768136557607
45,xgboost_smote,0.01825106516480446,0.287109375,0.7736842105263158,0.4188034188034188
45,xgboost_smote,0.01856032758951187,0.2876712328767123,0.7736842105263158,0.41940085592011406
45,xgboost_smote,0.018564779311418533,0.28823529411764703,0.7736842105263158,0.42
45,xgboost_smote,0.018841370940208435,0.2888015717092338,0.7736842105263158,0.4206008583690987
45,xgboost_smote,0.01894943229854107,0.28937007874015747,0.7736842105263158,0.42120343839541546
45,xgboost_smote,0.01904190704226494,0.28994082840236685,0.7736842105263158,0.4218077474892396
45,xgboost_smote,0.01909947581589222,0.2885375494071146,0.7684210526315789,0.41954022988505746
45,xgboost_smote,0.0191048514097929,0.2891089108910891,0.7684210526315789,0.4201438848920863
45,xgboost_smote,0.019134530797600746,0.2896825396825397,0.7684210526315789,0.4207492795389049
45,xgboost_smote,0.019164472818374634,0.29025844930417494,0.7684210526315789,0.4213564213564213
45,xgboost_smote,0.019378412514925003,0.2908366533864542,0.7684210526315789,0.42196531791907516
45,xgboost_smote,0.019672559574246407,0.29141716566866266,0.7684210526315789,0.42257597684515197
45,xgboost_smote,0.019815681502223015,0.292,0.7684210526315789,0.4231884057971014
45,xgboost_smote,0.020101847127079964,0.2925851703406814,0.7684210526315789,0.42380261248185774
45,xgboost_smote,0.02011231705546379,0.2931726907630522,0.7684210526315789,0.4244186046511628
45,xgboost_smote,0.020163672044873238,0.2937625754527163,0.7684210526315789,0.42503639010189226
45,xgboost_smote,0.020269567146897316,0.29435483870967744,0.7684210526315789,0.42565597667638483
45,xgboost_smote,0.02035103552043438,0.29494949494949496,0.7684210526315789,0.4262773722627738
45,xgboost_smote,0.0203554704785347,0.29554655870445345,0.7684210526315789,0.42690058479532167
45,xgboost_smote,0.020410003140568733,0.2961460446247465,0.7684210526315789,0.42752562225475843
45,xgboost_smote,0.020425332710146904,0.2967479674796748,0.7684210526315789,0.4281524926686217
45,xgboost_smote,0.02049730345606804,0.2973523421588595,0.7684210526315789,0.4287812041116006
45,xgboost_smote,0.020549818873405457,0.2979591836734694,0.7684210526315789,0.4294117647058824
45,xgboost_smote,0.02060592733323574,0.2985685071574642,0.7684210526315789,0.4300441826215022
45,xgboost_smote,0.020796429365873337,0.29713114754098363,0.7631578947368421,0.42772861356932157
45,xgboost_smote,0.020871125161647797,0.29774127310061604,0.7631578947368421,0.4283604135893649
45,xgboost_smote,0.020927447825670242,0.29835390946502055,0.7631578947368421,0.42899408284023666
45,xgboost_smote,0.02122482843697071,0.29896907216494845,0.7631578947368421,0.4296296296296297
45,xgboost_smote,0.021227514371275902,0.29958677685950413,0.7631578947368421,0.4302670623145401
45,xgboost_smote,0.021242866292595863,0.3002070393374741,0.7631578947368421,0.43090638930163444
45,xgboost_smote,0.02158305235207081,0.3008298755186722,0.7631578947368421,0.43154761904761907
45,xgboost_smote,0.02174210548400879,0.2993762993762994,0.7578947368421053,0.4292101341281669
45,xgboost_smote,0.021909931674599648,0.29791666666666666,0.7526315789473684,0.426865671641791
45,xgboost_smote,0.022142421454191208,0.2985386221294363,0.7526315789473684,0.4275037369207773
45,xgboost_smote,0.02226238325238228,0.29916317991631797,0.7526315789473684,0.42814371257485023
45,xgboost_smote,0.02252897433936596,0.29979035639413,0.7526315789473684,0.42878560719640185
45,xgboost_smote,0.022734107449650764,0.3004201680672269,0.7526315789473684,0.4294294294294294
45,xgboost_smote,0.02277493290603161,0.30105263157894735,0.7526315789473684,0.4300751879699248
45,xgboost_smote,0.023101065307855606,0.30168776371308015,0.7526315789473684,0.4307228915662651
45,xgboost_smote,0.023346561938524246,0.3023255813953488,0.7526315789473684,0.4313725490196078
45,xgboost_smote,0.023595169186592102,0.3029661016949153,0.7526315789473684,0.43202416918429
45,xgboost_smote,0.023738939315080643,0.3036093418259023,0.7526315789473684,0.4326777609682299
45,xgboost_smote,0.02428419701755047,0.30425531914893617,0.7526315789473684,0.4333333333333333
45,xgboost_smote,0.02431824617087841,0.3049040511727079,0.7526315789473684,0.43399089529590296
45,xgboost_smote,0.024364562705159187,0.3034188034188034,0.7473684210526316,0.4316109422492401
45,xgboost_smote,0.02447367087006569,0.30406852248394006,0.7473684210526316,0.4322678843226789
45,xgboost_smote,0.024789059534668922,0.30472103004291845,0.7473684210526316,0.4329268292682927
45,xgboost_smote,0.025156402960419655,0.3053763440860215,0.7473684210526316,0.43358778625954203
45,xgboost_smote,0.025295333936810493,0.30603448275862066,0.7473684210526316,0.43425076452599387
45,xgboost_smote,0.02543061040341854,0.30669546436285094,0.7473684210526316,0.4349157733537519
45,xgboost_smote,0.02576514333486557,0.30735930735930733,0.7473684210526316,0.4355828220858895
45,xgboost_smote,0.025876233354210854,0.3080260303687636,0.7473684210526316,0.43625192012288794
45,xgboost_smote,0.02594062313437462,0.30869565217391304,0.7473684210526316,0.43692307692307697
45,xgboost_smote,0.02605523355305195,0.3093681917211329,0.7473684210526316,0.43759630200308164
45,xgboost_smote,0.026133248582482338,0.31004366812227074,0.7473684210526316,0.4382716049382716
45,xgboost_smote,0.026170246303081512,0.31072210065645517,0.7473684210526316,0.43894899536321486
45,xgboost_smote,0.026294976472854614,0.31140350877192985,0.7473684210526316,0.43962848297213625
45,xgboost_smote,0.02633986808359623,0.3098901098901099,0.7421052631578947,0.4372093023255813
45,xgboost_smote,0.026543427258729935,0.31057268722466963,0.7421052631578947,0.437888198757764
45,xgboost_smote,0.026604745537042618,0.31125827814569534,0.7421052631578947,0.43856920684292383
45,xgboost_smote,0.026763860136270523,0.31194690265486724,0.7421052631578947,0.43925233644859807
45,xgboost_smote,0.026768969371914864,0.31042128603104213,0.7368421052631579,0.43681747269890797
45,xgboost_smote,0.02688066102564335,0.3111111111111111,0.7368421052631579,0.4375
45,xgboost_smote,0.026925211772322655,0.311804008908686,0.7368421052631579,0.43818466353677626
45,xgboost_smote,0.027240922674536705,0.3125,0.7368421052631579,0.43887147335423193
45,xgboost_smote,0.027404028922319412,0.3131991051454139,0.7368421052631579,0.4395604395604396
45,xgboost_smote,0.027886318042874336,0.31390134529147984,0.7368421052631579,0.440251572327044
45,xgboost_smote,0.027896961197257042,0.3146067415730337,0.7368421052631579,0.4409448818897637
45,xgboost_smote,0.028112253174185753,0.3153153153153153,0.7368421052631579,0.4416403785488959
45,xgboost_smote,0.028535889461636543,0.3160270880361174,0.7368421052631579,0.4423380726698262
45,xgboost_smote,0.028827697038650513,0.3167420814479638,0.7368421052631579,0.44303797468354433
45,xgboost_smote,0.028908725827932358,0.31746031746031744,0.7368421052631579,0.4437400950871633
45,xgboost_smote,0.028966831043362617,0.3159090909090909,0.7315789473684211,0.44126984126984126
45,xgboost_smote,0.029065662994980812,0.31662870159453305,0.7315789473684211,0.4419713831478538
45,xgboost_smote,0.029116544872522354,0.317351598173516,0.7315789473684211,0.4426751592356688
45,xgboost_smote,0.029119126498699188,0.3180778032036613,0.7315789473684211,0.4433811802232855
45,xgboost_smote,0.029228579252958298,0.31880733944954126,0.7315789473684211,0.4440894568690096
45,xgboost_smote,0.029574384912848473,0.3195402298850575,0.7315789473684211,0.4448000000000001
45,xgboost_smote,0.02959083952009678,0.32027649769585254,0.7315789473684211,0.44551282051282054
45,xgboost_smote,0.030838968232274055,0.3210161662817552,0.7315789473684211,0.4462279293739968
45,xgboost_smote,0.030890608206391335,0.32175925925925924,0.7315789473684211,0.44694533762057875
45,xgboost_smote,0.031093770638108253,0.3225058004640371,0.7315789473684211,0.4476650563607085
45,xgboost_smote,0.03157868608832359,0.32325581395348835,0.7315789473684211,0.44838709677419347
45,xgboost_smote,0.03194376826286316,0.32167832167832167,0.7263157894736842,0.4458804523424879
45,xgboost_smote,0.03198802098631859,0.32242990654205606,0.7263157894736842,0.4466019417475728
45,xgboost_smote,0.03224397078156471,0.3231850117096019,0.7263157894736842,0.44732576985413297
45,xgboost_smote,0.03238900750875473,0.323943661971831,0.7263157894736842,0.44805194805194803
45,xgboost_smote,0.03335537388920784,0.3247058823529412,0.7263157894736842,0.44878048780487806
45,xgboost_smote,0.03342636302113533,0.32547169811320753,0.7263157894736842,0.4495114006514658
45,xgboost_smote,0.0334276407957077,0.32387706855791965,0.7210526315789474,0.44698205546492664
45,xgboost_smote,0.033780477941036224,0.3246445497630332,0.7210526315789474,0.44771241830065356
45,xgboost_smote,0.033827848732471466,0.3254156769596199,0.7210526315789474,0.4484451718494271
45,xgboost_smote,0.03417190536856651,0.3261904761904762,0.7210526315789474,0.44918032786885254
45,xgboost_smote,0.03436100110411644,0.3269689737470167,0.7210526315789474,0.44991789819376027
45,xgboost_smote,0.034496016800403595,0.3277511961722488,0.7210526315789474,0.4506578947368421
45,xgboost_smote,0.03453120216727257,0.3261390887290168,0.7157894736842105,0.4481054365733114
45,xgboost_smote,0.03489622846245766,0.3269230769230769,0.7157894736842105,0.4488448844884489
45,xgboost_smote,0.03505893424153328,0.3253012048192771,0.7105263157894737,0.44628099173553715
45,xgboost_smote,0.03564649075269699,0.32608695652173914,0.7105263157894737,0.44701986754966894
45,xgboost_smote,0.03566629812121391,0.3268765133171913,0.7105263157894737,0.44776119402985076
45,xgboost_smote,0.0358385406434536,0.3276699029126214,0.7105263157894737,0.4485049833887043
45,xgboost_smote,0.03624461591243744,0.3260340632603406,0.7052631578947368,0.4459234608985025
45,xgboost_smote,0.03634137287735939,0.32682926829268294,0.7052631578947368,0.44666666666666666
45,xgboost_smote,0.03656598925590515,0.3276283618581907,0.7052631578947368,0.44741235392320533
45,xgboost_smote,0.03661700710654259,0.3284313725490196,0.7052631578947368,0.4481605351170569
45,xgboost_smote,0.037162940949201584,0.32923832923832924,0.7052631578947368,0.44891122278056955
45,xgboost_smote,0.03719218075275421,0.33004926108374383,0.7052631578947368,0.44966442953020136
45,xgboost_smote,0.03733127564191818,0.3308641975308642,0.7052631578947368,0.45042016806722696
45,xgboost_smote,0.037616271525621414,0.3316831683168317,0.7052631578947368,0.4511784511784512
45,xgboost_smote,0.03775903210043907,0.33002481389578164,0.7,0.44856661045531204
45,xgboost_smote,0.03858138993382454,0.3308457711442786,0.7,0.44932432432432434
45,xgboost_smote,0.03910088539123535,0.3316708229426434,0.7,0.45008460236886627
45,xgboost_smote,0.03919900208711624,0.3325,0.7,0.45084745762711864
45,xgboost_smote,0.039467792958021164,0.3308270676691729,0.6947368421052632,0.4482173174872665
45,xgboost_smote,0.03959506377577782,0.3316582914572864,0.6947368421052632,0.4489795918367347
45,xgboost_smote,0.03985373675823212,0.33249370277078083,0.6947368421052632,0.44974446337308344
45,xgboost_smote,0.04009287431836128,0.3333333333333333,0.6947368421052632,0.45051194539249145
45,xgboost_smote,0.04056837409734726,0.3341772151898734,0.6947368421052632,0.45128205128205134
45,xgboost_smote,0.04106484726071358,0.3350253807106599,0.6947368421052632,0.452054794520548
45,xgboost_smote,0.04122636094689369,0.33587786259541985,0.6947368421052632,0.4528301886792453
45,xgboost_smote,0.041321855038404465,0.336734693877551,0.6947368421052632,0.45360824742268047
45,xgboost_smote,0.041374571621418,0.3350383631713555,0.6894736842105263,0.450946643717728
45,xgboost_smote,0.04145881533622742,0.3333333333333333,0.6842105263157895,0.44827586206896547
45,xgboost_smote,0.04241366684436798,0.3341902313624679,0.6842105263157895,0.44905008635578586
45,xgboost_smote,0.04251471161842346,0.33505154639175255,0.6842105263157895,0.44982698961937717
45,xgboost_smote,0.042567964643239975,0.3359173126614987,0.6842105263157895,0.4506065857885616
45,xgboost_smote,0.042766816914081573,0.33678756476683935,0.6842105263157895,0.4513888888888889
45,xgboost_smote,0.042875610291957855,0.33766233766233766,0.6842105263157895,0.4521739130434783
45,xgboost_smote,0.04362589120864868,0.3385416666666667,0.6842105263157895,0.4529616724738676
45,xgboost_smote,0.04403163120150566,0.3394255874673629,0.6842105263157895,0.45375218150087254
45,xgboost_smote,0.04409269243478775,0.3403141361256545,0.6842105263157895,0.4545454545454546
45,xgboost_smote,0.044224370270967484,0.33858267716535434,0.6789473684210526,0.45183887915936954
45,xgboost_smote,0.04433014243841171,0.3368421052631579,0.6736842105263158,0.4491228070175438
45,xgboost_smote,0.04441404715180397,0.33773087071240104,0.6736842105263158,0.44991212653778556
45,xgboost_smote,0.044708989560604095,0.3386243386243386,0.6736842105263158,0.4507042253521127
45,xgboost_smote,0.044867902994155884,0.3395225464190981,0.6736842105263158,0.4514991181657848
45,xgboost_smote,0.04494605213403702,0.3377659574468085,0.6684210526315789,0.4487632508833922
45,xgboost_smote,0.045677438378334045,0.33866666666666667,0.6684210526315789,0.4495575221238937
45,xgboost_smote,0.046250153332948685,0.339572192513369,0.6684210526315789,0.45035460992907805
45,xgboost_smote,0.04666459187865257,0.34048257372654156,0.6684210526315789,0.4511545293072824
45,xgboost_smote,0.046901967376470566,0.34139784946236557,0.6684210526315789,0.4519572953736654
45,xgboost_smote,0.04704476147890091,0.3423180592991914,0.6684210526315789,0.4527629233511587
45,xgboost_smote,0.04725911468267441,0.34324324324324323,0.6684210526315789,0.45357142857142857
45,xgboost_smote,0.0474405363202095,0.34146341463414637,0.6631578947368421,0.45080500894454384
45,xgboost_smote,0.04814590513706207,0.3423913043478261,0.6631578947368421,0.45161290322580644
45,xgboost_smote,0.04829788580536842,0.34332425068119893,0.6631578947368421,0.45242369838420105
45,xgboost_smote,0.04844101518392563,0.3442622950819672,0.6631578947368421,0.4532374100719424
45,xgboost_smote,0.04929838702082634,0.3452054794520548,0.6631578947368421,0.4540540540540541
45,xgboost_smote,0.04982738569378853,0.34615384615384615,0.6631578947368421,0.45487364620938625
45,xgboost_smote,0.050688233226537704,0.34710743801652894,0.6631578947368421,0.4556962025316455
45,xgboost_smote,0.05071334168314934,0.3453038674033149,0.6578947368421053,0.4528985507246377
45,xgboost_smote,0.05082917585968971,0.3462603878116344,0.6578947368421053,0.4537205081669692
45,xgboost_smote,0.051239434629678726,0.3472222222222222,0.6578947368421053,0.4545454545454545
45,xgboost_smote,0.051290955394506454,0.34818941504178275,0.6578947368421053,0.4553734061930783
45,xgboost_smote,0.051299236714839935,0.34916201117318435,0.6578947368421053,0.4562043795620438
45,xgboost_smote,0.05133707448840141,0.3473389355742297,0.6526315789473685,0.453382084095064
45,xgboost_smote,0.051962900906801224,0.34831460674157305,0.6526315789473685,0.45421245421245426
45,xgboost_smote,0.05264729633927345,0.3492957746478873,0.6526315789473685,0.45504587155963305
45,xgboost_smote,0.053471069782972336,0.3474576271186441,0.6473684210526316,0.45220588235294124
45,xgboost_smote,0.053839076310396194,0.34844192634560905,0.6473684210526316,0.4530386740331491
45,xgboost_smote,0.05514360964298248,0.3494318181818182,0.6473684210526316,0.45387453874538747
45,xgboost_smote,0.055392879992723465,0.3504273504273504,0.6473684210526316,0.45471349353049906
45,xgboost_smote,0.055412955582141876,0.3485714285714286,0.6421052631578947,0.4518518518518519
45,xgboost_smote,0.05833457410335541,0.3495702005730659,0.6421052631578947,0.4526901669758813
45,xgboost_smote,0.05898169055581093,0.34770114942528735,0.6368421052631579,0.44981412639405205
45,xgboost_smote,0.05902886390686035,0.34870317002881845,0.6368421052631579,0.4506517690875233
45,xgboost_smote,0.061009109020233154,0.3468208092485549,0.631578947368421,0.4477611940298507
45,xgboost_smote,0.06117876246571541,0.34782608695652173,0.631578947368421,0.4485981308411215
45,xgboost_smote,0.061793114989995956,0.3488372093023256,0.631578947368421,0.44943820224719105
45,xgboost_smote,0.06224551424384117,0.3498542274052478,0.631578947368421,0.4502814258911819
45,xgboost_smote,0.06288430094718933,0.3508771929824561,0.631578947368421,0.45112781954887216
45,xgboost_smote,0.06361863017082214,0.3519061583577713,0.631578947368421,0.4519774011299435
45,xgboost_smote,0.06375172734260559,0.35294117647058826,0.631578947368421,0.45283018867924524
45,xgboost_smote,0.06450165808200836,0.35398230088495575,0.631578947368421,0.45368620037807184
45,xgboost_smote,0.06458613276481628,0.35502958579881655,0.631578947368421,0.45454545454545453
45,xgboost_smote,0.06490696966648102,0.35311572700296734,0.6263157894736842,0.4516129032258064
45,xgboost_smote,0.06519083678722382,0.35119047619047616,0.6210526315789474,0.4486692015209125
45,xgboost_smote,0.06554337590932846,0.3522388059701492,0.6210526315789474,0.4495238095238095
45,xgboost_smote,0.06617582589387894,0.3532934131736527,0.6210526315789474,0.450381679389313
45,xgboost_smote,0.06664757430553436,0.35435435435435436,0.6210526315789474,0.45124282982791586
45,xgboost_smote,0.06687630712985992,0.35542168674698793,0.6210526315789474,0.4521072796934866
45,xgboost_smote,0.06732186675071716,0.3564954682779456,0.6210526315789474,0.45297504798464483
45,xgboost_smote,0.06868348270654678,0.3575757575757576,0.6210526315789474,0.4538461538461539
45,xgboost_smote,0.0692821517586708,0.3556231003039514,0.6157894736842106,0.45086705202312144
45,xgboost_smote,0.06995752453804016,0.3567073170731707,0.6157894736842106,0.4517374517374517
45,xgboost_smote,0.07006716728210449,0.3577981651376147,0.6157894736842106,0.45261121856866543
45,xgboost_smote,0.07034923881292343,0.3588957055214724,0.6157894736842106,0.45348837209302323
45,xgboost_smote,0.07154881954193115,0.36,0.6157894736842106,0.45436893203883494
45,xgboost_smote,0.07228317111730576,0.3611111111111111,0.6157894736842106,0.45525291828793774
45,xgboost_smote,0.07228967547416687,0.3622291021671827,0.6157894736842106,0.456140350877193
45,xgboost_smote,0.0722939595580101,0.36335403726708076,0.6157894736842106,0.45703125
45,xgboost_smote,0.07310448586940765,0.3644859813084112,0.6157894736842106,0.4579256360078277
45,xgboost_smote,0.07385402172803879,0.365625,0.6157894736842106,0.45882352941176474
45,xgboost_smote,0.07485846430063248,0.3667711598746082,0.6157894736842106,0.4597249508840865
45,xgboost_smote,0.07493073493242264,0.36792452830188677,0.6157894736842106,0.46062992125984253
45,xgboost_smote,0.0766119658946991,0.36908517350157727,0.6157894736842106,0.4615384615384615
45,xgboost_smote,0.07687555253505707,0.370253164556962,0.6157894736842106,0.4624505928853755
45,xgboost_smote,0.07716972380876541,0.37142857142857144,0.6157894736842106,0.4633663366336634
45,xgboost_smote,0.0775117352604866,0.36942675159235666,0.6105263157894737,0.46031746031746024
45,xgboost_smote,0.0775529071688652,0.3706070287539936,0.6105263157894737,0.4612326043737574
45,xgboost_smote,0.0789545401930809,0.3717948717948718,0.6105263157894737,0.4621513944223108
45,xgboost_smote,0.07925876975059509,0.3729903536977492,0.6105263157894737,0.4630738522954092
45,xgboost_smote,0.07961011677980423,0.3741935483870968,0.6105263157894737,0.464
45,xgboost_smote,0.0798533484339714,0.37540453074433655,0.6105263157894737,0.46492985971943884
45,xgboost_smote,0.08008010685443878,0.37662337662337664,0.6105263157894737,0.46586345381526106
45,xgboost_smote,0.0810089036822319,0.3745928338762215,0.6052631578947368,0.46277665995975853
45,xgboost_smote,0.0822492465376854,0.3758169934640523,0.6052631578947368,0.4637096774193548
45,xgboost_smote,0.08338042348623276,0.3770491803278688,0.6052631578947368,0.46464646464646464
45,xgboost_smote,0.08369460701942444,0.3782894736842105,0.6052631578947368,0.46558704453441296
45,xgboost_smote,0.0837102085351944,0.3795379537953795,0.6052631578947368,0.4665314401622718
45,xgboost_smote,0.08403561264276505,0.37748344370860926,0.6,0.46341463414634143
45,xgboost_smote,0.08429685980081558,0.3787375415282392,0.6,0.46435845213849286
45,xgboost_smote,0.08486957848072052,0.38,0.6,0.46530612244897956
45,xgboost_smote,0.08594181388616562,0.3779264214046823,0.5947368421052631,0.46216768916155415
45,xgboost_smote,0.08728935569524765,0.37919463087248323,0.5947368421052631,0.4631147540983606
45,xgboost_smote,0.08751127868890762,0.38047138047138046,0.5947368421052631,0.4640657084188911
45,xgboost_smote,0.0890817642211914,0.38175675675675674,0.5947368421052631,0.46502057613168724
45,xgboost_smote,0.09014078974723816,0.38305084745762713,0.5947368421052631,0.4659793814432989
45,xgboost_smote,0.09032795578241348,0.3843537414965986,0.5947368421052631,0.4669421487603305
45,xgboost_smote,0.09063594788312912,0.3856655290102389,0.5947368421052631,0.46790890269151136
45,xgboost_smote,0.0908665582537651,0.386986301369863,0.5947368421052631,0.46887966804979253
45,xgboost_smote,0.09096833318471909,0.38831615120274915,0.5947368421052631,0.4698544698544698
45,xgboost_smote,0.09429445117712021,0.38620689655172413,0.5894736842105263,0.4666666666666667
45,xgboost_smote,0.09436794370412827,0.38408304498269896,0.5842105263157895,0.46346555323590816
45,xgboost_smote,0.09585290402173996,0.3854166666666667,0.5842105263157895,0.46443514644351463
45,xgboost_smote,0.09926798194646835,0.3867595818815331,0.5842105263157895,0.46540880503144655
45,xgboost_smote,0.10014357417821884,0.3881118881118881,0.5842105263157895,0.46638655462184875
45,xgboost_smote,0.10015451163053513,0.3894736842105263,0.5842105263157895,0.46736842105263154
45,xgboost_smote,0.10183599591255188,0.3908450704225352,0.5842105263157895,0.46835443037974683
45,xgboost_smote,0.1026388481259346,0.392226148409894,0.5842105263157895,0.4693446088794926
45,xgboost_smote,0.10300130397081375,0.39361702127659576,0.5842105263157895,0.47033898305084754
45,xgboost_smote,0.10365056991577148,0.3914590747330961,0.5789473684210527,0.46709129511677283
45,xgboost_smote,0.1038409173488617,0.39285714285714285,0.5789473684210527,0.46808510638297873
45,xgboost_smote,0.10649875551462173,0.3942652329749104,0.5789473684210527,0.4690831556503199
45,xgboost_smote,0.10965434461832047,0.3920863309352518,0.5736842105263158,0.4658119658119658
45,xgboost_smote,0.1100195050239563,0.3935018050541516,0.5736842105263158,0.4668094218415417
45,xgboost_smote,0.11091487109661102,0.39492753623188404,0.5736842105263158,0.4678111587982832
45,xgboost_smote,0.11163631081581116,0.3927272727272727,0.5684210526315789,0.46451612903225803
45,xgboost_smote,0.1141958236694336,0.3905109489051095,0.5631578947368421,0.46120689655172414
45,xgboost_smote,0.11781337112188339,0.39194139194139194,0.5631578947368421,0.46220302375809935
45,xgboost_smote,0.11828860640525818,0.39338235294117646,0.5631578947368421,0.4632034632034632
45,xgboost_smote,0.11902040988206863,0.3948339483394834,0.5631578947368421,0.46420824295010843
45,xgboost_smote,0.11935451626777649,0.3962962962962963,0.5631578947368421,0.4652173913043478
45,xgboost_smote,0.11949869990348816,0.3940520446096654,0.5578947368421052,0.46187363834422657
45,xgboost_smote,0.11958692967891693,0.39552238805970147,0.5578947368421052,0.462882096069869
45,xgboost_smote,0.11961620301008224,0.3970037453183521,0.5578947368421052,0.4638949671772429
45,xgboost_smote,0.12104497849941254,0.39849624060150374,0.5578947368421052,0.46491228070175433
45,xgboost_smote,0.12421366572380066,0.4,0.5578947368421052,0.46593406593406594
45,xgboost_smote,0.12570489943027496,0.4015151515151515,0.5578947368421052,0.46696035242290745
45,xgboost_smote,0.12600035965442657,0.40304182509505704,0.5578947368421052,0.46799116997792495
45,xgboost_smote,0.1278437077999115,0.40458015267175573,0.5578947368421052,0.4690265486725664
45,xgboost_smote,0.12893274426460266,0.4061302681992337,0.5578947368421052,0.4700665188470066
45,xgboost_smote,0.12908554077148438,0.4076923076923077,0.5578947368421052,0.4711111111111111
45,xgboost_smote,0.1297987550497055,0.4092664092664093,0.5578947368421052,0.4721603563474387
45,xgboost_smote,0.13163617253303528,0.4108527131782946,0.5578947368421052,0.4732142857142857
45,xgboost_smote,0.13356444239616394,0.41245136186770426,0.5578947368421052,0.4742729306487696
45,xgboost_smote,0.1338929980993271,0.4140625,0.5578947368421052,0.47533632286995514
45,xgboost_smote,0.1344698667526245,0.41568627450980394,0.5578947368421052,0.4764044943820225
45,xgboost_smote,0.13800299167633057,0.41732283464566927,0.5578947368421052,0.4774774774774775
45,xgboost_smote,0.13930921256542206,0.4150197628458498,0.5526315789473685,0.4740406320541761
45,xgboost_smote,0.14017842710018158,0.4166666666666667,0.5526315789473685,0.47511312217194573
45,xgboost_smote,0.1402365118265152,0.41832669322709165,0.5526315789473685,0.4761904761904763
45,xgboost_smote,0.14367081224918365,0.42,0.5526315789473685,0.4772727272727273
45,xgboost_smote,0.1443272978067398,0.41767068273092367,0.5473684210526316,0.47380410022779046
45,xgboost_smote,0.14508524537086487,0.41935483870967744,0.5473684210526316,0.4748858447488585
45,xgboost_smote,0.14515537023544312,0.41700404858299595,0.5421052631578948,0.471395881006865
45,xgboost_smote,0.146688774228096,0.4146341463414634,0.5368421052631579,0.4678899082568807
45,xgboost_smote,0.1469731479883194,0.4122448979591837,0.531578947368421,0.46436781609195404
45,xgboost_smote,0.14905370771884918,0.4139344262295082,0.531578947368421,0.46543778801843316
45,xgboost_smote,0.15011289715766907,0.4156378600823045,0.531578947368421,0.46651270207852197
45,xgboost_smote,0.1525464504957199,0.41735537190082644,0.531578947368421,0.4675925925925926
45,xgboost_smote,0.15264052152633667,0.4149377593360996,0.5263157894736842,0.4640371229698376
45,xgboost_smote,0.15333519876003265,0.4166666666666667,0.5263157894736842,0.46511627906976744
45,xgboost_smote,0.15429526567459106,0.41841004184100417,0.5263157894736842,0.4662004662004662
45,xgboost_smote,0.15537004172801971,0.42016806722689076,0.5263157894736842,0.4672897196261683
45,xgboost_smote,0.15683214366436005,0.4177215189873418,0.5210526315789473,0.46370023419203743
45,xgboost_smote,0.15709632635116577,0.4194915254237288,0.5210526315789473,0.4647887323943662
45,xgboost_smote,0.1571168750524521,0.42127659574468085,0.5210526315789473,0.46588235294117647
45,xgboost_smote,0.1589338481426239,0.4188034188034188,0.5157894736842106,0.46226415094339623
45,xgboost_smote,0.15904225409030914,0.4206008583690987,0.5157894736842106,0.4633569739952718
45,xgboost_smote,0.16006596386432648,0.4224137931034483,0.5157894736842106,0.46445497630331756
45,xgboost_smote,0.16182059049606323,0.42424242424242425,0.5157894736842106,0.4655581947743468
45,xgboost_smote,0.16204433143138885,0.4260869565217391,0.5157894736842106,0.4666666666666667
45,xgboost_smote,0.16272088885307312,0.4279475982532751,0.5157894736842106,0.4677804295942721
45,xgboost_smote,0.16756512224674225,0.4298245614035088,0.5157894736842106,0.4688995215311005
45,xgboost_smote,0.167920783162117,0.43171806167400884,0.5157894736842106,0.47002398081534774
45,xgboost_smote,0.1748533546924591,0.42920353982300885,0.5105263157894737,0.46634615384615385
45,xgboost_smote,0.17509959638118744,0.4266666666666667,0.5052631578947369,0.4626506024096385
45,xgboost_smote,0.17634716629981995,0.42857142857142855,0.5052631578947369,0.46376811594202894
45,xgboost_smote,0.18110209703445435,0.4304932735426009,0.5052631578947369,0.4648910411622276
45,xgboost_smote,0.18348953127861023,0.43243243243243246,0.5052631578947369,0.4660194174757282
45,xgboost_smote,0.18843922019004822,0.4343891402714932,0.5052631578947369,0.46715328467153283
45,xgboost_smote,0.19025467336177826,0.43636363636363634,0.5052631578947369,0.4682926829268293
45,xgboost_smote,0.19112345576286316,0.4337899543378995,0.5,0.46454767726161367
45,xgboost_smote,0.20033325254917145,0.43577981651376146,0.5,0.46568627450980393
45,xgboost_smote,0.20113490521907806,0.4377880184331797,0.5,0.4668304668304668
45,xgboost_smote,0.2052682340145111,0.4398148148148148,0.5,0.46798029556650245
45,xgboost_smote,0.20610782504081726,0.4418604651162791,0.5,0.46913580246913583
45,xgboost_smote,0.207765594124794,0.4439252336448598,0.5,0.47029702970297027
45,xgboost_smote,0.20892104506492615,0.4460093896713615,0.5,0.47146401985111663
45,xgboost_smote,0.21586622297763824,0.4481132075471698,0.5,0.47263681592039797
45,xgboost_smote,0.21772029995918274,0.44549763033175355,0.49473684210526314,0.4688279301745636
45,xgboost_smote,0.21925553679466248,0.44761904761904764,0.49473684210526314,0.47000000000000003
45,xgboost_smote,0.21944361925125122,0.44976076555023925,0.49473684210526314,0.47117794486215536
45,xgboost_smote,0.2204691618680954,0.4519230769230769,0.49473684210526314,0.4723618090452262
45,xgboost_smote,0.22119322419166565,0.4492753623188406,0.48947368421052634,0.46851385390428213
45,xgboost_smote,0.22202083468437195,0.45145631067961167,0.48947368421052634,0.4696969696969697
45,xgboost_smote,0.22307108342647552,0.45365853658536587,0.48947368421052634,0.4708860759493671
45,xgboost_smote,0.2263636589050293,0.45588235294117646,0.48947368421052634,0.4720812182741117
45,xgboost_smote,0.2265479415655136,0.458128078817734,0.48947368421052634,0.47328244274809167
45,xgboost_smote,0.22685043513774872,0.45544554455445546,0.4842105263157895,0.46938775510204084
45,xgboost_smote,0.22711168229579926,0.4577114427860697,0.4842105263157895,0.47058823529411764
45,xgboost_smote,0.2295488715171814,0.46,0.4842105263157895,0.47179487179487184
45,xgboost_smote,0.23475734889507294,0.4623115577889447,0.4842105263157895,0.4730077120822622
45,xgboost_smote,0.24037663638591766,0.4595959595959596,0.4789473684210526,0.4690721649484536
45,xgboost_smote,0.24583764374256134,0.4619289340101523,0.4789473684210526,0.4702842377260982
45,xgboost_smote,0.25343573093414307,0.4642857142857143,0.4789473684210526,0.4715025906735751
45,xgboost_smote,0.25822046399116516,0.4666666666666667,0.4789473684210526,0.4727272727272727
45,xgboost_smote,0.25823166966438293,0.4690721649484536,0.4789473684210526,0.4739583333333333
45,xgboost_smote,0.2585059106349945,0.47150259067357514,0.4789473684210526,0.4751958224543081
45,xgboost_smote,0.26071110367774963,0.4739583333333333,0.4789473684210526,0.4764397905759162
45,xgboost_smote,0.2667770981788635,0.47643979057591623,0.4789473684210526,0.4776902887139107
45,xgboost_smote,0.2685418128967285,0.47368421052631576,0.47368421052631576,0.47368421052631576
45,xgboost_smote,0.2685607075691223,0.47619047619047616,0.47368421052631576,0.47493403693931396
45,xgboost_smote,0.27113091945648193,0.4787234042553192,0.47368421052631576,0.47619047619047616
45,xgboost_smote,0.27156805992126465,0.48128342245989303,0.47368421052631576,0.47745358090185674
45,xgboost_smote,0.27182528376579285,0.4838709677419355,0.47368421052631576,0.4787234042553192
45,xgboost_smote,0.27351486682891846,0.4864864864864865,0.47368421052631576,0.4799999999999999
45,xgboost_smote,0.27567198872566223,0.4891304347826087,0.47368421052631576,0.4812834224598931
45,xgboost_smote,0.27661052346229553,0.4918032786885246,0.47368421052631576,0.4825737265415549
45,xgboost_smote,0.283019095659256,0.4945054945054945,0.47368421052631576,0.4838709677419355
45,xgboost_smote,0.28362634778022766,0.49171270718232046,0.46842105263157896,0.4797843665768194
45,xgboost_smote,0.2867228090763092,0.49444444444444446,0.46842105263157896,0.48108108108108105
45,xgboost_smote,0.28897401690483093,0.4972067039106145,0.46842105263157896,0.4823848238482385
45,xgboost_smote,0.2935054898262024,0.5,0.46842105263157896,0.483695652173913
45,xgboost_smote,0.29958590865135193,0.5028248587570622,0.46842105263157896,0.4850136239782017
45,xgboost_smote,0.30012375116348267,0.5056818181818182,0.46842105263157896,0.48633879781420764
45,xgboost_smote,0.3003900647163391,0.5028571428571429,0.4631578947368421,0.4821917808219178
45,xgboost_smote,0.3035636246204376,0.5,0.45789473684210524,0.478021978021978
45,xgboost_smote,0.3066129684448242,0.5028901734104047,0.45789473684210524,0.47933884297520657
45,xgboost_smote,0.3162652552127838,0.5,0.45263157894736844,0.47513812154696133
45,xgboost_smote,0.3201535940170288,0.5029239766081871,0.45263157894736844,0.4764542936288089
45,xgboost_smote,0.326371431350708,0.5058823529411764,0.45263157894736844,0.47777777777777775
45,xgboost_smote,0.3299481272697449,0.5029585798816568,0.4473684210526316,0.4735376044568246
45,xgboost_smote,0.335001140832901,0.5059523809523809,0.4473684210526316,0.4748603351955307
45,xgboost_smote,0.33565855026245117,0.5089820359281437,0.4473684210526316,0.4761904761904762
45,xgboost_smote,0.3526245057582855,0.5120481927710844,0.4473684210526316,0.4775280898876405
45,xgboost_smote,0.3544461131095886,0.5151515151515151,0.4473684210526316,0.4788732394366197
45,xgboost_smote,0.3568374812602997,0.5121951219512195,0.4421052631578947,0.47457627118644063
45,xgboost_smote,0.36391788721084595,0.5153374233128835,0.4421052631578947,0.47592067988668557
45,xgboost_smote,0.3669394254684448,0.5123456790123457,0.4368421052631579,0.4715909090909091
45,xgboost_smote,0.3669534921646118,0.515527950310559,0.4368421052631579,0.47293447293447294
45,xgboost_smote,0.3704136312007904,0.51875,0.4368421052631579,0.4742857142857143
45,xgboost_smote,0.37202760577201843,0.5220125786163522,0.4368421052631579,0.4756446991404012
45,xgboost_smote,0.37311509251594543,0.5253164556962026,0.4368421052631579,0.4770114942528736
45,xgboost_smote,0.3731388747692108,0.5286624203821656,0.4368421052631579,0.4783861671469741
45,xgboost_smote,0.37540802359580994,0.532051282051282,0.4368421052631579,0.47976878612716767
45,xgboost_smote,0.3808650076389313,0.535483870967742,0.4368421052631579,0.48115942028985514
45,xgboost_smote,0.3863777816295624,0.5324675324675324,0.43157894736842106,0.4767441860465116
45,xgboost_smote,0.3885844945907593,0.5359477124183006,0.43157894736842106,0.478134110787172
45,xgboost_smote,0.39684417843818665,0.5394736842105263,0.43157894736842106,0.4795321637426901
45,xgboost_smote,0.3981725871562958,0.543046357615894,0.43157894736842106,0.48093841642228735
45,xgboost_smote,0.3997964859008789,0.54,0.4263157894736842,0.4764705882352941
45,xgboost_smote,0.4037335515022278,0.5369127516778524,0.42105263157894735,0.471976401179941
45,xgboost_smote,0.4060274362564087,0.5337837837837838,0.41578947368421054,0.46745562130177515
45,xgboost_smote,0.40691253542900085,0.5374149659863946,0.41578947368421054,0.4688427299703264
45,xgboost_smote,0.42233434319496155,0.541095890410959,0.41578947368421054,0.47023809523809523
45,xgboost_smote,0.42721450328826904,0.5379310344827586,0.4105263157894737,0.4656716417910448
45,xgboost_smote,0.43764492869377136,0.5416666666666666,0.4105263157894737,0.467065868263473
45,xgboost_smote,0.4426986873149872,0.5454545454545454,0.4105263157894737,0.46846846846846846
45,xgboost_smote,0.4466356039047241,0.5492957746478874,0.4105263157894737,0.4698795180722891
45,xgboost_smote,0.45292627811431885,0.5531914893617021,0.4105263157894737,0.4712990936555891
45,xgboost_smote,0.45341312885284424,0.55,0.4052631578947368,0.46666666666666673
45,xgboost_smote,0.45568397641181946,0.5467625899280576,0.4,0.46200607902735563
45,xgboost_smote,0.45731884241104126,0.5507246376811594,0.4,0.4634146341463415
45,xgboost_smote,0.46363112330436707,0.5474452554744526,0.39473684210526316,0.4587155963302752
45,xgboost_smote,0.4643160104751587,0.5441176470588235,0.3894736842105263,0.4539877300613497
45,xgboost_smote,0.4733127951622009,0.5407407407407407,0.38421052631578945,0.4492307692307692
45,xgboost_smote,0.4765317142009735,0.5447761194029851,0.38421052631578945,0.4506172839506173
45,xgboost_smote,0.47846072912216187,0.5413533834586466,0.37894736842105264,0.4458204334365325
45,xgboost_smote,0.47927361726760864,0.5378787878787878,0.3736842105263158,0.4409937888198757
45,xgboost_smote,0.48313942551612854,0.5343511450381679,0.3684210526315789,0.4361370716510903
45,xgboost_smote,0.48508667945861816,0.5307692307692308,0.3631578947368421,0.43125
45,xgboost_smote,0.48693960905075073,0.5348837209302325,0.3631578947368421,0.43260188087774293
45,xgboost_smote,0.48811104893684387,0.5390625,0.3631578947368421,0.43396226415094347
45,xgboost_smote,0.4940420091152191,0.5433070866141733,0.3631578947368421,0.4353312302839117
45,xgboost_smote,0.49547892808914185,0.5476190476190477,0.3631578947368421,0.43670886075949367
45,xgboost_smote,0.5053979158401489,0.552,0.3631578947368421,0.43809523809523815
45,xgboost_smote,0.5140280723571777,0.5483870967741935,0.35789473684210527,0.43312101910828027
45,xgboost_smote,0.5148120522499084,0.5447154471544715,0.3526315789473684,0.42811501597444085
45,xgboost_smote,0.5174882411956787,0.5491803278688525,0.3526315789473684,0.42948717948717946
45,xgboost_smote,0.5241968035697937,0.5537190082644629,0.3526315789473684,0.4308681672025723
45,xgboost_smote,0.5316351056098938,0.5583333333333333,0.3526315789473684,0.432258064516129
45,xgboost_smote,0.5330676436424255,0.5630252100840336,0.3526315789473684,0.4336569579288026
45,xgboost_smote,0.5352802872657776,0.5677966101694916,0.3526315789473684,0.43506493506493504
45,xgboost_smote,0.5422913432121277,0.5641025641025641,0.3473684210526316,0.42996742671009774
45,xgboost_smote,0.5527600646018982,0.5689655172413793,0.3473684210526316,0.43137254901960786
45,xgboost_smote,0.5605642795562744,0.5739130434782609,0.3473684210526316,0.43278688524590164
45,xgboost_smote,0.5687865018844604,0.5789473684210527,0.3473684210526316,0.4342105263157895
45,xgboost_smote,0.5691713690757751,0.584070796460177,0.3473684210526316,0.4356435643564357
45,xgboost_smote,0.5696079730987549,0.5892857142857143,0.3473684210526316,0.4370860927152318
45,xgboost_smote,0.5791528820991516,0.5945945945945946,0.3473684210526316,0.43853820598006643
45,xgboost_smote,0.5837306976318359,0.6,0.3473684210526316,0.44
45,xgboost_smote,0.585069477558136,0.6055045871559633,0.3473684210526316,0.4414715719063545
45,xgboost_smote,0.5998790860176086,0.6111111111111112,0.3473684210526316,0.4429530201342282
45,xgboost_smote,0.6129211187362671,0.616822429906542,0.3473684210526316,0.4444444444444444
45,xgboost_smote,0.6255813241004944,0.6132075471698113,0.34210526315789475,0.43918918918918926
45,xgboost_smote,0.6260386109352112,0.6190476190476191,0.34210526315789475,0.44067796610169496
45,xgboost_smote,0.6301072835922241,0.6153846153846154,0.3368421052631579,0.435374149659864
45,xgboost_smote,0.6369138956069946,0.6116504854368932,0.33157894736842103,0.4300341296928328
45,xgboost_smote,0.6419711112976074,0.6078431372549019,0.3263157894736842,0.4246575342465754
45,xgboost_smote,0.6490442156791687,0.6039603960396039,0.32105263157894737,0.41924398625429554
45,xgboost_smote,0.6600182056427002,0.6,0.3157894736842105,0.41379310344827586
45,xgboost_smote,0.6738296747207642,0.5959595959595959,0.3105263157894737,0.40830449826989623
45,xgboost_smote,0.6867226362228394,0.5918367346938775,0.30526315789473685,0.4027777777777778
45,xgboost_smote,0.7014302611351013,0.5876288659793815,0.3,0.39721254355400704
45,xgboost_smote,0.7035569548606873,0.5833333333333334,0.29473684210526313,0.39160839160839167
45,xgboost_smote,0.7075048685073853,0.5789473684210527,0.2894736842105263,0.3859649122807018
45,xgboost_smote,0.7106398940086365,0.5851063829787234,0.2894736842105263,0.38732394366197187
45,xgboost_smote,0.7116792798042297,0.5913978494623656,0.2894736842105263,0.38869257950530034
45,xgboost_smote,0.7195273637771606,0.5869565217391305,0.28421052631578947,0.3829787234042553
45,xgboost_smote,0.7356916069984436,0.5824175824175825,0.2789473684210526,0.37722419928825623
45,xgboost_smote,0.738357424736023,0.5777777777777777,0.2736842105263158,0.37142857142857144
45,xgboost_smote,0.7528514266014099,0.5842696629213483,0.2736842105263158,0.37275985663082434
45,xgboost_smote,0.7595196962356567,0.5795454545454546,0.26842105263157895,0.36690647482014394
45,xgboost_smote,0.7611631751060486,0.5862068965517241,0.26842105263157895,0.3682310469314079
45,xgboost_smote,0.7630627155303955,0.5813953488372093,0.2631578947368421,0.3623188405797101
45,xgboost_smote,0.7687712907791138,0.5882352941176471,0.2631578947368421,0.3636363636363636
45,xgboost_smote,0.7691125869750977,0.5952380952380952,0.2631578947368421,0.364963503649635
45,xgboost_smote,0.7920646667480469,0.6024096385542169,0.2631578947368421,0.3663003663003663
45,xgboost_smote,0.7933762073516846,0.6097560975609756,0.2631578947368421,0.3676470588235293
45,xgboost_smote,0.7938475608825684,0.6172839506172839,0.2631578947368421,0.36900369003690037
45,xgboost_smote,0.7939290404319763,0.6125,0.2578947368421053,0.362962962962963
45,xgboost_smote,0.8004181385040283,0.620253164556962,0.2578947368421053,0.3643122676579926
45,xgboost_smote,0.8175669312477112,0.6282051282051282,0.2578947368421053,0.36567164179104483
45,xgboost_smote,0.8187527060508728,0.6363636363636364,0.2578947368421053,0.36704119850187267
45,xgboost_smote,0.821715235710144,0.6447368421052632,0.2578947368421053,0.3684210526315789
45,xgboost_smote,0.8284226059913635,0.6533333333333333,0.2578947368421053,0.369811320754717
45,xgboost_smote,0.8313788771629333,0.6621621621621622,0.2578947368421053,0.3712121212121212
45,xgboost_smote,0.8331483006477356,0.6712328767123288,0.2578947368421053,0.3726235741444867
45,xgboost_smote,0.8366526365280151,0.6805555555555556,0.2578947368421053,0.3740458015267176
45,xgboost_smote,0.838153064250946,0.676056338028169,0.25263157894736843,0.367816091954023
45,xgboost_smote,0.8382012844085693,0.6857142857142857,0.25263157894736843,0.36923076923076925
45,xgboost_smote,0.8403444290161133,0.6811594202898551,0.24736842105263157,0.36293436293436293
45,xgboost_smote,0.8421427011489868,0.6911764705882353,0.24736842105263157,0.3643410852713178
45,xgboost_smote,0.8484244346618652,0.7014925373134329,0.24736842105263157,0.3657587548638132
45,xgboost_smote,0.849999725818634,0.7121212121212122,0.24736842105263157,0.3671875
45,xgboost_smote,0.8508961200714111,0.7076923076923077,0.24210526315789474,0.36078431372549025
45,xgboost_smote,0.8558310866355896,0.71875,0.24210526315789474,0.36220472440944884
45,xgboost_smote,0.8562430739402771,0.7301587301587301,0.24210526315789474,0.36363636363636365
45,xgboost_smote,0.8562968969345093,0.7258064516129032,0.23684210526315788,0.3571428571428571
45,xgboost_smote,0.8570271134376526,0.7213114754098361,0.23157894736842105,0.350597609561753
45,xgboost_smote,0.8666412234306335,0.7333333333333333,0.23157894736842105,0.35200000000000004
45,xgboost_smote,0.869492769241333,0.7288135593220338,0.22631578947368422,0.3453815261044177
45,xgboost_smote,0.8785195350646973,0.7413793103448276,0.22631578947368422,0.34677419354838707
45,xgboost_smote,0.8804537653923035,0.7543859649122807,0.22631578947368422,0.3481781376518219
45,xgboost_smote,0.8814665079116821,0.75,0.22105263157894736,0.3414634146341463
45,xgboost_smote,0.8852527141571045,0.7454545454545455,0.21578947368421053,0.3346938775510204
45,xgboost_smote,0.8919298052787781,0.7407407407407407,0.21052631578947367,0.32786885245901637
45,xgboost_smote,0.892031192779541,0.7358490566037735,0.20526315789473684,0.32098765432098764
45,xgboost_smote,0.8922784924507141,0.7307692307692307,0.2,0.3140495867768595
45,xgboost_smote,0.8970116376876831,0.7450980392156863,0.2,0.3153526970954357
45,xgboost_smote,0.901746928691864,0.76,0.2,0.3166666666666667
45,xgboost_smote,0.9049238562583923,0.7551020408163265,0.19473684210526315,0.3096234309623431
45,xgboost_smote,0.9051082730293274,0.75,0.18947368421052632,0.3025210084033613
45,xgboost_smote,0.9084682464599609,0.7446808510638298,0.18421052631578946,0.2953586497890295
45,xgboost_smote,0.9085155725479126,0.7391304347826086,0.17894736842105263,0.288135593220339
45,xgboost_smote,0.9196568131446838,0.7333333333333333,0.1736842105263158,0.28085106382978725
45,xgboost_smote,0.9217875599861145,0.75,0.1736842105263158,0.2820512820512821
45,xgboost_smote,0.9242748618125916,0.7674418604651163,0.1736842105263158,0.2832618025751073
45,xgboost_smote,0.9246768951416016,0.7619047619047619,0.16842105263157894,0.27586206896551724
45,xgboost_smote,0.9254783391952515,0.7560975609756098,0.1631578947368421,0.2683982683982684
45,xgboost_smote,0.9352931976318359,0.775,0.1631578947368421,0.2695652173913044
45,xgboost_smote,0.9378275871276855,0.7692307692307693,0.15789473684210525,0.26200873362445415
45,xgboost_smote,0.9379300475120544,0.7894736842105263,0.15789473684210525,0.2631578947368421
45,xgboost_smote,0.9426600933074951,0.7837837837837838,0.15263157894736842,0.2555066079295154
45,xgboost_smote,0.9435994029045105,0.7777777777777778,0.14736842105263157,0.247787610619469
45,xgboost_smote,0.9469740986824036,0.7714285714285715,0.14210526315789473,0.24
45,xgboost_smote,0.9501292109489441,0.7647058823529411,0.1368421052631579,0.23214285714285718
45,xgboost_smote,0.9510166645050049,0.7575757575757576,0.13157894736842105,0.22421524663677128
45,xgboost_smote,0.9525572657585144,0.75,0.12631578947368421,0.21621621621621623
45,xgboost_smote,0.954418420791626,0.7741935483870968,0.12631578947368421,0.21719457013574664
45,xgboost_smote,0.9546357989311218,0.8,0.12631578947368421,0.2181818181818182
45,xgboost_smote,0.9571322798728943,0.8275862068965517,0.12631578947368421,0.2191780821917808
45,xgboost_smote,0.9579781889915466,0.8214285714285714,0.12105263157894737,0.2110091743119266
45,xgboost_smote,0.9590665698051453,0.8148148148148148,0.11578947368421053,0.20276497695852536
45,xgboost_smote,0.9633047580718994,0.8076923076923077,0.11052631578947368,0.19444444444444445
45,xgboost_smote,0.9633914828300476,0.8,0.10526315789473684,0.18604651162790697
45,xgboost_smote,0.9663704037666321,0.7916666666666666,0.1,0.17757009345794392
45,xgboost_smote,0.9704465866088867,0.782608695652174,0.09473684210526316,0.16901408450704225
45,xgboost_smote,0.9706947207450867,0.7727272727272727,0.08947368421052632,0.16037735849056606
45,xgboost_smote,0.9710536599159241,0.8095238095238095,0.08947368421052632,0.16113744075829384
45,xgboost_smote,0.9723356366157532,0.85,0.08947368421052632,0.1619047619047619
45,xgboost_smote,0.9770060181617737,0.8421052631578947,0.08421052631578947,0.15311004784688995
45,xgboost_smote,0.9791175127029419,0.8333333333333334,0.07894736842105263,0.14423076923076922
45,xgboost_smote,0.9793333411216736,0.8235294117647058,0.07368421052631578,0.13526570048309178
45,xgboost_smote,0.9836416244506836,0.8125,0.06842105263157895,0.12621359223300974
45,xgboost_smote,0.9873262047767639,0.8,0.06315789473684211,0.11707317073170732
45,xgboost_smote,0.9877854585647583,0.8571428571428571,0.06315789473684211,0.11764705882352942
45,xgboost_smote,0.9882920384407043,0.8461538461538461,0.05789473684210526,0.10837438423645321
45,xgboost_smote,0.9885192513465881,0.8333333333333334,0.05263157894736842,0.099009900990099
45,xgboost_smote,0.9889904260635376,0.8181818181818182,0.04736842105263158,0.08955223880597014
45,xgboost_smote,0.9900133609771729,0.8,0.042105263157894736,0.07999999999999999
45,xgboost_smote,0.9932318925857544,0.8888888888888888,0.042105263157894736,0.08040201005025124
45,xgboost_smote,0.993354082107544,0.875,0.03684210526315789,0.0707070707070707
45,xgboost_smote,0.9946587681770325,1.0,0.03684210526315789,0.07106598984771574
45,xgboost_smote,0.9947856068611145,1.0,0.031578947368421054,0.061224489795918366
45,xgboost_smote,0.9953783750534058,1.0,0.02631578947368421,0.05128205128205127
45,xgboost_smote,0.996609091758728,1.0,0.021052631578947368,0.041237113402061855
45,xgboost_smote,0.9977241158485413,1.0,0.015789473684210527,0.031088082901554404
45,xgboost_smote,0.9993025064468384,1.0,0.010526315789473684,0.020833333333333332
45,xgboost_smote,0.9995678067207336,1.0,0.005263157894736842,0.010471204188481674
